"order_id","customer_id","order_ts","order_status","order_total","sales_channel","attrs","order_date"
"1","1","2026-09-21 14:55:41.437","SHIPPED","25.13","app","{""device"":""mobile"",""promo"":""WELCOME10""}","2026-09-21"
"2","2","2026-09-21 14:18:41.437","DELIVERED","25.26","store","{""device"":""tablet"",""promo"":""SPRING15""}","2026-09-21"
"3","3","2026-09-21 13:41:41.437","CANCELLED","25.39","web","{""device"":""desktop"",""promo"":""LOYALTY5""}","2026-09-21"
"4","4","2026-09-21 13:04:41.437","PLACED","25.52","app","{""device"":""mobile"",""promo"":""NONE""}","2026-09-21"
"5","5","2026-09-21 12:27:41.437","SHIPPED","25.65","store","{""device"":""tablet"",""promo"":""WELCOME10""}","2026-09-21"
"6","6","2026-09-21 11:50:41.437","DELIVERED","25.78","web","{""device"":""desktop"",""promo"":""SPRING15""}","2026-09-21"
"7","7","2026-09-21 11:13:41.437","CANCELLED","25.91","app","{""device"":""mobile"",""promo"":""LOYALTY5""}","2026-09-21"
"8","8","2026-09-21 10:36:41.437","PLACED","26.04","store","{""device"":""tablet"",""promo"":""NONE""}","2026-09-21"
"9","9","2026-09-21 09:59:41.437","SHIPPED","26.17","web","{""device"":""desktop"",""promo"":""WELCOME10""}","2026-09-21"
"10","10","2026-09-21 09:22:41.437","DELIVERED","26.30","app","{""device"":""mobile"",""promo"":""SPRING15""}","2026-09-21"
"11","11","2026-09-21 08:45:41.437","CANCELLED","26.43","store","{""device"":""tablet"",""promo"":""LOYALTY5""}","2026-09-21"
"12","12","2026-09-21 08:08:41.437","PLACED","26.56","web","{""device"":""desktop"",""promo"":""NONE""}","2026-09-21"
"13","13","2026-09-21 07:31:41.437","SHIPPED","26.69","app","{""device"":""mobile"",""promo"":""WELCOME10""}","2026-09-21"
"14","14","2026-09-21 06:54:41.437","DELIVERED","26.82","store","{""device"":""tablet"",""promo"":""SPRING15""}","2026-09-21"
"15","15","2026-09-21 06:17:41.437","CANCELLED","26.95","web","{""device"":""desktop"",""promo"":""LOYALTY5""}","2026-09-21"
"16","16","2026-09-21 05:40:41.437","PLACED","27.08","app","{""device"":""mobile"",""promo"":""NONE""}","2026-09-21"
"17","17","2026-09-21 05:03:41.437","SHIPPED","27.21","store","{""device"":""tablet"",""promo"":""WELCOME10""}","2026-09-21"
"18","18","2026-09-21 04:26:41.437","DELIVERED","27.34","web","{""device"":""desktop"",""promo"":""SPRING15""}","2026-09-21"
"19","19","2026-09-21 03:49:41.437","CANCELLED","27.47","app","{""device"":""mobile"",""promo"":""LOYALTY5""}","2026-09-21"
"20","20","2026-09-21 03:12:41.437","PLACED","27.60","store","{""device"":""tablet"",""promo"":""NONE""}","2026-09-21"
"21","21","2026-09-21 02:35:41.437","SHIPPED","27.73","web","{""device"":""desktop"",""promo"":""WELCOME10""}","2026-09-21"
"22","22","2026-09-21 01:58:41.437","DELIVERED","27.86","app","{""device"":""mobile"",""promo"":""SPRING15""}","2026-09-21"
"23","23","2026-09-21 01:21:41.437","CANCELLED","27.99","store","{""device"":""tablet"",""promo"":""LOYALTY5""}","2026-09-21"
"24","24","2026-09-21 00:44:41.437","PLACED","28.12","web","{""device"":""desktop"",""promo"":""NONE""}","2026-09-21"
"25","25","2026-09-21 00:07:41.437","SHIPPED","28.25","app","{""device"":""mobile"",""promo"":""WELCOME10""}","2026-09-21"
"26","26","2026-09-20 23:30:41.437","DELIVERED","28.38","store","{""device"":""tablet"",""promo"":""SPRING15""}","2026-09-20"
"27","27","2026-09-20 22:53:41.437","CANCELLED","28.51","web","{""device"":""desktop"",""promo"":""LOYALTY5""}","2026-09-20"
"28","28","2026-09-20 22:16:41.437","PLACED","28.64","app","{""device"":""mobile"",""promo"":""NONE""}","2026-09-20"
"29","29","2026-09-20 21:39:41.437","SHIPPED","28.77","store","{""device"":""tablet"",""promo"":""WELCOME10""}","2026-09-20"
"30","30","2026-09-20 21:02:41.437","DELIVERED","28.90","web","{""device"":""desktop"",""promo"":""SPRING15""}","2026-09-20"
"31","31","2026-09-20 20:25:41.437","CANCELLED","29.03","app","{""device"":""mobile"",""promo"":""LOYALTY5""}","2026-09-20"
"32","32","2026-09-20 19:48:41.437","PLACED","29.16","store","{""device"":""tablet"",""promo"":""NONE""}","2026-09-20"
"33","33","2026-09-20 19:11:41.437","SHIPPED","29.29","web","{""device"":""desktop"",""promo"":""WELCOME10""}","2026-09-20"
"34","34","2026-09-20 18:34:41.437","DELIVERED","29.42","app","{""device"":""mobile"",""promo"":""SPRING15""}","2026-09-20"
"35","35","2026-09-20 17:57:41.437","CANCELLED","29.55","store","{""device"":""tablet"",""promo"":""LOYALTY5""}","2026-09-20"
"36","36","2026-09-20 17:20:41.437","PLACED","29.68","web","{""device"":""desktop"",""promo"":""NONE""}","2026-09-20"
"37","37","2026-09-20 16:43:41.437","SHIPPED","29.81","app","{""device"":""mobile"",""promo"":""WELCOME10""}","2026-09-20"
"38","38","2026-09-20 16:06:41.437","DELIVERED","29.94","store","{""device"":""tablet"",""promo"":""SPRING15""}","2026-09-20"
"39","39","2026-09-20 15:29:41.437","CANCELLED","30.07","web","{""device"":""desktop"",""promo"":""LOYALTY5""}","2026-09-20"
"40","40","2026-09-20 14:52:41.437","PLACED","30.20","app","{""device"":""mobile"",""promo"":""NONE""}","2026-09-20"
"41","41","2026-09-20 14:15:41.437","SHIPPED","30.33","store","{""device"":""tablet"",""promo"":""WELCOME10""}","2026-09-20"
"42","42","2026-09-20 13:38:41.437","DELIVERED","30.46","web","{""device"":""desktop"",""promo"":""SPRING15""}","2026-09-20"
"43","43","2026-09-20 13:01:41.437","CANCELLED","30.59","app","{""device"":""mobile"",""promo"":""LOYALTY5""}","2026-09-20"
"44","44","2026-09-20 12:24:41.437","PLACED","30.72","store","{""device"":""tablet"",""promo"":""NONE""}","2026-09-20"
"45","45","2026-09-20 11:47:41.437","SHIPPED","30.85","web","{""device"":""desktop"",""promo"":""WELCOME10""}","2026-09-20"
"46","46","2026-09-20 11:10:41.437","DELIVERED","30.98","app","{""device"":""mobile"",""promo"":""SPRING15""}","2026-09-20"
"47","47","2026-09-20 10:33:41.437","CANCELLED","31.11","store","{""device"":""tablet"",""promo"":""LOYALTY5""}","2026-09-20"
"48","48","2026-09-20 09:56:41.437","PLACED","31.24","web","{""device"":""desktop"",""promo"":""NONE""}","2026-09-20"
"49","49","2026-09-20 09:19:41.437","SHIPPED","31.37","app","{""device"":""mobile"",""promo"":""WELCOME10""}","2026-09-20"
"50","50","2026-09-20 08:42:41.437","DELIVERED","31.50","store","{""device"":""tablet"",""promo"":""SPRING15""}","2026-09-20"
"51","51","2026-09-20 08:05:41.437","CANCELLED","31.63","web","{""device"":""desktop"",""promo"":""LOYALTY5""}","2026-09-20"
"52","52","2026-09-20 07:28:41.437","PLACED","31.76","app","{""device"":""mobile"",""promo"":""NONE""}","2026-09-20"
"53","53","2026-09-20 06:51:41.437","SHIPPED","31.89","store","{""device"":""tablet"",""promo"":""WELCOME10""}","2026-09-20"
"54","54","2026-09-20 06:14:41.437","DELIVERED","32.02","web","{""device"":""desktop"",""promo"":""SPRING15""}","2026-09-20"
"55","55","2026-09-20 05:37:41.437","CANCELLED","32.15","app","{""device"":""mobile"",""promo"":""LOYALTY5""}","2026-09-20"
"56","56","2026-09-20 05:00:41.437","PLACED","32.28","store","{""device"":""tablet"",""promo"":""NONE""}","2026-09-20"
"57","57","2026-09-20 04:23:41.437","SHIPPED","32.41","web","{""device"":""desktop"",""promo"":""WELCOME10""}","2026-09-20"
"58","58","2026-09-20 03:46:41.437","DELIVERED","32.54","app","{""device"":""mobile"",""promo"":""SPRING15""}","2026-09-20"
"59","59","2026-09-20 03:09:41.437","CANCELLED","32.67","store","{""device"":""tablet"",""promo"":""LOYALTY5""}","2026-09-20"
"60","60","2026-09-20 02:32:41.437","PLACED","32.80","web","{""device"":""desktop"",""promo"":""NONE""}","2026-09-20"
"61","61","2026-09-20 01:55:41.437","SHIPPED","32.93","app","{""device"":""mobile"",""promo"":""WELCOME10""}","2026-09-20"
"62","62","2026-09-20 01:18:41.437","DELIVERED","33.06","store","{""device"":""tablet"",""promo"":""SPRING15""}","2026-09-20"
"63","63","2026-09-20 00:41:41.437","CANCELLED","33.19","web","{""device"":""desktop"",""promo"":""LOYALTY5""}","2026-09-20"
"64","64","2026-09-20 00:04:41.437","PLACED","33.32","app","{""device"":""mobile"",""promo"":""NONE""}","2026-09-20"
"65","65","2026-09-19 23:27:41.437","SHIPPED","33.45","store","{""device"":""tablet"",""promo"":""WELCOME10""}","2026-09-19"
"66","66","2026-09-19 22:50:41.437","DELIVERED","33.58","web","{""device"":""desktop"",""promo"":""SPRING15""}","2026-09-19"
"67","67","2026-09-19 22:13:41.437","CANCELLED","33.71","app","{""device"":""mobile"",""promo"":""LOYALTY5""}","2026-09-19"
"68","68","2026-09-19 21:36:41.437","PLACED","33.84","store","{""device"":""tablet"",""promo"":""NONE""}","2026-09-19"
"69","69","2026-09-19 20:59:41.437","SHIPPED","33.97","web","{""device"":""desktop"",""promo"":""WELCOME10""}","2026-09-19"
"70","70","2026-09-19 20:22:41.437","DELIVERED","34.10","app","{""device"":""mobile"",""promo"":""SPRING15""}","2026-09-19"
"71","71","2026-09-19 19:45:41.437","CANCELLED","34.23","store","{""device"":""tablet"",""promo"":""LOYALTY5""}","2026-09-19"
"72","72","2026-09-19 19:08:41.437","PLACED","34.36","web","{""device"":""desktop"",""promo"":""NONE""}","2026-09-19"
"73","73","2026-09-19 18:31:41.437","SHIPPED","34.49","app","{""device"":""mobile"",""promo"":""WELCOME10""}","2026-09-19"
"74","74","2026-09-19 17:54:41.437","DELIVERED","34.62","store","{""device"":""tablet"",""promo"":""SPRING15""}","2026-09-19"
"75","75","2026-09-19 17:17:41.437","CANCELLED","34.75","web","{""device"":""desktop"",""promo"":""LOYALTY5""}","2026-09-19"
"76","76","2026-09-19 16:40:41.437","PLACED","34.88","app","{""device"":""mobile"",""promo"":""NONE""}","2026-09-19"
"77","77","2026-09-19 16:03:41.437","SHIPPED","35.01","store","{""device"":""tablet"",""promo"":""WELCOME10""}","2026-09-19"
"78","78","2026-09-19 15:26:41.437","DELIVERED","35.14","web","{""device"":""desktop"",""promo"":""SPRING15""}","2026-09-19"
"79","79","2026-09-19 14:49:41.437","CANCELLED","35.27","app","{""device"":""mobile"",""promo"":""LOYALTY5""}","2026-09-19"
"80","80","2026-09-19 14:12:41.437","PLACED","35.40","store","{""device"":""tablet"",""promo"":""NONE""}","2026-09-19"
"81","81","2026-09-19 13:35:41.437","SHIPPED","35.53","web","{""device"":""desktop"",""promo"":""WELCOME10""}","2026-09-19"
"82","82","2026-09-19 12:58:41.437","DELIVERED","35.66","app","{""device"":""mobile"",""promo"":""SPRING15""}","2026-09-19"
"83","83","2026-09-19 12:21:41.437","CANCELLED","35.79","store","{""device"":""tablet"",""promo"":""LOYALTY5""}","2026-09-19"
"84","84","2026-09-19 11:44:41.437","PLACED","35.92","web","{""device"":""desktop"",""promo"":""NONE""}","2026-09-19"
"85","85","2026-09-19 11:07:41.437","SHIPPED","36.05","app","{""device"":""mobile"",""promo"":""WELCOME10""}","2026-09-19"
"86","86","2026-09-19 10:30:41.437","DELIVERED","36.18","store","{""device"":""tablet"",""promo"":""SPRING15""}","2026-09-19"
"87","87","2026-09-19 09:53:41.437","CANCELLED","36.31","web","{""device"":""desktop"",""promo"":""LOYALTY5""}","2026-09-19"
"88","88","2026-09-19 09:16:41.437","PLACED","36.44","app","{""device"":""mobile"",""promo"":""NONE""}","2026-09-19"
"89","89","2026-09-19 08:39:41.437","SHIPPED","36.57","store","{""device"":""tablet"",""promo"":""WELCOME10""}","2026-09-19"
"90","90","2026-09-19 08:02:41.437","DELIVERED","36.70","web","{""device"":""desktop"",""promo"":""SPRING15""}","2026-09-19"
"91","91","2026-09-19 07:25:41.437","CANCELLED","36.83","app","{""device"":""mobile"",""promo"":""LOYALTY5""}","2026-09-19"
"92","92","2026-09-19 06:48:41.437","PLACED","36.96","store","{""device"":""tablet"",""promo"":""NONE""}","2026-09-19"
"93","93","2026-09-19 06:11:41.437","SHIPPED","37.09","web","{""device"":""desktop"",""promo"":""WELCOME10""}","2026-09-19"
"94","94","2026-09-19 05:34:41.437","DELIVERED","37.22","app","{""device"":""mobile"",""promo"":""SPRING15""}","2026-09-19"
"95","95","2026-09-19 04:57:41.437","CANCELLED","37.35","store","{""device"":""tablet"",""promo"":""LOYALTY5""}","2026-09-19"
"96","96","2026-09-19 04:20:41.437","PLACED","37.48","web","{""device"":""desktop"",""promo"":""NONE""}","2026-09-19"
"97","97","2026-09-19 03:43:41.437","SHIPPED","37.61","app","{""device"":""mobile"",""promo"":""WELCOME10""}","2026-09-19"
"98","98","2026-09-19 03:06:41.437","DELIVERED","37.74","store","{""device"":""tablet"",""promo"":""SPRING15""}","2026-09-19"
"99","99","2026-09-19 02:29:41.437","CANCELLED","37.87","web","{""device"":""desktop"",""promo"":""LOYALTY5""}","2026-09-19"
"100","100","2026-09-19 01:52:41.437","PLACED","38.00","app","{""device"":""mobile"",""promo"":""NONE""}","2026-09-19"
"101","101","2026-09-19 01:15:41.437","SHIPPED","38.13","store","{""device"":""tablet"",""promo"":""WELCOME10""}","2026-09-19"
"102","102","2026-09-19 00:38:41.437","DELIVERED","38.26","web","{""device"":""desktop"",""promo"":""SPRING15""}","2026-09-19"
"103","103","2026-09-19 00:01:41.437","CANCELLED","38.39","app","{""device"":""mobile"",""promo"":""LOYALTY5""}","2026-09-19"
"104","104","2026-09-18 23:24:41.437","PLACED","38.52","store","{""device"":""tablet"",""promo"":""NONE""}","2026-09-18"
"105","105","2026-09-18 22:47:41.437","SHIPPED","38.65","web","{""device"":""desktop"",""promo"":""WELCOME10""}","2026-09-18"
"106","106","2026-09-18 22:10:41.437","DELIVERED","38.78","app","{""device"":""mobile"",""promo"":""SPRING15""}","2026-09-18"
"107","107","2026-09-18 21:33:41.437","CANCELLED","38.91","store","{""device"":""tablet"",""promo"":""LOYALTY5""}","2026-09-18"
"108","108","2026-09-18 20:56:41.437","PLACED","39.04","web","{""device"":""desktop"",""promo"":""NONE""}","2026-09-18"
"109","109","2026-09-18 20:19:41.437","SHIPPED","39.17","app","{""device"":""mobile"",""promo"":""WELCOME10""}","2026-09-18"
"110","110","2026-09-18 19:42:41.437","DELIVERED","39.30","store","{""device"":""tablet"",""promo"":""SPRING15""}","2026-09-18"
"111","111","2026-09-18 19:05:41.437","CANCELLED","39.43","web","{""device"":""desktop"",""promo"":""LOYALTY5""}","2026-09-18"
"112","112","2026-09-18 18:28:41.437","PLACED","39.56","app","{""device"":""mobile"",""promo"":""NONE""}","2026-09-18"
"113","113","2026-09-18 17:51:41.437","SHIPPED","39.69","store","{""device"":""tablet"",""promo"":""WELCOME10""}","2026-09-18"
"114","114","2026-09-18 17:14:41.437","DELIVERED","39.82","web","{""device"":""desktop"",""promo"":""SPRING15""}","2026-09-18"
"115","115","2026-09-18 16:37:41.437","CANCELLED","39.95","app","{""device"":""mobile"",""promo"":""LOYALTY5""}","2026-09-18"
"116","116","2026-09-18 16:00:41.437","PLACED","40.08","store","{""device"":""tablet"",""promo"":""NONE""}","2026-09-18"
"117","117","2026-09-18 15:23:41.437","SHIPPED","40.21","web","{""device"":""desktop"",""promo"":""WELCOME10""}","2026-09-18"
"118","118","2026-09-18 14:46:41.437","DELIVERED","40.34","app","{""device"":""mobile"",""promo"":""SPRING15""}","2026-09-18"
"119","119","2026-09-18 14:09:41.437","CANCELLED","40.47","store","{""device"":""tablet"",""promo"":""LOYALTY5""}","2026-09-18"
"120","120","2026-09-18 13:32:41.437","PLACED","40.60","web","{""device"":""desktop"",""promo"":""NONE""}","2026-09-18"
"121","121","2026-09-18 12:55:41.437","SHIPPED","40.73","app","{""device"":""mobile"",""promo"":""WELCOME10""}","2026-09-18"
"122","122","2026-09-18 12:18:41.437","DELIVERED","40.86","store","{""device"":""tablet"",""promo"":""SPRING15""}","2026-09-18"
"123","123","2026-09-18 11:41:41.437","CANCELLED","40.99","web","{""device"":""desktop"",""promo"":""LOYALTY5""}","2026-09-18"
"124","124","2026-09-18 11:04:41.437","PLACED","41.12","app","{""device"":""mobile"",""promo"":""NONE""}","2026-09-18"
"125","125","2026-09-18 10:27:41.437","SHIPPED","41.25","store","{""device"":""tablet"",""promo"":""WELCOME10""}","2026-09-18"
"126","126","2026-09-18 09:50:41.437","DELIVERED","41.38","web","{""device"":""desktop"",""promo"":""SPRING15""}","2026-09-18"
"127","127","2026-09-18 09:13:41.437","CANCELLED","41.51","app","{""device"":""mobile"",""promo"":""LOYALTY5""}","2026-09-18"
"128","128","2026-09-18 08:36:41.437","PLACED","41.64","store","{""device"":""tablet"",""promo"":""NONE""}","2026-09-18"
"129","129","2026-09-18 07:59:41.437","SHIPPED","41.77","web","{""device"":""desktop"",""promo"":""WELCOME10""}","2026-09-18"
"130","130","2026-09-18 07:22:41.437","DELIVERED","41.90","app","{""device"":""mobile"",""promo"":""SPRING15""}","2026-09-18"
"131","131","2026-09-18 06:45:41.437","CANCELLED","42.03","store","{""device"":""tablet"",""promo"":""LOYALTY5""}","2026-09-18"
"132","132","2026-09-18 06:08:41.437","PLACED","42.16","web","{""device"":""desktop"",""promo"":""NONE""}","2026-09-18"
"133","133","2026-09-18 05:31:41.437","SHIPPED","42.29","app","{""device"":""mobile"",""promo"":""WELCOME10""}","2026-09-18"
"134","134","2026-09-18 04:54:41.437","DELIVERED","42.42","store","{""device"":""tablet"",""promo"":""SPRING15""}","2026-09-18"
"135","135","2026-09-18 04:17:41.437","CANCELLED","42.55","web","{""device"":""desktop"",""promo"":""LOYALTY5""}","2026-09-18"
"136","136","2026-09-18 03:40:41.437","PLACED","42.68","app","{""device"":""mobile"",""promo"":""NONE""}","2026-09-18"
"137","137","2026-09-18 03:03:41.437","SHIPPED","42.81","store","{""device"":""tablet"",""promo"":""WELCOME10""}","2026-09-18"
"138","138","2026-09-18 02:26:41.437","DELIVERED","42.94","web","{""device"":""desktop"",""promo"":""SPRING15""}","2026-09-18"
"139","139","2026-09-18 01:49:41.437","CANCELLED","43.07","app","{""device"":""mobile"",""promo"":""LOYALTY5""}","2026-09-18"
"140","140","2026-09-18 01:12:41.437","PLACED","43.20","store","{""device"":""tablet"",""promo"":""NONE""}","2026-09-18"
"141","141","2026-09-18 00:35:41.437","SHIPPED","43.33","web","{""device"":""desktop"",""promo"":""WELCOME10""}","2026-09-18"
"142","142","2026-09-17 23:58:41.437","DELIVERED","43.46","app","{""device"":""mobile"",""promo"":""SPRING15""}","2026-09-17"
"143","143","2026-09-17 23:21:41.437","CANCELLED","43.59","store","{""device"":""tablet"",""promo"":""LOYALTY5""}","2026-09-17"
"144","144","2026-09-17 22:44:41.437","PLACED","43.72","web","{""device"":""desktop"",""promo"":""NONE""}","2026-09-17"
"145","145","2026-09-17 22:07:41.437","SHIPPED","43.85","app","{""device"":""mobile"",""promo"":""WELCOME10""}","2026-09-17"
"146","146","2026-09-17 21:30:41.437","DELIVERED","43.98","store","{""device"":""tablet"",""promo"":""SPRING15""}","2026-09-17"
"147","147","2026-09-17 20:53:41.437","CANCELLED","44.11","web","{""device"":""desktop"",""promo"":""LOYALTY5""}","2026-09-17"
"148","148","2026-09-17 20:16:41.437","PLACED","44.24","app","{""device"":""mobile"",""promo"":""NONE""}","2026-09-17"
"149","149","2026-09-17 19:39:41.437","SHIPPED","44.37","store","{""device"":""tablet"",""promo"":""WELCOME10""}","2026-09-17"
"150","150","2026-09-17 19:02:41.437","DELIVERED","44.50","web","{""device"":""desktop"",""promo"":""SPRING15""}","2026-09-17"
"151","151","2026-09-17 18:25:41.437","CANCELLED","44.63","app","{""device"":""mobile"",""promo"":""LOYALTY5""}","2026-09-17"
"152","152","2026-09-17 17:48:41.437","PLACED","44.76","store","{""device"":""tablet"",""promo"":""NONE""}","2026-09-17"
"153","153","2026-09-17 17:11:41.437","SHIPPED","44.89","web","{""device"":""desktop"",""promo"":""WELCOME10""}","2026-09-17"
"154","154","2026-09-17 16:34:41.437","DELIVERED","45.02","app","{""device"":""mobile"",""promo"":""SPRING15""}","2026-09-17"
"155","155","2026-09-17 15:57:41.437","CANCELLED","45.15","store","{""device"":""tablet"",""promo"":""LOYALTY5""}","2026-09-17"
"156","156","2026-09-17 15:20:41.437","PLACED","45.28","web","{""device"":""desktop"",""promo"":""NONE""}","2026-09-17"
"157","157","2026-09-17 14:43:41.437","SHIPPED","45.41","app","{""device"":""mobile"",""promo"":""WELCOME10""}","2026-09-17"
"158","158","2026-09-17 14:06:41.437","DELIVERED","45.54","store","{""device"":""tablet"",""promo"":""SPRING15""}","2026-09-17"
"159","159","2026-09-17 13:29:41.437","CANCELLED","45.67","web","{""device"":""desktop"",""promo"":""LOYALTY5""}","2026-09-17"
"160","160","2026-09-17 12:52:41.437","PLACED","45.80","app","{""device"":""mobile"",""promo"":""NONE""}","2026-09-17"
"161","161","2026-09-17 12:15:41.437","SHIPPED","45.93","store","{""device"":""tablet"",""promo"":""WELCOME10""}","2026-09-17"
"162","162","2026-09-17 11:38:41.437","DELIVERED","46.06","web","{""device"":""desktop"",""promo"":""SPRING15""}","2026-09-17"
"163","163","2026-09-17 11:01:41.437","CANCELLED","46.19","app","{""device"":""mobile"",""promo"":""LOYALTY5""}","2026-09-17"
"164","164","2026-09-17 10:24:41.437","PLACED","46.32","store","{""device"":""tablet"",""promo"":""NONE""}","2026-09-17"
"165","165","2026-09-17 09:47:41.437","SHIPPED","46.45","web","{""device"":""desktop"",""promo"":""WELCOME10""}","2026-09-17"
"166","166","2026-09-17 09:10:41.437","DELIVERED","46.58","app","{""device"":""mobile"",""promo"":""SPRING15""}","2026-09-17"
"167","167","2026-09-17 08:33:41.437","CANCELLED","46.71","store","{""device"":""tablet"",""promo"":""LOYALTY5""}","2026-09-17"
"168","168","2026-09-17 07:56:41.437","PLACED","46.84","web","{""device"":""desktop"",""promo"":""NONE""}","2026-09-17"
"169","169","2026-09-17 07:19:41.437","SHIPPED","46.97","app","{""device"":""mobile"",""promo"":""WELCOME10""}","2026-09-17"
"170","170","2026-09-17 06:42:41.437","DELIVERED","47.10","store","{""device"":""tablet"",""promo"":""SPRING15""}","2026-09-17"
"171","171","2026-09-17 06:05:41.437","CANCELLED","47.23","web","{""device"":""desktop"",""promo"":""LOYALTY5""}","2026-09-17"
"172","172","2026-09-17 05:28:41.437","PLACED","47.36","app","{""device"":""mobile"",""promo"":""NONE""}","2026-09-17"
"173","173","2026-09-17 04:51:41.437","SHIPPED","47.49","store","{""device"":""tablet"",""promo"":""WELCOME10""}","2026-09-17"
"174","174","2026-09-17 04:14:41.437","DELIVERED","47.62","web","{""device"":""desktop"",""promo"":""SPRING15""}","2026-09-17"
"175","175","2026-09-17 03:37:41.437","CANCELLED","47.75","app","{""device"":""mobile"",""promo"":""LOYALTY5""}","2026-09-17"
"176","176","2026-09-17 03:00:41.437","PLACED","47.88","store","{""device"":""tablet"",""promo"":""NONE""}","2026-09-17"
"177","177","2026-09-17 02:23:41.437","SHIPPED","48.01","web","{""device"":""desktop"",""promo"":""WELCOME10""}","2026-09-17"
"178","178","2026-09-17 01:46:41.437","DELIVERED","48.14","app","{""device"":""mobile"",""promo"":""SPRING15""}","2026-09-17"
"179","179","2026-09-17 01:09:41.437","CANCELLED","48.27","store","{""device"":""tablet"",""promo"":""LOYALTY5""}","2026-09-17"
"180","180","2026-09-17 00:32:41.437","PLACED","48.40","web","{""device"":""desktop"",""promo"":""NONE""}","2026-09-17"
"181","181","2026-09-16 23:55:41.437","SHIPPED","48.53","app","{""device"":""mobile"",""promo"":""WELCOME10""}","2026-09-16"
"182","182","2026-09-16 23:18:41.437","DELIVERED","48.66","store","{""device"":""tablet"",""promo"":""SPRING15""}","2026-09-16"
"183","183","2026-09-16 22:41:41.437","CANCELLED","48.79","web","{""device"":""desktop"",""promo"":""LOYALTY5""}","2026-09-16"
"184","184","2026-09-16 22:04:41.437","PLACED","48.92","app","{""device"":""mobile"",""promo"":""NONE""}","2026-09-16"
"185","185","2026-09-16 21:27:41.437","SHIPPED","49.05","store","{""device"":""tablet"",""promo"":""WELCOME10""}","2026-09-16"
"186","186","2026-09-16 20:50:41.437","DELIVERED","49.18","web","{""device"":""desktop"",""promo"":""SPRING15""}","2026-09-16"
"187","187","2026-09-16 20:13:41.437","CANCELLED","49.31","app","{""device"":""mobile"",""promo"":""LOYALTY5""}","2026-09-16"
"188","188","2026-09-16 19:36:41.437","PLACED","49.44","store","{""device"":""tablet"",""promo"":""NONE""}","2026-09-16"
"189","189","2026-09-16 18:59:41.437","SHIPPED","49.57","web","{""device"":""desktop"",""promo"":""WELCOME10""}","2026-09-16"
"190","190","2026-09-16 18:22:41.437","DELIVERED","49.70","app","{""device"":""mobile"",""promo"":""SPRING15""}","2026-09-16"
"191","191","2026-09-16 17:45:41.437","CANCELLED","49.83","store","{""device"":""tablet"",""promo"":""LOYALTY5""}","2026-09-16"
"192","192","2026-09-16 17:08:41.437","PLACED","49.96","web","{""device"":""desktop"",""promo"":""NONE""}","2026-09-16"
"193","193","2026-09-16 16:31:41.437","SHIPPED","50.09","app","{""device"":""mobile"",""promo"":""WELCOME10""}","2026-09-16"
"194","194","2026-09-16 15:54:41.437","DELIVERED","50.22","store","{""device"":""tablet"",""promo"":""SPRING15""}","2026-09-16"
"195","195","2026-09-16 15:17:41.437","CANCELLED","50.35","web","{""device"":""desktop"",""promo"":""LOYALTY5""}","2026-09-16"
"196","196","2026-09-16 14:40:41.437","PLACED","50.48","app","{""device"":""mobile"",""promo"":""NONE""}","2026-09-16"
"197","197","2026-09-16 14:03:41.437","SHIPPED","50.61","store","{""device"":""tablet"",""promo"":""WELCOME10""}","2026-09-16"
"198","198","2026-09-16 13:26:41.437","DELIVERED","50.74","web","{""device"":""desktop"",""promo"":""SPRING15""}","2026-09-16"
"199","199","2026-09-16 12:49:41.437","CANCELLED","50.87","app","{""device"":""mobile"",""promo"":""LOYALTY5""}","2026-09-16"
"200","200","2026-09-16 12:12:41.437","PLACED","51.00","store","{""device"":""tablet"",""promo"":""NONE""}","2026-09-16"
"201","1","2026-09-16 11:35:41.437","SHIPPED","51.13","web","{""device"":""desktop"",""promo"":""WELCOME10""}","2026-09-16"
"202","2","2026-09-16 10:58:41.437","DELIVERED","51.26","app","{""device"":""mobile"",""promo"":""SPRING15""}","2026-09-16"
"203","3","2026-09-16 10:21:41.437","CANCELLED","51.39","store","{""device"":""tablet"",""promo"":""LOYALTY5""}","2026-09-16"
"204","4","2026-09-16 09:44:41.437","PLACED","51.52","web","{""device"":""desktop"",""promo"":""NONE""}","2026-09-16"
"205","5","2026-09-16 09:07:41.437","SHIPPED","51.65","app","{""device"":""mobile"",""promo"":""WELCOME10""}","2026-09-16"
"206","6","2026-09-16 08:30:41.437","DELIVERED","51.78","store","{""device"":""tablet"",""promo"":""SPRING15""}","2026-09-16"
"207","7","2026-09-16 07:53:41.437","CANCELLED","51.91","web","{""device"":""desktop"",""promo"":""LOYALTY5""}","2026-09-16"
"208","8","2026-09-16 07:16:41.437","PLACED","52.04","app","{""device"":""mobile"",""promo"":""NONE""}","2026-09-16"
"209","9","2026-09-16 06:39:41.437","SHIPPED","52.17","store","{""device"":""tablet"",""promo"":""WELCOME10""}","2026-09-16"
"210","10","2026-09-16 06:02:41.437","DELIVERED","52.30","web","{""device"":""desktop"",""promo"":""SPRING15""}","2026-09-16"
"211","11","2026-09-16 05:25:41.437","CANCELLED","52.43","app","{""device"":""mobile"",""promo"":""LOYALTY5""}","2026-09-16"
"212","12","2026-09-16 04:48:41.437","PLACED","52.56","store","{""device"":""tablet"",""promo"":""NONE""}","2026-09-16"
"213","13","2026-09-16 04:11:41.437","SHIPPED","52.69","web","{""device"":""desktop"",""promo"":""WELCOME10""}","2026-09-16"
"214","14","2026-09-16 03:34:41.437","DELIVERED","52.82","app","{""device"":""mobile"",""promo"":""SPRING15""}","2026-09-16"
"215","15","2026-09-16 02:57:41.437","CANCELLED","52.95","store","{""device"":""tablet"",""promo"":""LOYALTY5""}","2026-09-16"
"216","16","2026-09-16 02:20:41.437","PLACED","53.08","web","{""device"":""desktop"",""promo"":""NONE""}","2026-09-16"
"217","17","2026-09-16 01:43:41.437","SHIPPED","53.21","app","{""device"":""mobile"",""promo"":""WELCOME10""}","2026-09-16"
"218","18","2026-09-16 01:06:41.437","DELIVERED","53.34","store","{""device"":""tablet"",""promo"":""SPRING15""}","2026-09-16"
"219","19","2026-09-16 00:29:41.437","CANCELLED","53.47","web","{""device"":""desktop"",""promo"":""LOYALTY5""}","2026-09-16"
"220","20","2026-09-15 23:52:41.437","PLACED","53.60","app","{""device"":""mobile"",""promo"":""NONE""}","2026-09-15"
"221","21","2026-09-15 23:15:41.437","SHIPPED","53.73","store","{""device"":""tablet"",""promo"":""WELCOME10""}","2026-09-15"
"222","22","2026-09-15 22:38:41.437","DELIVERED","53.86","web","{""device"":""desktop"",""promo"":""SPRING15""}","2026-09-15"
"223","23","2026-09-15 22:01:41.437","CANCELLED","53.99","app","{""device"":""mobile"",""promo"":""LOYALTY5""}","2026-09-15"
"224","24","2026-09-15 21:24:41.437","PLACED","54.12","store","{""device"":""tablet"",""promo"":""NONE""}","2026-09-15"
"225","25","2026-09-15 20:47:41.437","SHIPPED","54.25","web","{""device"":""desktop"",""promo"":""WELCOME10""}","2026-09-15"
"226","26","2026-09-15 20:10:41.437","DELIVERED","54.38","app","{""device"":""mobile"",""promo"":""SPRING15""}","2026-09-15"
"227","27","2026-09-15 19:33:41.437","CANCELLED","54.51","store","{""device"":""tablet"",""promo"":""LOYALTY5""}","2026-09-15"
"228","28","2026-09-15 18:56:41.437","PLACED","54.64","web","{""device"":""desktop"",""promo"":""NONE""}","2026-09-15"
"229","29","2026-09-15 18:19:41.437","SHIPPED","54.77","app","{""device"":""mobile"",""promo"":""WELCOME10""}","2026-09-15"
"230","30","2026-09-15 17:42:41.437","DELIVERED","54.90","store","{""device"":""tablet"",""promo"":""SPRING15""}","2026-09-15"
"231","31","2026-09-15 17:05:41.437","CANCELLED","55.03","web","{""device"":""desktop"",""promo"":""LOYALTY5""}","2026-09-15"
"232","32","2026-09-15 16:28:41.437","PLACED","55.16","app","{""device"":""mobile"",""promo"":""NONE""}","2026-09-15"
"233","33","2026-09-15 15:51:41.437","SHIPPED","55.29","store","{""device"":""tablet"",""promo"":""WELCOME10""}","2026-09-15"
"234","34","2026-09-15 15:14:41.437","DELIVERED","55.42","web","{""device"":""desktop"",""promo"":""SPRING15""}","2026-09-15"
"235","35","2026-09-15 14:37:41.437","CANCELLED","55.55","app","{""device"":""mobile"",""promo"":""LOYALTY5""}","2026-09-15"
"236","36","2026-09-15 14:00:41.437","PLACED","55.68","store","{""device"":""tablet"",""promo"":""NONE""}","2026-09-15"
"237","37","2026-09-15 13:23:41.437","SHIPPED","55.81","web","{""device"":""desktop"",""promo"":""WELCOME10""}","2026-09-15"
"238","38","2026-09-15 12:46:41.437","DELIVERED","55.94","app","{""device"":""mobile"",""promo"":""SPRING15""}","2026-09-15"
"239","39","2026-09-15 12:09:41.437","CANCELLED","56.07","store","{""device"":""tablet"",""promo"":""LOYALTY5""}","2026-09-15"
"240","40","2026-09-15 11:32:41.437","PLACED","56.20","web","{""device"":""desktop"",""promo"":""NONE""}","2026-09-15"
"241","41","2026-09-15 10:55:41.437","SHIPPED","56.33","app","{""device"":""mobile"",""promo"":""WELCOME10""}","2026-09-15"
"242","42","2026-09-15 10:18:41.437","DELIVERED","56.46","store","{""device"":""tablet"",""promo"":""SPRING15""}","2026-09-15"
"243","43","2026-09-15 09:41:41.437","CANCELLED","56.59","web","{""device"":""desktop"",""promo"":""LOYALTY5""}","2026-09-15"
"244","44","2026-09-15 09:04:41.437","PLACED","56.72","app","{""device"":""mobile"",""promo"":""NONE""}","2026-09-15"
"245","45","2026-09-15 08:27:41.437","SHIPPED","56.85","store","{""device"":""tablet"",""promo"":""WELCOME10""}","2026-09-15"
"246","46","2026-09-15 07:50:41.437","DELIVERED","56.98","web","{""device"":""desktop"",""promo"":""SPRING15""}","2026-09-15"
"247","47","2026-09-15 07:13:41.437","CANCELLED","57.11","app","{""device"":""mobile"",""promo"":""LOYALTY5""}","2026-09-15"
"248","48","2026-09-15 06:36:41.437","PLACED","57.24","store","{""device"":""tablet"",""promo"":""NONE""}","2026-09-15"
"249","49","2026-09-15 05:59:41.437","SHIPPED","57.37","web","{""device"":""desktop"",""promo"":""WELCOME10""}","2026-09-15"
"250","50","2026-09-15 05:22:41.437","DELIVERED","57.50","app","{""device"":""mobile"",""promo"":""SPRING15""}","2026-09-15"
"251","51","2026-09-15 04:45:41.437","CANCELLED","57.63","store","{""device"":""tablet"",""promo"":""LOYALTY5""}","2026-09-15"
"252","52","2026-09-15 04:08:41.437","PLACED","57.76","web","{""device"":""desktop"",""promo"":""NONE""}","2026-09-15"
"253","53","2026-09-15 03:31:41.437","SHIPPED","57.89","app","{""device"":""mobile"",""promo"":""WELCOME10""}","2026-09-15"
"254","54","2026-09-15 02:54:41.437","DELIVERED","58.02","store","{""device"":""tablet"",""promo"":""SPRING15""}","2026-09-15"
"255","55","2026-09-15 02:17:41.437","CANCELLED","58.15","web","{""device"":""desktop"",""promo"":""LOYALTY5""}","2026-09-15"
"256","56","2026-09-15 01:40:41.437","PLACED","58.28","app","{""device"":""mobile"",""promo"":""NONE""}","2026-09-15"
"257","57","2026-09-15 01:03:41.437","SHIPPED","58.41","store","{""device"":""tablet"",""promo"":""WELCOME10""}","2026-09-15"
"258","58","2026-09-15 00:26:41.437","DELIVERED","58.54","web","{""device"":""desktop"",""promo"":""SPRING15""}","2026-09-15"
"259","59","2026-09-14 23:49:41.437","CANCELLED","58.67","app","{""device"":""mobile"",""promo"":""LOYALTY5""}","2026-09-14"
"260","60","2026-09-14 23:12:41.437","PLACED","58.80","store","{""device"":""tablet"",""promo"":""NONE""}","2026-09-14"
"261","61","2026-09-14 22:35:41.437","SHIPPED","58.93","web","{""device"":""desktop"",""promo"":""WELCOME10""}","2026-09-14"
"262","62","2026-09-14 21:58:41.437","DELIVERED","59.06","app","{""device"":""mobile"",""promo"":""SPRING15""}","2026-09-14"
"263","63","2026-09-14 21:21:41.437","CANCELLED","59.19","store","{""device"":""tablet"",""promo"":""LOYALTY5""}","2026-09-14"
"264","64","2026-09-14 20:44:41.437","PLACED","59.32","web","{""device"":""desktop"",""promo"":""NONE""}","2026-09-14"
"265","65","2026-09-14 20:07:41.437","SHIPPED","59.45","app","{""device"":""mobile"",""promo"":""WELCOME10""}","2026-09-14"
"266","66","2026-09-14 19:30:41.437","DELIVERED","59.58","store","{""device"":""tablet"",""promo"":""SPRING15""}","2026-09-14"
"267","67","2026-09-14 18:53:41.437","CANCELLED","59.71","web","{""device"":""desktop"",""promo"":""LOYALTY5""}","2026-09-14"
"268","68","2026-09-14 18:16:41.437","PLACED","59.84","app","{""device"":""mobile"",""promo"":""NONE""}","2026-09-14"
"269","69","2026-09-14 17:39:41.437","SHIPPED","59.97","store","{""device"":""tablet"",""promo"":""WELCOME10""}","2026-09-14"
"270","70","2026-09-14 17:02:41.437","DELIVERED","60.10","web","{""device"":""desktop"",""promo"":""SPRING15""}","2026-09-14"
"271","71","2026-09-14 16:25:41.437","CANCELLED","60.23","app","{""device"":""mobile"",""promo"":""LOYALTY5""}","2026-09-14"
"272","72","2026-09-14 15:48:41.437","PLACED","60.36","store","{""device"":""tablet"",""promo"":""NONE""}","2026-09-14"
"273","73","2026-09-14 15:11:41.437","SHIPPED","60.49","web","{""device"":""desktop"",""promo"":""WELCOME10""}","2026-09-14"
"274","74","2026-09-14 14:34:41.437","DELIVERED","60.62","app","{""device"":""mobile"",""promo"":""SPRING15""}","2026-09-14"
"275","75","2026-09-14 13:57:41.437","CANCELLED","60.75","store","{""device"":""tablet"",""promo"":""LOYALTY5""}","2026-09-14"
"276","76","2026-09-14 13:20:41.437","PLACED","60.88","web","{""device"":""desktop"",""promo"":""NONE""}","2026-09-14"
"277","77","2026-09-14 12:43:41.437","SHIPPED","61.01","app","{""device"":""mobile"",""promo"":""WELCOME10""}","2026-09-14"
"278","78","2026-09-14 12:06:41.437","DELIVERED","61.14","store","{""device"":""tablet"",""promo"":""SPRING15""}","2026-09-14"
"279","79","2026-09-14 11:29:41.437","CANCELLED","61.27","web","{""device"":""desktop"",""promo"":""LOYALTY5""}","2026-09-14"
"280","80","2026-09-14 10:52:41.437","PLACED","61.40","app","{""device"":""mobile"",""promo"":""NONE""}","2026-09-14"
"281","81","2026-09-14 10:15:41.437","SHIPPED","61.53","store","{""device"":""tablet"",""promo"":""WELCOME10""}","2026-09-14"
"282","82","2026-09-14 09:38:41.437","DELIVERED","61.66","web","{""device"":""desktop"",""promo"":""SPRING15""}","2026-09-14"
"283","83","2026-09-14 09:01:41.437","CANCELLED","61.79","app","{""device"":""mobile"",""promo"":""LOYALTY5""}","2026-09-14"
"284","84","2026-09-14 08:24:41.437","PLACED","61.92","store","{""device"":""tablet"",""promo"":""NONE""}","2026-09-14"
"285","85","2026-09-14 07:47:41.437","SHIPPED","62.05","web","{""device"":""desktop"",""promo"":""WELCOME10""}","2026-09-14"
"286","86","2026-09-14 07:10:41.437","DELIVERED","62.18","app","{""device"":""mobile"",""promo"":""SPRING15""}","2026-09-14"
"287","87","2026-09-14 06:33:41.437","CANCELLED","62.31","store","{""device"":""tablet"",""promo"":""LOYALTY5""}","2026-09-14"
"288","88","2026-09-14 05:56:41.437","PLACED","62.44","web","{""device"":""desktop"",""promo"":""NONE""}","2026-09-14"
"289","89","2026-09-14 05:19:41.437","SHIPPED","62.57","app","{""device"":""mobile"",""promo"":""WELCOME10""}","2026-09-14"
"290","90","2026-09-14 04:42:41.437","DELIVERED","62.70","store","{""device"":""tablet"",""promo"":""SPRING15""}","2026-09-14"
"291","91","2026-09-14 04:05:41.437","CANCELLED","62.83","web","{""device"":""desktop"",""promo"":""LOYALTY5""}","2026-09-14"
"292","92","2026-09-14 03:28:41.437","PLACED","62.96","app","{""device"":""mobile"",""promo"":""NONE""}","2026-09-14"
"293","93","2026-09-14 02:51:41.437","SHIPPED","63.09","store","{""device"":""tablet"",""promo"":""WELCOME10""}","2026-09-14"
"294","94","2026-09-14 02:14:41.437","DELIVERED","63.22","web","{""device"":""desktop"",""promo"":""SPRING15""}","2026-09-14"
"295","95","2026-09-14 01:37:41.437","CANCELLED","63.35","app","{""device"":""mobile"",""promo"":""LOYALTY5""}","2026-09-14"
"296","96","2026-09-14 01:00:41.437","PLACED","63.48","store","{""device"":""tablet"",""promo"":""NONE""}","2026-09-14"
"297","97","2026-09-14 00:23:41.437","SHIPPED","63.61","web","{""device"":""desktop"",""promo"":""WELCOME10""}","2026-09-14"
"298","98","2026-09-13 23:46:41.437","DELIVERED","63.74","app","{""device"":""mobile"",""promo"":""SPRING15""}","2026-09-13"
"299","99","2026-09-13 23:09:41.437","CANCELLED","63.87","store","{""device"":""tablet"",""promo"":""LOYALTY5""}","2026-09-13"
"300","100","2026-09-13 22:32:41.437","PLACED","64.00","web","{""device"":""desktop"",""promo"":""NONE""}","2026-09-13"
"301","101","2026-09-13 21:55:41.437","SHIPPED","64.13","app","{""device"":""mobile"",""promo"":""WELCOME10""}","2026-09-13"
"302","102","2026-09-13 21:18:41.437","DELIVERED","64.26","store","{""device"":""tablet"",""promo"":""SPRING15""}","2026-09-13"
"303","103","2026-09-13 20:41:41.437","CANCELLED","64.39","web","{""device"":""desktop"",""promo"":""LOYALTY5""}","2026-09-13"
"304","104","2026-09-13 20:04:41.437","PLACED","64.52","app","{""device"":""mobile"",""promo"":""NONE""}","2026-09-13"
"305","105","2026-09-13 19:27:41.437","SHIPPED","64.65","store","{""device"":""tablet"",""promo"":""WELCOME10""}","2026-09-13"
"306","106","2026-09-13 18:50:41.437","DELIVERED","64.78","web","{""device"":""desktop"",""promo"":""SPRING15""}","2026-09-13"
"307","107","2026-09-13 18:13:41.437","CANCELLED","64.91","app","{""device"":""mobile"",""promo"":""LOYALTY5""}","2026-09-13"
"308","108","2026-09-13 17:36:41.437","PLACED","65.04","store","{""device"":""tablet"",""promo"":""NONE""}","2026-09-13"
"309","109","2026-09-13 16:59:41.437","SHIPPED","65.17","web","{""device"":""desktop"",""promo"":""WELCOME10""}","2026-09-13"
"310","110","2026-09-13 16:22:41.437","DELIVERED","65.30","app","{""device"":""mobile"",""promo"":""SPRING15""}","2026-09-13"
"311","111","2026-09-13 15:45:41.437","CANCELLED","65.43","store","{""device"":""tablet"",""promo"":""LOYALTY5""}","2026-09-13"
"312","112","2026-09-13 15:08:41.437","PLACED","65.56","web","{""device"":""desktop"",""promo"":""NONE""}","2026-09-13"
"313","113","2026-09-13 14:31:41.437","SHIPPED","65.69","app","{""device"":""mobile"",""promo"":""WELCOME10""}","2026-09-13"
"314","114","2026-09-13 13:54:41.437","DELIVERED","65.82","store","{""device"":""tablet"",""promo"":""SPRING15""}","2026-09-13"
"315","115","2026-09-13 13:17:41.437","CANCELLED","65.95","web","{""device"":""desktop"",""promo"":""LOYALTY5""}","2026-09-13"
"316","116","2026-09-13 12:40:41.437","PLACED","66.08","app","{""device"":""mobile"",""promo"":""NONE""}","2026-09-13"
"317","117","2026-09-13 12:03:41.437","SHIPPED","66.21","store","{""device"":""tablet"",""promo"":""WELCOME10""}","2026-09-13"
"318","118","2026-09-13 11:26:41.437","DELIVERED","66.34","web","{""device"":""desktop"",""promo"":""SPRING15""}","2026-09-13"
"319","119","2026-09-13 10:49:41.437","CANCELLED","66.47","app","{""device"":""mobile"",""promo"":""LOYALTY5""}","2026-09-13"
"320","120","2026-09-13 10:12:41.437","PLACED","66.60","store","{""device"":""tablet"",""promo"":""NONE""}","2026-09-13"
"321","121","2026-09-13 09:35:41.437","SHIPPED","66.73","web","{""device"":""desktop"",""promo"":""WELCOME10""}","2026-09-13"
"322","122","2026-09-13 08:58:41.437","DELIVERED","66.86","app","{""device"":""mobile"",""promo"":""SPRING15""}","2026-09-13"
"323","123","2026-09-13 08:21:41.437","CANCELLED","66.99","store","{""device"":""tablet"",""promo"":""LOYALTY5""}","2026-09-13"
"324","124","2026-09-13 07:44:41.437","PLACED","67.12","web","{""device"":""desktop"",""promo"":""NONE""}","2026-09-13"
"325","125","2026-09-13 07:07:41.437","SHIPPED","67.25","app","{""device"":""mobile"",""promo"":""WELCOME10""}","2026-09-13"
"326","126","2026-09-13 06:30:41.437","DELIVERED","67.38","store","{""device"":""tablet"",""promo"":""SPRING15""}","2026-09-13"
"327","127","2026-09-13 05:53:41.437","CANCELLED","67.51","web","{""device"":""desktop"",""promo"":""LOYALTY5""}","2026-09-13"
"328","128","2026-09-13 05:16:41.437","PLACED","67.64","app","{""device"":""mobile"",""promo"":""NONE""}","2026-09-13"
"329","129","2026-09-13 04:39:41.437","SHIPPED","67.77","store","{""device"":""tablet"",""promo"":""WELCOME10""}","2026-09-13"
"330","130","2026-09-13 04:02:41.437","DELIVERED","67.90","web","{""device"":""desktop"",""promo"":""SPRING15""}","2026-09-13"
"331","131","2026-09-13 03:25:41.437","CANCELLED","68.03","app","{""device"":""mobile"",""promo"":""LOYALTY5""}","2026-09-13"
"332","132","2026-09-13 02:48:41.437","PLACED","68.16","store","{""device"":""tablet"",""promo"":""NONE""}","2026-09-13"
"333","133","2026-09-13 02:11:41.437","SHIPPED","68.29","web","{""device"":""desktop"",""promo"":""WELCOME10""}","2026-09-13"
"334","134","2026-09-13 01:34:41.437","DELIVERED","68.42","app","{""device"":""mobile"",""promo"":""SPRING15""}","2026-09-13"
"335","135","2026-09-13 00:57:41.437","CANCELLED","68.55","store","{""device"":""tablet"",""promo"":""LOYALTY5""}","2026-09-13"
"336","136","2026-09-13 00:20:41.437","PLACED","68.68","web","{""device"":""desktop"",""promo"":""NONE""}","2026-09-13"
"337","137","2026-09-12 23:43:41.437","SHIPPED","68.81","app","{""device"":""mobile"",""promo"":""WELCOME10""}","2026-09-12"
"338","138","2026-09-12 23:06:41.437","DELIVERED","68.94","store","{""device"":""tablet"",""promo"":""SPRING15""}","2026-09-12"
"339","139","2026-09-12 22:29:41.437","CANCELLED","69.07","web","{""device"":""desktop"",""promo"":""LOYALTY5""}","2026-09-12"
"340","140","2026-09-12 21:52:41.437","PLACED","69.20","app","{""device"":""mobile"",""promo"":""NONE""}","2026-09-12"
"341","141","2026-09-12 21:15:41.437","SHIPPED","69.33","store","{""device"":""tablet"",""promo"":""WELCOME10""}","2026-09-12"
"342","142","2026-09-12 20:38:41.437","DELIVERED","69.46","web","{""device"":""desktop"",""promo"":""SPRING15""}","2026-09-12"
"343","143","2026-09-12 20:01:41.437","CANCELLED","69.59","app","{""device"":""mobile"",""promo"":""LOYALTY5""}","2026-09-12"
"344","144","2026-09-12 19:24:41.437","PLACED","69.72","store","{""device"":""tablet"",""promo"":""NONE""}","2026-09-12"
"345","145","2026-09-12 18:47:41.437","SHIPPED","69.85","web","{""device"":""desktop"",""promo"":""WELCOME10""}","2026-09-12"
"346","146","2026-09-12 18:10:41.437","DELIVERED","69.98","app","{""device"":""mobile"",""promo"":""SPRING15""}","2026-09-12"
"347","147","2026-09-12 17:33:41.437","CANCELLED","70.11","store","{""device"":""tablet"",""promo"":""LOYALTY5""}","2026-09-12"
"348","148","2026-09-12 16:56:41.437","PLACED","70.24","web","{""device"":""desktop"",""promo"":""NONE""}","2026-09-12"
"349","149","2026-09-12 16:19:41.437","SHIPPED","70.37","app","{""device"":""mobile"",""promo"":""WELCOME10""}","2026-09-12"
"350","150","2026-09-12 15:42:41.437","DELIVERED","70.50","store","{""device"":""tablet"",""promo"":""SPRING15""}","2026-09-12"
"351","151","2026-09-12 15:05:41.437","CANCELLED","70.63","web","{""device"":""desktop"",""promo"":""LOYALTY5""}","2026-09-12"
"352","152","2026-09-12 14:28:41.437","PLACED","70.76","app","{""device"":""mobile"",""promo"":""NONE""}","2026-09-12"
"353","153","2026-09-12 13:51:41.437","SHIPPED","70.89","store","{""device"":""tablet"",""promo"":""WELCOME10""}","2026-09-12"
"354","154","2026-09-12 13:14:41.437","DELIVERED","71.02","web","{""device"":""desktop"",""promo"":""SPRING15""}","2026-09-12"
"355","155","2026-09-12 12:37:41.437","CANCELLED","71.15","app","{""device"":""mobile"",""promo"":""LOYALTY5""}","2026-09-12"
"356","156","2026-09-12 12:00:41.437","PLACED","71.28","store","{""device"":""tablet"",""promo"":""NONE""}","2026-09-12"
"357","157","2026-09-12 11:23:41.437","SHIPPED","71.41","web","{""device"":""desktop"",""promo"":""WELCOME10""}","2026-09-12"
"358","158","2026-09-12 10:46:41.437","DELIVERED","71.54","app","{""device"":""mobile"",""promo"":""SPRING15""}","2026-09-12"
"359","159","2026-09-12 10:09:41.437","CANCELLED","71.67","store","{""device"":""tablet"",""promo"":""LOYALTY5""}","2026-09-12"
"360","160","2026-09-12 09:32:41.437","PLACED","71.80","web","{""device"":""desktop"",""promo"":""NONE""}","2026-09-12"
"361","161","2026-09-12 08:55:41.437","SHIPPED","71.93","app","{""device"":""mobile"",""promo"":""WELCOME10""}","2026-09-12"
"362","162","2026-09-12 08:18:41.437","DELIVERED","72.06","store","{""device"":""tablet"",""promo"":""SPRING15""}","2026-09-12"
"363","163","2026-09-12 07:41:41.437","CANCELLED","72.19","web","{""device"":""desktop"",""promo"":""LOYALTY5""}","2026-09-12"
"364","164","2026-09-12 07:04:41.437","PLACED","72.32","app","{""device"":""mobile"",""promo"":""NONE""}","2026-09-12"
"365","165","2026-09-12 06:27:41.437","SHIPPED","72.45","store","{""device"":""tablet"",""promo"":""WELCOME10""}","2026-09-12"
"366","166","2026-09-12 05:50:41.437","DELIVERED","72.58","web","{""device"":""desktop"",""promo"":""SPRING15""}","2026-09-12"
"367","167","2026-09-12 05:13:41.437","CANCELLED","72.71","app","{""device"":""mobile"",""promo"":""LOYALTY5""}","2026-09-12"
"368","168","2026-09-12 04:36:41.437","PLACED","72.84","store","{""device"":""tablet"",""promo"":""NONE""}","2026-09-12"
"369","169","2026-09-12 03:59:41.437","SHIPPED","72.97","web","{""device"":""desktop"",""promo"":""WELCOME10""}","2026-09-12"
"370","170","2026-09-12 03:22:41.437","DELIVERED","73.10","app","{""device"":""mobile"",""promo"":""SPRING15""}","2026-09-12"
"371","171","2026-09-12 02:45:41.437","CANCELLED","73.23","store","{""device"":""tablet"",""promo"":""LOYALTY5""}","2026-09-12"
"372","172","2026-09-12 02:08:41.437","PLACED","73.36","web","{""device"":""desktop"",""promo"":""NONE""}","2026-09-12"
"373","173","2026-09-12 01:31:41.437","SHIPPED","73.49","app","{""device"":""mobile"",""promo"":""WELCOME10""}","2026-09-12"
"374","174","2026-09-12 00:54:41.437","DELIVERED","73.62","store","{""device"":""tablet"",""promo"":""SPRING15""}","2026-09-12"
"375","175","2026-09-12 00:17:41.437","CANCELLED","73.75","web","{""device"":""desktop"",""promo"":""LOYALTY5""}","2026-09-12"
"376","176","2026-09-11 23:40:41.437","PLACED","73.88","app","{""device"":""mobile"",""promo"":""NONE""}","2026-09-11"
"377","177","2026-09-11 23:03:41.437","SHIPPED","74.01","store","{""device"":""tablet"",""promo"":""WELCOME10""}","2026-09-11"
"378","178","2026-09-11 22:26:41.437","DELIVERED","74.14","web","{""device"":""desktop"",""promo"":""SPRING15""}","2026-09-11"
"379","179","2026-09-11 21:49:41.437","CANCELLED","74.27","app","{""device"":""mobile"",""promo"":""LOYALTY5""}","2026-09-11"
"380","180","2026-09-11 21:12:41.437","PLACED","74.40","store","{""device"":""tablet"",""promo"":""NONE""}","2026-09-11"
"381","181","2026-09-11 20:35:41.437","SHIPPED","74.53","web","{""device"":""desktop"",""promo"":""WELCOME10""}","2026-09-11"
"382","182","2026-09-11 19:58:41.437","DELIVERED","74.66","app","{""device"":""mobile"",""promo"":""SPRING15""}","2026-09-11"
"383","183","2026-09-11 19:21:41.437","CANCELLED","74.79","store","{""device"":""tablet"",""promo"":""LOYALTY5""}","2026-09-11"
"384","184","2026-09-11 18:44:41.437","PLACED","74.92","web","{""device"":""desktop"",""promo"":""NONE""}","2026-09-11"
"385","185","2026-09-11 18:07:41.437","SHIPPED","75.05","app","{""device"":""mobile"",""promo"":""WELCOME10""}","2026-09-11"
"386","186","2026-09-11 17:30:41.437","DELIVERED","75.18","store","{""device"":""tablet"",""promo"":""SPRING15""}","2026-09-11"
"387","187","2026-09-11 16:53:41.437","CANCELLED","75.31","web","{""device"":""desktop"",""promo"":""LOYALTY5""}","2026-09-11"
"388","188","2026-09-11 16:16:41.437","PLACED","75.44","app","{""device"":""mobile"",""promo"":""NONE""}","2026-09-11"
"389","189","2026-09-11 15:39:41.437","SHIPPED","75.57","store","{""device"":""tablet"",""promo"":""WELCOME10""}","2026-09-11"
"390","190","2026-09-11 15:02:41.437","DELIVERED","75.70","web","{""device"":""desktop"",""promo"":""SPRING15""}","2026-09-11"
"391","191","2026-09-11 14:25:41.437","CANCELLED","75.83","app","{""device"":""mobile"",""promo"":""LOYALTY5""}","2026-09-11"
"392","192","2026-09-11 13:48:41.437","PLACED","75.96","store","{""device"":""tablet"",""promo"":""NONE""}","2026-09-11"
"393","193","2026-09-11 13:11:41.437","SHIPPED","76.09","web","{""device"":""desktop"",""promo"":""WELCOME10""}","2026-09-11"
"394","194","2026-09-11 12:34:41.437","DELIVERED","76.22","app","{""device"":""mobile"",""promo"":""SPRING15""}","2026-09-11"
"395","195","2026-09-11 11:57:41.437","CANCELLED","76.35","store","{""device"":""tablet"",""promo"":""LOYALTY5""}","2026-09-11"
"396","196","2026-09-11 11:20:41.437","PLACED","76.48","web","{""device"":""desktop"",""promo"":""NONE""}","2026-09-11"
"397","197","2026-09-11 10:43:41.437","SHIPPED","76.61","app","{""device"":""mobile"",""promo"":""WELCOME10""}","2026-09-11"
"398","198","2026-09-11 10:06:41.437","DELIVERED","76.74","store","{""device"":""tablet"",""promo"":""SPRING15""}","2026-09-11"
"399","199","2026-09-11 09:29:41.437","CANCELLED","76.87","web","{""device"":""desktop"",""promo"":""LOYALTY5""}","2026-09-11"
"400","200","2026-09-11 08:52:41.437","PLACED","77.00","app","{""device"":""mobile"",""promo"":""NONE""}","2026-09-11"
"401","1","2026-09-11 08:15:41.437","SHIPPED","77.13","store","{""device"":""tablet"",""promo"":""WELCOME10""}","2026-09-11"
"402","2","2026-09-11 07:38:41.437","DELIVERED","77.26","web","{""device"":""desktop"",""promo"":""SPRING15""}","2026-09-11"
"403","3","2026-09-11 07:01:41.437","CANCELLED","77.39","app","{""device"":""mobile"",""promo"":""LOYALTY5""}","2026-09-11"
"404","4","2026-09-11 06:24:41.437","PLACED","77.52","store","{""device"":""tablet"",""promo"":""NONE""}","2026-09-11"
"405","5","2026-09-11 05:47:41.437","SHIPPED","77.65","web","{""device"":""desktop"",""promo"":""WELCOME10""}","2026-09-11"
"406","6","2026-09-11 05:10:41.437","DELIVERED","77.78","app","{""device"":""mobile"",""promo"":""SPRING15""}","2026-09-11"
"407","7","2026-09-11 04:33:41.437","CANCELLED","77.91","store","{""device"":""tablet"",""promo"":""LOYALTY5""}","2026-09-11"
"408","8","2026-09-11 03:56:41.437","PLACED","78.04","web","{""device"":""desktop"",""promo"":""NONE""}","2026-09-11"
"409","9","2026-09-11 03:19:41.437","SHIPPED","78.17","app","{""device"":""mobile"",""promo"":""WELCOME10""}","2026-09-11"
"410","10","2026-09-11 02:42:41.437","DELIVERED","78.30","store","{""device"":""tablet"",""promo"":""SPRING15""}","2026-09-11"
"411","11","2026-09-11 02:05:41.437","CANCELLED","78.43","web","{""device"":""desktop"",""promo"":""LOYALTY5""}","2026-09-11"
"412","12","2026-09-11 01:28:41.437","PLACED","78.56","app","{""device"":""mobile"",""promo"":""NONE""}","2026-09-11"
"413","13","2026-09-11 00:51:41.437","SHIPPED","78.69","store","{""device"":""tablet"",""promo"":""WELCOME10""}","2026-09-11"
"414","14","2026-09-11 00:14:41.437","DELIVERED","78.82","web","{""device"":""desktop"",""promo"":""SPRING15""}","2026-09-11"
"415","15","2026-09-10 23:37:41.437","CANCELLED","78.95","app","{""device"":""mobile"",""promo"":""LOYALTY5""}","2026-09-10"
"416","16","2026-09-10 23:00:41.437","PLACED","79.08","store","{""device"":""tablet"",""promo"":""NONE""}","2026-09-10"
"417","17","2026-09-10 22:23:41.437","SHIPPED","79.21","web","{""device"":""desktop"",""promo"":""WELCOME10""}","2026-09-10"
"418","18","2026-09-10 21:46:41.437","DELIVERED","79.34","app","{""device"":""mobile"",""promo"":""SPRING15""}","2026-09-10"
"419","19","2026-09-10 21:09:41.437","CANCELLED","79.47","store","{""device"":""tablet"",""promo"":""LOYALTY5""}","2026-09-10"
"420","20","2026-09-10 20:32:41.437","PLACED","79.60","web","{""device"":""desktop"",""promo"":""NONE""}","2026-09-10"
"421","21","2026-09-10 19:55:41.437","SHIPPED","79.73","app","{""device"":""mobile"",""promo"":""WELCOME10""}","2026-09-10"
"422","22","2026-09-10 19:18:41.437","DELIVERED","79.86","store","{""device"":""tablet"",""promo"":""SPRING15""}","2026-09-10"
"423","23","2026-09-10 18:41:41.437","CANCELLED","79.99","web","{""device"":""desktop"",""promo"":""LOYALTY5""}","2026-09-10"
"424","24","2026-09-10 18:04:41.437","PLACED","80.12","app","{""device"":""mobile"",""promo"":""NONE""}","2026-09-10"
"425","25","2026-09-10 17:27:41.437","SHIPPED","80.25","store","{""device"":""tablet"",""promo"":""WELCOME10""}","2026-09-10"
"426","26","2026-09-10 16:50:41.437","DELIVERED","80.38","web","{""device"":""desktop"",""promo"":""SPRING15""}","2026-09-10"
"427","27","2026-09-10 16:13:41.437","CANCELLED","80.51","app","{""device"":""mobile"",""promo"":""LOYALTY5""}","2026-09-10"
"428","28","2026-09-10 15:36:41.437","PLACED","80.64","store","{""device"":""tablet"",""promo"":""NONE""}","2026-09-10"
"429","29","2026-09-10 14:59:41.437","SHIPPED","80.77","web","{""device"":""desktop"",""promo"":""WELCOME10""}","2026-09-10"
"430","30","2026-09-10 14:22:41.437","DELIVERED","80.90","app","{""device"":""mobile"",""promo"":""SPRING15""}","2026-09-10"
"431","31","2026-09-10 13:45:41.437","CANCELLED","81.03","store","{""device"":""tablet"",""promo"":""LOYALTY5""}","2026-09-10"
"432","32","2026-09-10 13:08:41.437","PLACED","81.16","web","{""device"":""desktop"",""promo"":""NONE""}","2026-09-10"
"433","33","2026-09-10 12:31:41.437","SHIPPED","81.29","app","{""device"":""mobile"",""promo"":""WELCOME10""}","2026-09-10"
"434","34","2026-09-10 11:54:41.437","DELIVERED","81.42","store","{""device"":""tablet"",""promo"":""SPRING15""}","2026-09-10"
"435","35","2026-09-10 11:17:41.437","CANCELLED","81.55","web","{""device"":""desktop"",""promo"":""LOYALTY5""}","2026-09-10"
"436","36","2026-09-10 10:40:41.437","PLACED","81.68","app","{""device"":""mobile"",""promo"":""NONE""}","2026-09-10"
"437","37","2026-09-10 10:03:41.437","SHIPPED","81.81","store","{""device"":""tablet"",""promo"":""WELCOME10""}","2026-09-10"
"438","38","2026-09-10 09:26:41.437","DELIVERED","81.94","web","{""device"":""desktop"",""promo"":""SPRING15""}","2026-09-10"
"439","39","2026-09-10 08:49:41.437","CANCELLED","82.07","app","{""device"":""mobile"",""promo"":""LOYALTY5""}","2026-09-10"
"440","40","2026-09-10 08:12:41.437","PLACED","82.20","store","{""device"":""tablet"",""promo"":""NONE""}","2026-09-10"
"441","41","2026-09-10 07:35:41.437","SHIPPED","82.33","web","{""device"":""desktop"",""promo"":""WELCOME10""}","2026-09-10"
"442","42","2026-09-10 06:58:41.437","DELIVERED","82.46","app","{""device"":""mobile"",""promo"":""SPRING15""}","2026-09-10"
"443","43","2026-09-10 06:21:41.437","CANCELLED","82.59","store","{""device"":""tablet"",""promo"":""LOYALTY5""}","2026-09-10"
"444","44","2026-09-10 05:44:41.437","PLACED","82.72","web","{""device"":""desktop"",""promo"":""NONE""}","2026-09-10"
"445","45","2026-09-10 05:07:41.437","SHIPPED","82.85","app","{""device"":""mobile"",""promo"":""WELCOME10""}","2026-09-10"
"446","46","2026-09-10 04:30:41.437","DELIVERED","82.98","store","{""device"":""tablet"",""promo"":""SPRING15""}","2026-09-10"
"447","47","2026-09-10 03:53:41.437","CANCELLED","83.11","web","{""device"":""desktop"",""promo"":""LOYALTY5""}","2026-09-10"
"448","48","2026-09-10 03:16:41.437","PLACED","83.24","app","{""device"":""mobile"",""promo"":""NONE""}","2026-09-10"
"449","49","2026-09-10 02:39:41.437","SHIPPED","83.37","store","{""device"":""tablet"",""promo"":""WELCOME10""}","2026-09-10"
"450","50","2026-09-10 02:02:41.437","DELIVERED","83.50","web","{""device"":""desktop"",""promo"":""SPRING15""}","2026-09-10"
"451","51","2026-09-10 01:25:41.437","CANCELLED","83.63","app","{""device"":""mobile"",""promo"":""LOYALTY5""}","2026-09-10"
"452","52","2026-09-10 00:48:41.437","PLACED","83.76","store","{""device"":""tablet"",""promo"":""NONE""}","2026-09-10"
"453","53","2026-09-10 00:11:41.437","SHIPPED","83.89","web","{""device"":""desktop"",""promo"":""WELCOME10""}","2026-09-10"
"454","54","2026-09-09 23:34:41.437","DELIVERED","84.02","app","{""device"":""mobile"",""promo"":""SPRING15""}","2026-09-09"
"455","55","2026-09-09 22:57:41.437","CANCELLED","84.15","store","{""device"":""tablet"",""promo"":""LOYALTY5""}","2026-09-09"
"456","56","2026-09-09 22:20:41.437","PLACED","84.28","web","{""device"":""desktop"",""promo"":""NONE""}","2026-09-09"
"457","57","2026-09-09 21:43:41.437","SHIPPED","84.41","app","{""device"":""mobile"",""promo"":""WELCOME10""}","2026-09-09"
"458","58","2026-09-09 21:06:41.437","DELIVERED","84.54","store","{""device"":""tablet"",""promo"":""SPRING15""}","2026-09-09"
"459","59","2026-09-09 20:29:41.437","CANCELLED","84.67","web","{""device"":""desktop"",""promo"":""LOYALTY5""}","2026-09-09"
"460","60","2026-09-09 19:52:41.437","PLACED","84.80","app","{""device"":""mobile"",""promo"":""NONE""}","2026-09-09"
"461","61","2026-09-09 19:15:41.437","SHIPPED","84.93","store","{""device"":""tablet"",""promo"":""WELCOME10""}","2026-09-09"
"462","62","2026-09-09 18:38:41.437","DELIVERED","85.06","web","{""device"":""desktop"",""promo"":""SPRING15""}","2026-09-09"
"463","63","2026-09-09 18:01:41.437","CANCELLED","85.19","app","{""device"":""mobile"",""promo"":""LOYALTY5""}","2026-09-09"
"464","64","2026-09-09 17:24:41.437","PLACED","85.32","store","{""device"":""tablet"",""promo"":""NONE""}","2026-09-09"
"465","65","2026-09-09 16:47:41.437","SHIPPED","85.45","web","{""device"":""desktop"",""promo"":""WELCOME10""}","2026-09-09"
"466","66","2026-09-09 16:10:41.437","DELIVERED","85.58","app","{""device"":""mobile"",""promo"":""SPRING15""}","2026-09-09"
"467","67","2026-09-09 15:33:41.437","CANCELLED","85.71","store","{""device"":""tablet"",""promo"":""LOYALTY5""}","2026-09-09"
"468","68","2026-09-09 14:56:41.437","PLACED","85.84","web","{""device"":""desktop"",""promo"":""NONE""}","2026-09-09"
"469","69","2026-09-09 14:19:41.437","SHIPPED","85.97","app","{""device"":""mobile"",""promo"":""WELCOME10""}","2026-09-09"
"470","70","2026-09-09 13:42:41.437","DELIVERED","86.10","store","{""device"":""tablet"",""promo"":""SPRING15""}","2026-09-09"
"471","71","2026-09-09 13:05:41.437","CANCELLED","86.23","web","{""device"":""desktop"",""promo"":""LOYALTY5""}","2026-09-09"
"472","72","2026-09-09 12:28:41.437","PLACED","86.36","app","{""device"":""mobile"",""promo"":""NONE""}","2026-09-09"
"473","73","2026-09-09 11:51:41.437","SHIPPED","86.49","store","{""device"":""tablet"",""promo"":""WELCOME10""}","2026-09-09"
"474","74","2026-09-09 11:14:41.437","DELIVERED","86.62","web","{""device"":""desktop"",""promo"":""SPRING15""}","2026-09-09"
"475","75","2026-09-09 10:37:41.437","CANCELLED","86.75","app","{""device"":""mobile"",""promo"":""LOYALTY5""}","2026-09-09"
"476","76","2026-09-09 10:00:41.437","PLACED","86.88","store","{""device"":""tablet"",""promo"":""NONE""}","2026-09-09"
"477","77","2026-09-09 09:23:41.437","SHIPPED","87.01","web","{""device"":""desktop"",""promo"":""WELCOME10""}","2026-09-09"
"478","78","2026-09-09 08:46:41.437","DELIVERED","87.14","app","{""device"":""mobile"",""promo"":""SPRING15""}","2026-09-09"
"479","79","2026-09-09 08:09:41.437","CANCELLED","87.27","store","{""device"":""tablet"",""promo"":""LOYALTY5""}","2026-09-09"
"480","80","2026-09-09 07:32:41.437","PLACED","87.40","web","{""device"":""desktop"",""promo"":""NONE""}","2026-09-09"
"481","81","2026-09-09 06:55:41.437","SHIPPED","87.53","app","{""device"":""mobile"",""promo"":""WELCOME10""}","2026-09-09"
"482","82","2026-09-09 06:18:41.437","DELIVERED","87.66","store","{""device"":""tablet"",""promo"":""SPRING15""}","2026-09-09"
"483","83","2026-09-09 05:41:41.437","CANCELLED","87.79","web","{""device"":""desktop"",""promo"":""LOYALTY5""}","2026-09-09"
"484","84","2026-09-09 05:04:41.437","PLACED","87.92","app","{""device"":""mobile"",""promo"":""NONE""}","2026-09-09"
"485","85","2026-09-09 04:27:41.437","SHIPPED","88.05","store","{""device"":""tablet"",""promo"":""WELCOME10""}","2026-09-09"
"486","86","2026-09-09 03:50:41.437","DELIVERED","88.18","web","{""device"":""desktop"",""promo"":""SPRING15""}","2026-09-09"
"487","87","2026-09-09 03:13:41.437","CANCELLED","88.31","app","{""device"":""mobile"",""promo"":""LOYALTY5""}","2026-09-09"
"488","88","2026-09-09 02:36:41.437","PLACED","88.44","store","{""device"":""tablet"",""promo"":""NONE""}","2026-09-09"
"489","89","2026-09-09 01:59:41.437","SHIPPED","88.57","web","{""device"":""desktop"",""promo"":""WELCOME10""}","2026-09-09"
"490","90","2026-09-09 01:22:41.437","DELIVERED","88.70","app","{""device"":""mobile"",""promo"":""SPRING15""}","2026-09-09"
"491","91","2026-09-09 00:45:41.437","CANCELLED","88.83","store","{""device"":""tablet"",""promo"":""LOYALTY5""}","2026-09-09"
"492","92","2026-09-09 00:08:41.437","PLACED","88.96","web","{""device"":""desktop"",""promo"":""NONE""}","2026-09-09"
"493","93","2026-09-08 23:31:41.437","SHIPPED","89.09","app","{""device"":""mobile"",""promo"":""WELCOME10""}","2026-09-08"
"494","94","2026-09-08 22:54:41.437","DELIVERED","89.22","store","{""device"":""tablet"",""promo"":""SPRING15""}","2026-09-08"
"495","95","2026-09-08 22:17:41.437","CANCELLED","89.35","web","{""device"":""desktop"",""promo"":""LOYALTY5""}","2026-09-08"
"496","96","2026-09-08 21:40:41.437","PLACED","89.48","app","{""device"":""mobile"",""promo"":""NONE""}","2026-09-08"
"497","97","2026-09-08 21:03:41.437","SHIPPED","89.61","store","{""device"":""tablet"",""promo"":""WELCOME10""}","2026-09-08"
"498","98","2026-09-08 20:26:41.437","DELIVERED","89.74","web","{""device"":""desktop"",""promo"":""SPRING15""}","2026-09-08"
"499","99","2026-09-08 19:49:41.437","CANCELLED","89.87","app","{""device"":""mobile"",""promo"":""LOYALTY5""}","2026-09-08"
"500","100","2026-09-08 19:12:41.437","PLACED","90.00","store","{""device"":""tablet"",""promo"":""NONE""}","2026-09-08"
"501","101","2026-09-08 18:35:41.437","SHIPPED","90.13","web","{""device"":""desktop"",""promo"":""WELCOME10""}","2026-09-08"
"502","102","2026-09-08 17:58:41.437","DELIVERED","90.26","app","{""device"":""mobile"",""promo"":""SPRING15""}","2026-09-08"
"503","103","2026-09-08 17:21:41.437","CANCELLED","90.39","store","{""device"":""tablet"",""promo"":""LOYALTY5""}","2026-09-08"
"504","104","2026-09-08 16:44:41.437","PLACED","90.52","web","{""device"":""desktop"",""promo"":""NONE""}","2026-09-08"
"505","105","2026-09-08 16:07:41.437","SHIPPED","90.65","app","{""device"":""mobile"",""promo"":""WELCOME10""}","2026-09-08"
"506","106","2026-09-08 15:30:41.437","DELIVERED","90.78","store","{""device"":""tablet"",""promo"":""SPRING15""}","2026-09-08"
"507","107","2026-09-08 14:53:41.437","CANCELLED","90.91","web","{""device"":""desktop"",""promo"":""LOYALTY5""}","2026-09-08"
"508","108","2026-09-08 14:16:41.437","PLACED","91.04","app","{""device"":""mobile"",""promo"":""NONE""}","2026-09-08"
"509","109","2026-09-08 13:39:41.437","SHIPPED","91.17","store","{""device"":""tablet"",""promo"":""WELCOME10""}","2026-09-08"
"510","110","2026-09-08 13:02:41.437","DELIVERED","91.30","web","{""device"":""desktop"",""promo"":""SPRING15""}","2026-09-08"
"511","111","2026-09-08 12:25:41.437","CANCELLED","91.43","app","{""device"":""mobile"",""promo"":""LOYALTY5""}","2026-09-08"
"512","112","2026-09-08 11:48:41.437","PLACED","91.56","store","{""device"":""tablet"",""promo"":""NONE""}","2026-09-08"
"513","113","2026-09-08 11:11:41.437","SHIPPED","91.69","web","{""device"":""desktop"",""promo"":""WELCOME10""}","2026-09-08"
"514","114","2026-09-08 10:34:41.437","DELIVERED","91.82","app","{""device"":""mobile"",""promo"":""SPRING15""}","2026-09-08"
"515","115","2026-09-08 09:57:41.437","CANCELLED","91.95","store","{""device"":""tablet"",""promo"":""LOYALTY5""}","2026-09-08"
"516","116","2026-09-08 09:20:41.437","PLACED","92.08","web","{""device"":""desktop"",""promo"":""NONE""}","2026-09-08"
"517","117","2026-09-08 08:43:41.437","SHIPPED","92.21","app","{""device"":""mobile"",""promo"":""WELCOME10""}","2026-09-08"
"518","118","2026-09-08 08:06:41.437","DELIVERED","92.34","store","{""device"":""tablet"",""promo"":""SPRING15""}","2026-09-08"
"519","119","2026-09-08 07:29:41.437","CANCELLED","92.47","web","{""device"":""desktop"",""promo"":""LOYALTY5""}","2026-09-08"
"520","120","2026-09-08 06:52:41.437","PLACED","92.60","app","{""device"":""mobile"",""promo"":""NONE""}","2026-09-08"
"521","121","2026-09-08 06:15:41.437","SHIPPED","92.73","store","{""device"":""tablet"",""promo"":""WELCOME10""}","2026-09-08"
"522","122","2026-09-08 05:38:41.437","DELIVERED","92.86","web","{""device"":""desktop"",""promo"":""SPRING15""}","2026-09-08"
"523","123","2026-09-08 05:01:41.437","CANCELLED","92.99","app","{""device"":""mobile"",""promo"":""LOYALTY5""}","2026-09-08"
"524","124","2026-09-08 04:24:41.437","PLACED","93.12","store","{""device"":""tablet"",""promo"":""NONE""}","2026-09-08"
"525","125","2026-09-08 03:47:41.437","SHIPPED","93.25","web","{""device"":""desktop"",""promo"":""WELCOME10""}","2026-09-08"
"526","126","2026-09-08 03:10:41.437","DELIVERED","93.38","app","{""device"":""mobile"",""promo"":""SPRING15""}","2026-09-08"
"527","127","2026-09-08 02:33:41.437","CANCELLED","93.51","store","{""device"":""tablet"",""promo"":""LOYALTY5""}","2026-09-08"
"528","128","2026-09-08 01:56:41.437","PLACED","93.64","web","{""device"":""desktop"",""promo"":""NONE""}","2026-09-08"
"529","129","2026-09-08 01:19:41.437","SHIPPED","93.77","app","{""device"":""mobile"",""promo"":""WELCOME10""}","2026-09-08"
"530","130","2026-09-08 00:42:41.437","DELIVERED","93.90","store","{""device"":""tablet"",""promo"":""SPRING15""}","2026-09-08"
"531","131","2026-09-08 00:05:41.437","CANCELLED","94.03","web","{""device"":""desktop"",""promo"":""LOYALTY5""}","2026-09-08"
"532","132","2026-09-07 23:28:41.437","PLACED","94.16","app","{""device"":""mobile"",""promo"":""NONE""}","2026-09-07"
"533","133","2026-09-07 22:51:41.437","SHIPPED","94.29","store","{""device"":""tablet"",""promo"":""WELCOME10""}","2026-09-07"
"534","134","2026-09-07 22:14:41.437","DELIVERED","94.42","web","{""device"":""desktop"",""promo"":""SPRING15""}","2026-09-07"
"535","135","2026-09-07 21:37:41.437","CANCELLED","94.55","app","{""device"":""mobile"",""promo"":""LOYALTY5""}","2026-09-07"
"536","136","2026-09-07 21:00:41.437","PLACED","94.68","store","{""device"":""tablet"",""promo"":""NONE""}","2026-09-07"
"537","137","2026-09-07 20:23:41.437","SHIPPED","94.81","web","{""device"":""desktop"",""promo"":""WELCOME10""}","2026-09-07"
"538","138","2026-09-07 19:46:41.437","DELIVERED","94.94","app","{""device"":""mobile"",""promo"":""SPRING15""}","2026-09-07"
"539","139","2026-09-07 19:09:41.437","CANCELLED","95.07","store","{""device"":""tablet"",""promo"":""LOYALTY5""}","2026-09-07"
"540","140","2026-09-07 18:32:41.437","PLACED","95.20","web","{""device"":""desktop"",""promo"":""NONE""}","2026-09-07"
"541","141","2026-09-07 17:55:41.437","SHIPPED","95.33","app","{""device"":""mobile"",""promo"":""WELCOME10""}","2026-09-07"
"542","142","2026-09-07 17:18:41.437","DELIVERED","95.46","store","{""device"":""tablet"",""promo"":""SPRING15""}","2026-09-07"
"543","143","2026-09-07 16:41:41.437","CANCELLED","95.59","web","{""device"":""desktop"",""promo"":""LOYALTY5""}","2026-09-07"
"544","144","2026-09-07 16:04:41.437","PLACED","95.72","app","{""device"":""mobile"",""promo"":""NONE""}","2026-09-07"
"545","145","2026-09-07 15:27:41.437","SHIPPED","95.85","store","{""device"":""tablet"",""promo"":""WELCOME10""}","2026-09-07"
"546","146","2026-09-07 14:50:41.437","DELIVERED","95.98","web","{""device"":""desktop"",""promo"":""SPRING15""}","2026-09-07"
"547","147","2026-09-07 14:13:41.437","CANCELLED","96.11","app","{""device"":""mobile"",""promo"":""LOYALTY5""}","2026-09-07"
"548","148","2026-09-07 13:36:41.437","PLACED","96.24","store","{""device"":""tablet"",""promo"":""NONE""}","2026-09-07"
"549","149","2026-09-07 12:59:41.437","SHIPPED","96.37","web","{""device"":""desktop"",""promo"":""WELCOME10""}","2026-09-07"
"550","150","2026-09-07 12:22:41.437","DELIVERED","96.50","app","{""device"":""mobile"",""promo"":""SPRING15""}","2026-09-07"
"551","151","2026-09-07 11:45:41.437","CANCELLED","96.63","store","{""device"":""tablet"",""promo"":""LOYALTY5""}","2026-09-07"
"552","152","2026-09-07 11:08:41.437","PLACED","96.76","web","{""device"":""desktop"",""promo"":""NONE""}","2026-09-07"
"553","153","2026-09-07 10:31:41.437","SHIPPED","96.89","app","{""device"":""mobile"",""promo"":""WELCOME10""}","2026-09-07"
"554","154","2026-09-07 09:54:41.437","DELIVERED","97.02","store","{""device"":""tablet"",""promo"":""SPRING15""}","2026-09-07"
"555","155","2026-09-07 09:17:41.437","CANCELLED","97.15","web","{""device"":""desktop"",""promo"":""LOYALTY5""}","2026-09-07"
"556","156","2026-09-07 08:40:41.437","PLACED","97.28","app","{""device"":""mobile"",""promo"":""NONE""}","2026-09-07"
"557","157","2026-09-07 08:03:41.437","SHIPPED","97.41","store","{""device"":""tablet"",""promo"":""WELCOME10""}","2026-09-07"
"558","158","2026-09-07 07:26:41.437","DELIVERED","97.54","web","{""device"":""desktop"",""promo"":""SPRING15""}","2026-09-07"
"559","159","2026-09-07 06:49:41.437","CANCELLED","97.67","app","{""device"":""mobile"",""promo"":""LOYALTY5""}","2026-09-07"
"560","160","2026-09-07 06:12:41.437","PLACED","97.80","store","{""device"":""tablet"",""promo"":""NONE""}","2026-09-07"
"561","161","2026-09-07 05:35:41.437","SHIPPED","97.93","web","{""device"":""desktop"",""promo"":""WELCOME10""}","2026-09-07"
"562","162","2026-09-07 04:58:41.437","DELIVERED","98.06","app","{""device"":""mobile"",""promo"":""SPRING15""}","2026-09-07"
"563","163","2026-09-07 04:21:41.437","CANCELLED","98.19","store","{""device"":""tablet"",""promo"":""LOYALTY5""}","2026-09-07"
"564","164","2026-09-07 03:44:41.437","PLACED","98.32","web","{""device"":""desktop"",""promo"":""NONE""}","2026-09-07"
"565","165","2026-09-07 03:07:41.437","SHIPPED","98.45","app","{""device"":""mobile"",""promo"":""WELCOME10""}","2026-09-07"
"566","166","2026-09-07 02:30:41.437","DELIVERED","98.58","store","{""device"":""tablet"",""promo"":""SPRING15""}","2026-09-07"
"567","167","2026-09-07 01:53:41.437","CANCELLED","98.71","web","{""device"":""desktop"",""promo"":""LOYALTY5""}","2026-09-07"
"568","168","2026-09-07 01:16:41.437","PLACED","98.84","app","{""device"":""mobile"",""promo"":""NONE""}","2026-09-07"
"569","169","2026-09-07 00:39:41.437","SHIPPED","98.97","store","{""device"":""tablet"",""promo"":""WELCOME10""}","2026-09-07"
"570","170","2026-09-07 00:02:41.437","DELIVERED","99.10","web","{""device"":""desktop"",""promo"":""SPRING15""}","2026-09-07"
"571","171","2026-09-06 23:25:41.437","CANCELLED","99.23","app","{""device"":""mobile"",""promo"":""LOYALTY5""}","2026-09-06"
"572","172","2026-09-06 22:48:41.437","PLACED","99.36","store","{""device"":""tablet"",""promo"":""NONE""}","2026-09-06"
"573","173","2026-09-06 22:11:41.437","SHIPPED","99.49","web","{""device"":""desktop"",""promo"":""WELCOME10""}","2026-09-06"
"574","174","2026-09-06 21:34:41.437","DELIVERED","99.62","app","{""device"":""mobile"",""promo"":""SPRING15""}","2026-09-06"
"575","175","2026-09-06 20:57:41.437","CANCELLED","99.75","store","{""device"":""tablet"",""promo"":""LOYALTY5""}","2026-09-06"
"576","176","2026-09-06 20:20:41.437","PLACED","99.88","web","{""device"":""desktop"",""promo"":""NONE""}","2026-09-06"
"577","177","2026-09-06 19:43:41.437","SHIPPED","100.01","app","{""device"":""mobile"",""promo"":""WELCOME10""}","2026-09-06"
"578","178","2026-09-06 19:06:41.437","DELIVERED","100.14","store","{""device"":""tablet"",""promo"":""SPRING15""}","2026-09-06"
"579","179","2026-09-06 18:29:41.437","CANCELLED","100.27","web","{""device"":""desktop"",""promo"":""LOYALTY5""}","2026-09-06"
"580","180","2026-09-06 17:52:41.437","PLACED","100.40","app","{""device"":""mobile"",""promo"":""NONE""}","2026-09-06"
"581","181","2026-09-06 17:15:41.437","SHIPPED","100.53","store","{""device"":""tablet"",""promo"":""WELCOME10""}","2026-09-06"
"582","182","2026-09-06 16:38:41.437","DELIVERED","100.66","web","{""device"":""desktop"",""promo"":""SPRING15""}","2026-09-06"
"583","183","2026-09-06 16:01:41.437","CANCELLED","100.79","app","{""device"":""mobile"",""promo"":""LOYALTY5""}","2026-09-06"
"584","184","2026-09-06 15:24:41.437","PLACED","100.92","store","{""device"":""tablet"",""promo"":""NONE""}","2026-09-06"
"585","185","2026-09-06 14:47:41.437","SHIPPED","101.05","web","{""device"":""desktop"",""promo"":""WELCOME10""}","2026-09-06"
"586","186","2026-09-06 14:10:41.437","DELIVERED","101.18","app","{""device"":""mobile"",""promo"":""SPRING15""}","2026-09-06"
"587","187","2026-09-06 13:33:41.437","CANCELLED","101.31","store","{""device"":""tablet"",""promo"":""LOYALTY5""}","2026-09-06"
"588","188","2026-09-06 12:56:41.437","PLACED","101.44","web","{""device"":""desktop"",""promo"":""NONE""}","2026-09-06"
"589","189","2026-09-06 12:19:41.437","SHIPPED","101.57","app","{""device"":""mobile"",""promo"":""WELCOME10""}","2026-09-06"
"590","190","2026-09-06 11:42:41.437","DELIVERED","101.70","store","{""device"":""tablet"",""promo"":""SPRING15""}","2026-09-06"
"591","191","2026-09-06 11:05:41.437","CANCELLED","101.83","web","{""device"":""desktop"",""promo"":""LOYALTY5""}","2026-09-06"
"592","192","2026-09-06 10:28:41.437","PLACED","101.96","app","{""device"":""mobile"",""promo"":""NONE""}","2026-09-06"
"593","193","2026-09-06 09:51:41.437","SHIPPED","102.09","store","{""device"":""tablet"",""promo"":""WELCOME10""}","2026-09-06"
"594","194","2026-09-06 09:14:41.437","DELIVERED","102.22","web","{""device"":""desktop"",""promo"":""SPRING15""}","2026-09-06"
"595","195","2026-09-06 08:37:41.437","CANCELLED","102.35","app","{""device"":""mobile"",""promo"":""LOYALTY5""}","2026-09-06"
"596","196","2026-09-06 08:00:41.437","PLACED","102.48","store","{""device"":""tablet"",""promo"":""NONE""}","2026-09-06"
"597","197","2026-09-06 07:23:41.437","SHIPPED","102.61","web","{""device"":""desktop"",""promo"":""WELCOME10""}","2026-09-06"
"598","198","2026-09-06 06:46:41.437","DELIVERED","102.74","app","{""device"":""mobile"",""promo"":""SPRING15""}","2026-09-06"
"599","199","2026-09-06 06:09:41.437","CANCELLED","102.87","store","{""device"":""tablet"",""promo"":""LOYALTY5""}","2026-09-06"
"600","200","2026-09-06 05:32:41.437","PLACED","103.00","web","{""device"":""desktop"",""promo"":""NONE""}","2026-09-06"
"601","1","2026-09-06 04:55:41.437","SHIPPED","103.13","app","{""device"":""mobile"",""promo"":""WELCOME10""}","2026-09-06"
"602","2","2026-09-06 04:18:41.437","DELIVERED","103.26","store","{""device"":""tablet"",""promo"":""SPRING15""}","2026-09-06"
"603","3","2026-09-06 03:41:41.437","CANCELLED","103.39","web","{""device"":""desktop"",""promo"":""LOYALTY5""}","2026-09-06"
"604","4","2026-09-06 03:04:41.437","PLACED","103.52","app","{""device"":""mobile"",""promo"":""NONE""}","2026-09-06"
"605","5","2026-09-06 02:27:41.437","SHIPPED","103.65","store","{""device"":""tablet"",""promo"":""WELCOME10""}","2026-09-06"
"606","6","2026-09-06 01:50:41.437","DELIVERED","103.78","web","{""device"":""desktop"",""promo"":""SPRING15""}","2026-09-06"
"607","7","2026-09-06 01:13:41.437","CANCELLED","103.91","app","{""device"":""mobile"",""promo"":""LOYALTY5""}","2026-09-06"
"608","8","2026-09-06 00:36:41.437","PLACED","104.04","store","{""device"":""tablet"",""promo"":""NONE""}","2026-09-06"
"609","9","2026-09-05 23:59:41.437","SHIPPED","104.17","web","{""device"":""desktop"",""promo"":""WELCOME10""}","2026-09-05"
"610","10","2026-09-05 23:22:41.437","DELIVERED","104.30","app","{""device"":""mobile"",""promo"":""SPRING15""}","2026-09-05"
"611","11","2026-09-05 22:45:41.437","CANCELLED","104.43","store","{""device"":""tablet"",""promo"":""LOYALTY5""}","2026-09-05"
"612","12","2026-09-05 22:08:41.437","PLACED","104.56","web","{""device"":""desktop"",""promo"":""NONE""}","2026-09-05"
"613","13","2026-09-05 21:31:41.437","SHIPPED","104.69","app","{""device"":""mobile"",""promo"":""WELCOME10""}","2026-09-05"
"614","14","2026-09-05 20:54:41.437","DELIVERED","104.82","store","{""device"":""tablet"",""promo"":""SPRING15""}","2026-09-05"
"615","15","2026-09-05 20:17:41.437","CANCELLED","104.95","web","{""device"":""desktop"",""promo"":""LOYALTY5""}","2026-09-05"
"616","16","2026-09-05 19:40:41.437","PLACED","105.08","app","{""device"":""mobile"",""promo"":""NONE""}","2026-09-05"
"617","17","2026-09-05 19:03:41.437","SHIPPED","105.21","store","{""device"":""tablet"",""promo"":""WELCOME10""}","2026-09-05"
"618","18","2026-09-05 18:26:41.437","DELIVERED","105.34","web","{""device"":""desktop"",""promo"":""SPRING15""}","2026-09-05"
"619","19","2026-09-05 17:49:41.437","CANCELLED","105.47","app","{""device"":""mobile"",""promo"":""LOYALTY5""}","2026-09-05"
"620","20","2026-09-05 17:12:41.437","PLACED","105.60","store","{""device"":""tablet"",""promo"":""NONE""}","2026-09-05"
"621","21","2026-09-05 16:35:41.437","SHIPPED","105.73","web","{""device"":""desktop"",""promo"":""WELCOME10""}","2026-09-05"
"622","22","2026-09-05 15:58:41.437","DELIVERED","105.86","app","{""device"":""mobile"",""promo"":""SPRING15""}","2026-09-05"
"623","23","2026-09-05 15:21:41.437","CANCELLED","105.99","store","{""device"":""tablet"",""promo"":""LOYALTY5""}","2026-09-05"
"624","24","2026-09-05 14:44:41.437","PLACED","106.12","web","{""device"":""desktop"",""promo"":""NONE""}","2026-09-05"
"625","25","2026-09-05 14:07:41.437","SHIPPED","106.25","app","{""device"":""mobile"",""promo"":""WELCOME10""}","2026-09-05"
"626","26","2026-09-05 13:30:41.437","DELIVERED","106.38","store","{""device"":""tablet"",""promo"":""SPRING15""}","2026-09-05"
"627","27","2026-09-05 12:53:41.437","CANCELLED","106.51","web","{""device"":""desktop"",""promo"":""LOYALTY5""}","2026-09-05"
"628","28","2026-09-05 12:16:41.437","PLACED","106.64","app","{""device"":""mobile"",""promo"":""NONE""}","2026-09-05"
"629","29","2026-09-05 11:39:41.437","SHIPPED","106.77","store","{""device"":""tablet"",""promo"":""WELCOME10""}","2026-09-05"
"630","30","2026-09-05 11:02:41.437","DELIVERED","106.90","web","{""device"":""desktop"",""promo"":""SPRING15""}","2026-09-05"
"631","31","2026-09-05 10:25:41.437","CANCELLED","107.03","app","{""device"":""mobile"",""promo"":""LOYALTY5""}","2026-09-05"
"632","32","2026-09-05 09:48:41.437","PLACED","107.16","store","{""device"":""tablet"",""promo"":""NONE""}","2026-09-05"
"633","33","2026-09-05 09:11:41.437","SHIPPED","107.29","web","{""device"":""desktop"",""promo"":""WELCOME10""}","2026-09-05"
"634","34","2026-09-05 08:34:41.437","DELIVERED","107.42","app","{""device"":""mobile"",""promo"":""SPRING15""}","2026-09-05"
"635","35","2026-09-05 07:57:41.437","CANCELLED","107.55","store","{""device"":""tablet"",""promo"":""LOYALTY5""}","2026-09-05"
"636","36","2026-09-05 07:20:41.437","PLACED","107.68","web","{""device"":""desktop"",""promo"":""NONE""}","2026-09-05"
"637","37","2026-09-05 06:43:41.437","SHIPPED","107.81","app","{""device"":""mobile"",""promo"":""WELCOME10""}","2026-09-05"
"638","38","2026-09-05 06:06:41.437","DELIVERED","107.94","store","{""device"":""tablet"",""promo"":""SPRING15""}","2026-09-05"
"639","39","2026-09-05 05:29:41.437","CANCELLED","108.07","web","{""device"":""desktop"",""promo"":""LOYALTY5""}","2026-09-05"
"640","40","2026-09-05 04:52:41.437","PLACED","108.20","app","{""device"":""mobile"",""promo"":""NONE""}","2026-09-05"
"641","41","2026-09-05 04:15:41.437","SHIPPED","108.33","store","{""device"":""tablet"",""promo"":""WELCOME10""}","2026-09-05"
"642","42","2026-09-05 03:38:41.437","DELIVERED","108.46","web","{""device"":""desktop"",""promo"":""SPRING15""}","2026-09-05"
"643","43","2026-09-05 03:01:41.437","CANCELLED","108.59","app","{""device"":""mobile"",""promo"":""LOYALTY5""}","2026-09-05"
"644","44","2026-09-05 02:24:41.437","PLACED","108.72","store","{""device"":""tablet"",""promo"":""NONE""}","2026-09-05"
"645","45","2026-09-05 01:47:41.437","SHIPPED","108.85","web","{""device"":""desktop"",""promo"":""WELCOME10""}","2026-09-05"
"646","46","2026-09-05 01:10:41.437","DELIVERED","108.98","app","{""device"":""mobile"",""promo"":""SPRING15""}","2026-09-05"
"647","47","2026-09-05 00:33:41.437","CANCELLED","109.11","store","{""device"":""tablet"",""promo"":""LOYALTY5""}","2026-09-05"
"648","48","2026-09-04 23:56:41.437","PLACED","109.24","web","{""device"":""desktop"",""promo"":""NONE""}","2026-09-04"
"649","49","2026-09-04 23:19:41.437","SHIPPED","109.37","app","{""device"":""mobile"",""promo"":""WELCOME10""}","2026-09-04"
"650","50","2026-09-04 22:42:41.437","DELIVERED","109.50","store","{""device"":""tablet"",""promo"":""SPRING15""}","2026-09-04"
"651","51","2026-09-04 22:05:41.437","CANCELLED","109.63","web","{""device"":""desktop"",""promo"":""LOYALTY5""}","2026-09-04"
"652","52","2026-09-04 21:28:41.437","PLACED","109.76","app","{""device"":""mobile"",""promo"":""NONE""}","2026-09-04"
"653","53","2026-09-04 20:51:41.437","SHIPPED","109.89","store","{""device"":""tablet"",""promo"":""WELCOME10""}","2026-09-04"
"654","54","2026-09-04 20:14:41.437","DELIVERED","110.02","web","{""device"":""desktop"",""promo"":""SPRING15""}","2026-09-04"
"655","55","2026-09-04 19:37:41.437","CANCELLED","110.15","app","{""device"":""mobile"",""promo"":""LOYALTY5""}","2026-09-04"
"656","56","2026-09-04 19:00:41.437","PLACED","110.28","store","{""device"":""tablet"",""promo"":""NONE""}","2026-09-04"
"657","57","2026-09-04 18:23:41.437","SHIPPED","110.41","web","{""device"":""desktop"",""promo"":""WELCOME10""}","2026-09-04"
"658","58","2026-09-04 17:46:41.437","DELIVERED","110.54","app","{""device"":""mobile"",""promo"":""SPRING15""}","2026-09-04"
"659","59","2026-09-04 17:09:41.437","CANCELLED","110.67","store","{""device"":""tablet"",""promo"":""LOYALTY5""}","2026-09-04"
"660","60","2026-09-04 16:32:41.437","PLACED","110.80","web","{""device"":""desktop"",""promo"":""NONE""}","2026-09-04"
"661","61","2026-09-04 15:55:41.437","SHIPPED","110.93","app","{""device"":""mobile"",""promo"":""WELCOME10""}","2026-09-04"
"662","62","2026-09-04 15:18:41.437","DELIVERED","111.06","store","{""device"":""tablet"",""promo"":""SPRING15""}","2026-09-04"
"663","63","2026-09-04 14:41:41.437","CANCELLED","111.19","web","{""device"":""desktop"",""promo"":""LOYALTY5""}","2026-09-04"
"664","64","2026-09-04 14:04:41.437","PLACED","111.32","app","{""device"":""mobile"",""promo"":""NONE""}","2026-09-04"
"665","65","2026-09-04 13:27:41.437","SHIPPED","111.45","store","{""device"":""tablet"",""promo"":""WELCOME10""}","2026-09-04"
"666","66","2026-09-04 12:50:41.437","DELIVERED","111.58","web","{""device"":""desktop"",""promo"":""SPRING15""}","2026-09-04"
"667","67","2026-09-04 12:13:41.437","CANCELLED","111.71","app","{""device"":""mobile"",""promo"":""LOYALTY5""}","2026-09-04"
"668","68","2026-09-04 11:36:41.437","PLACED","111.84","store","{""device"":""tablet"",""promo"":""NONE""}","2026-09-04"
"669","69","2026-09-04 10:59:41.437","SHIPPED","111.97","web","{""device"":""desktop"",""promo"":""WELCOME10""}","2026-09-04"
"670","70","2026-09-04 10:22:41.437","DELIVERED","112.10","app","{""device"":""mobile"",""promo"":""SPRING15""}","2026-09-04"
"671","71","2026-09-04 09:45:41.437","CANCELLED","112.23","store","{""device"":""tablet"",""promo"":""LOYALTY5""}","2026-09-04"
"672","72","2026-09-04 09:08:41.437","PLACED","112.36","web","{""device"":""desktop"",""promo"":""NONE""}","2026-09-04"
"673","73","2026-09-04 08:31:41.437","SHIPPED","112.49","app","{""device"":""mobile"",""promo"":""WELCOME10""}","2026-09-04"
"674","74","2026-09-04 07:54:41.437","DELIVERED","112.62","store","{""device"":""tablet"",""promo"":""SPRING15""}","2026-09-04"
"675","75","2026-09-04 07:17:41.437","CANCELLED","112.75","web","{""device"":""desktop"",""promo"":""LOYALTY5""}","2026-09-04"
"676","76","2026-09-04 06:40:41.437","PLACED","112.88","app","{""device"":""mobile"",""promo"":""NONE""}","2026-09-04"
"677","77","2026-09-04 06:03:41.437","SHIPPED","113.01","store","{""device"":""tablet"",""promo"":""WELCOME10""}","2026-09-04"
"678","78","2026-09-04 05:26:41.437","DELIVERED","113.14","web","{""device"":""desktop"",""promo"":""SPRING15""}","2026-09-04"
"679","79","2026-09-04 04:49:41.437","CANCELLED","113.27","app","{""device"":""mobile"",""promo"":""LOYALTY5""}","2026-09-04"
"680","80","2026-09-04 04:12:41.437","PLACED","113.40","store","{""device"":""tablet"",""promo"":""NONE""}","2026-09-04"
"681","81","2026-09-04 03:35:41.437","SHIPPED","113.53","web","{""device"":""desktop"",""promo"":""WELCOME10""}","2026-09-04"
"682","82","2026-09-04 02:58:41.437","DELIVERED","113.66","app","{""device"":""mobile"",""promo"":""SPRING15""}","2026-09-04"
"683","83","2026-09-04 02:21:41.437","CANCELLED","113.79","store","{""device"":""tablet"",""promo"":""LOYALTY5""}","2026-09-04"
"684","84","2026-09-04 01:44:41.437","PLACED","113.92","web","{""device"":""desktop"",""promo"":""NONE""}","2026-09-04"
"685","85","2026-09-04 01:07:41.437","SHIPPED","114.05","app","{""device"":""mobile"",""promo"":""WELCOME10""}","2026-09-04"
"686","86","2026-09-04 00:30:41.437","DELIVERED","114.18","store","{""device"":""tablet"",""promo"":""SPRING15""}","2026-09-04"
"687","87","2026-09-03 23:53:41.437","CANCELLED","114.31","web","{""device"":""desktop"",""promo"":""LOYALTY5""}","2026-09-03"
"688","88","2026-09-03 23:16:41.437","PLACED","114.44","app","{""device"":""mobile"",""promo"":""NONE""}","2026-09-03"
"689","89","2026-09-03 22:39:41.437","SHIPPED","114.57","store","{""device"":""tablet"",""promo"":""WELCOME10""}","2026-09-03"
"690","90","2026-09-03 22:02:41.437","DELIVERED","114.70","web","{""device"":""desktop"",""promo"":""SPRING15""}","2026-09-03"
"691","91","2026-09-03 21:25:41.437","CANCELLED","114.83","app","{""device"":""mobile"",""promo"":""LOYALTY5""}","2026-09-03"
"692","92","2026-09-03 20:48:41.437","PLACED","114.96","store","{""device"":""tablet"",""promo"":""NONE""}","2026-09-03"
"693","93","2026-09-03 20:11:41.437","SHIPPED","115.09","web","{""device"":""desktop"",""promo"":""WELCOME10""}","2026-09-03"
"694","94","2026-09-03 19:34:41.437","DELIVERED","115.22","app","{""device"":""mobile"",""promo"":""SPRING15""}","2026-09-03"
"695","95","2026-09-03 18:57:41.437","CANCELLED","115.35","store","{""device"":""tablet"",""promo"":""LOYALTY5""}","2026-09-03"
"696","96","2026-09-03 18:20:41.437","PLACED","115.48","web","{""device"":""desktop"",""promo"":""NONE""}","2026-09-03"
"697","97","2026-09-03 17:43:41.437","SHIPPED","115.61","app","{""device"":""mobile"",""promo"":""WELCOME10""}","2026-09-03"
"698","98","2026-09-03 17:06:41.437","DELIVERED","115.74","store","{""device"":""tablet"",""promo"":""SPRING15""}","2026-09-03"
"699","99","2026-09-03 16:29:41.437","CANCELLED","115.87","web","{""device"":""desktop"",""promo"":""LOYALTY5""}","2026-09-03"
"700","100","2026-09-03 15:52:41.437","PLACED","116.00","app","{""device"":""mobile"",""promo"":""NONE""}","2026-09-03"
"701","101","2026-09-03 15:15:41.437","SHIPPED","116.13","store","{""device"":""tablet"",""promo"":""WELCOME10""}","2026-09-03"
"702","102","2026-09-03 14:38:41.437","DELIVERED","116.26","web","{""device"":""desktop"",""promo"":""SPRING15""}","2026-09-03"
"703","103","2026-09-03 14:01:41.437","CANCELLED","116.39","app","{""device"":""mobile"",""promo"":""LOYALTY5""}","2026-09-03"
"704","104","2026-09-03 13:24:41.437","PLACED","116.52","store","{""device"":""tablet"",""promo"":""NONE""}","2026-09-03"
"705","105","2026-09-03 12:47:41.437","SHIPPED","116.65","web","{""device"":""desktop"",""promo"":""WELCOME10""}","2026-09-03"
"706","106","2026-09-03 12:10:41.437","DELIVERED","116.78","app","{""device"":""mobile"",""promo"":""SPRING15""}","2026-09-03"
"707","107","2026-09-03 11:33:41.437","CANCELLED","116.91","store","{""device"":""tablet"",""promo"":""LOYALTY5""}","2026-09-03"
"708","108","2026-09-03 10:56:41.437","PLACED","117.04","web","{""device"":""desktop"",""promo"":""NONE""}","2026-09-03"
"709","109","2026-09-03 10:19:41.437","SHIPPED","117.17","app","{""device"":""mobile"",""promo"":""WELCOME10""}","2026-09-03"
"710","110","2026-09-03 09:42:41.437","DELIVERED","117.30","store","{""device"":""tablet"",""promo"":""SPRING15""}","2026-09-03"
"711","111","2026-09-03 09:05:41.437","CANCELLED","117.43","web","{""device"":""desktop"",""promo"":""LOYALTY5""}","2026-09-03"
"712","112","2026-09-03 08:28:41.437","PLACED","117.56","app","{""device"":""mobile"",""promo"":""NONE""}","2026-09-03"
"713","113","2026-09-03 07:51:41.437","SHIPPED","117.69","store","{""device"":""tablet"",""promo"":""WELCOME10""}","2026-09-03"
"714","114","2026-09-03 07:14:41.437","DELIVERED","117.82","web","{""device"":""desktop"",""promo"":""SPRING15""}","2026-09-03"
"715","115","2026-09-03 06:37:41.437","CANCELLED","117.95","app","{""device"":""mobile"",""promo"":""LOYALTY5""}","2026-09-03"
"716","116","2026-09-03 06:00:41.437","PLACED","118.08","store","{""device"":""tablet"",""promo"":""NONE""}","2026-09-03"
"717","117","2026-09-03 05:23:41.437","SHIPPED","118.21","web","{""device"":""desktop"",""promo"":""WELCOME10""}","2026-09-03"
"718","118","2026-09-03 04:46:41.437","DELIVERED","118.34","app","{""device"":""mobile"",""promo"":""SPRING15""}","2026-09-03"
"719","119","2026-09-03 04:09:41.437","CANCELLED","118.47","store","{""device"":""tablet"",""promo"":""LOYALTY5""}","2026-09-03"
"720","120","2026-09-03 03:32:41.437","PLACED","118.60","web","{""device"":""desktop"",""promo"":""NONE""}","2026-09-03"
"721","121","2026-09-03 02:55:41.437","SHIPPED","118.73","app","{""device"":""mobile"",""promo"":""WELCOME10""}","2026-09-03"
"722","122","2026-09-03 02:18:41.437","DELIVERED","118.86","store","{""device"":""tablet"",""promo"":""SPRING15""}","2026-09-03"
"723","123","2026-09-03 01:41:41.437","CANCELLED","118.99","web","{""device"":""desktop"",""promo"":""LOYALTY5""}","2026-09-03"
"724","124","2026-09-03 01:04:41.437","PLACED","119.12","app","{""device"":""mobile"",""promo"":""NONE""}","2026-09-03"
"725","125","2026-09-03 00:27:41.437","SHIPPED","119.25","store","{""device"":""tablet"",""promo"":""WELCOME10""}","2026-09-03"
"726","126","2026-09-02 23:50:41.437","DELIVERED","119.38","web","{""device"":""desktop"",""promo"":""SPRING15""}","2026-09-02"
"727","127","2026-09-02 23:13:41.437","CANCELLED","119.51","app","{""device"":""mobile"",""promo"":""LOYALTY5""}","2026-09-02"
"728","128","2026-09-02 22:36:41.437","PLACED","119.64","store","{""device"":""tablet"",""promo"":""NONE""}","2026-09-02"
"729","129","2026-09-02 21:59:41.437","SHIPPED","119.77","web","{""device"":""desktop"",""promo"":""WELCOME10""}","2026-09-02"
"730","130","2026-09-02 21:22:41.437","DELIVERED","119.90","app","{""device"":""mobile"",""promo"":""SPRING15""}","2026-09-02"
"731","131","2026-09-02 20:45:41.437","CANCELLED","120.03","store","{""device"":""tablet"",""promo"":""LOYALTY5""}","2026-09-02"
"732","132","2026-09-02 20:08:41.437","PLACED","120.16","web","{""device"":""desktop"",""promo"":""NONE""}","2026-09-02"
"733","133","2026-09-02 19:31:41.437","SHIPPED","120.29","app","{""device"":""mobile"",""promo"":""WELCOME10""}","2026-09-02"
"734","134","2026-09-02 18:54:41.437","DELIVERED","120.42","store","{""device"":""tablet"",""promo"":""SPRING15""}","2026-09-02"
"735","135","2026-09-02 18:17:41.437","CANCELLED","120.55","web","{""device"":""desktop"",""promo"":""LOYALTY5""}","2026-09-02"
"736","136","2026-09-02 17:40:41.437","PLACED","120.68","app","{""device"":""mobile"",""promo"":""NONE""}","2026-09-02"
"737","137","2026-09-02 17:03:41.437","SHIPPED","120.81","store","{""device"":""tablet"",""promo"":""WELCOME10""}","2026-09-02"
"738","138","2026-09-02 16:26:41.437","DELIVERED","120.94","web","{""device"":""desktop"",""promo"":""SPRING15""}","2026-09-02"
"739","139","2026-09-02 15:49:41.437","CANCELLED","121.07","app","{""device"":""mobile"",""promo"":""LOYALTY5""}","2026-09-02"
"740","140","2026-09-02 15:12:41.437","PLACED","121.20","store","{""device"":""tablet"",""promo"":""NONE""}","2026-09-02"
"741","141","2026-09-02 14:35:41.437","SHIPPED","121.33","web","{""device"":""desktop"",""promo"":""WELCOME10""}","2026-09-02"
"742","142","2026-09-02 13:58:41.437","DELIVERED","121.46","app","{""device"":""mobile"",""promo"":""SPRING15""}","2026-09-02"
"743","143","2026-09-02 13:21:41.437","CANCELLED","121.59","store","{""device"":""tablet"",""promo"":""LOYALTY5""}","2026-09-02"
"744","144","2026-09-02 12:44:41.437","PLACED","121.72","web","{""device"":""desktop"",""promo"":""NONE""}","2026-09-02"
"745","145","2026-09-02 12:07:41.437","SHIPPED","121.85","app","{""device"":""mobile"",""promo"":""WELCOME10""}","2026-09-02"
"746","146","2026-09-02 11:30:41.437","DELIVERED","121.98","store","{""device"":""tablet"",""promo"":""SPRING15""}","2026-09-02"
"747","147","2026-09-02 10:53:41.437","CANCELLED","122.11","web","{""device"":""desktop"",""promo"":""LOYALTY5""}","2026-09-02"
"748","148","2026-09-02 10:16:41.437","PLACED","122.24","app","{""device"":""mobile"",""promo"":""NONE""}","2026-09-02"
"749","149","2026-09-02 09:39:41.437","SHIPPED","122.37","store","{""device"":""tablet"",""promo"":""WELCOME10""}","2026-09-02"
"750","150","2026-09-02 09:02:41.437","DELIVERED","122.50","web","{""device"":""desktop"",""promo"":""SPRING15""}","2026-09-02"
"751","151","2026-09-02 08:25:41.437","CANCELLED","122.63","app","{""device"":""mobile"",""promo"":""LOYALTY5""}","2026-09-02"
"752","152","2026-09-02 07:48:41.437","PLACED","122.76","store","{""device"":""tablet"",""promo"":""NONE""}","2026-09-02"
"753","153","2026-09-02 07:11:41.437","SHIPPED","122.89","web","{""device"":""desktop"",""promo"":""WELCOME10""}","2026-09-02"
"754","154","2026-09-02 06:34:41.437","DELIVERED","123.02","app","{""device"":""mobile"",""promo"":""SPRING15""}","2026-09-02"
"755","155","2026-09-02 05:57:41.437","CANCELLED","123.15","store","{""device"":""tablet"",""promo"":""LOYALTY5""}","2026-09-02"
"756","156","2026-09-02 05:20:41.437","PLACED","123.28","web","{""device"":""desktop"",""promo"":""NONE""}","2026-09-02"
"757","157","2026-09-02 04:43:41.437","SHIPPED","123.41","app","{""device"":""mobile"",""promo"":""WELCOME10""}","2026-09-02"
"758","158","2026-09-02 04:06:41.437","DELIVERED","123.54","store","{""device"":""tablet"",""promo"":""SPRING15""}","2026-09-02"
"759","159","2026-09-02 03:29:41.437","CANCELLED","123.67","web","{""device"":""desktop"",""promo"":""LOYALTY5""}","2026-09-02"
"760","160","2026-09-02 02:52:41.437","PLACED","123.80","app","{""device"":""mobile"",""promo"":""NONE""}","2026-09-02"
"761","161","2026-09-02 02:15:41.437","SHIPPED","123.93","store","{""device"":""tablet"",""promo"":""WELCOME10""}","2026-09-02"
"762","162","2026-09-02 01:38:41.437","DELIVERED","124.06","web","{""device"":""desktop"",""promo"":""SPRING15""}","2026-09-02"
"763","163","2026-09-02 01:01:41.437","CANCELLED","124.19","app","{""device"":""mobile"",""promo"":""LOYALTY5""}","2026-09-02"
"764","164","2026-09-02 00:24:41.437","PLACED","124.32","store","{""device"":""tablet"",""promo"":""NONE""}","2026-09-02"
"765","165","2026-09-01 23:47:41.437","SHIPPED","124.45","web","{""device"":""desktop"",""promo"":""WELCOME10""}","2026-09-01"
"766","166","2026-09-01 23:10:41.437","DELIVERED","124.58","app","{""device"":""mobile"",""promo"":""SPRING15""}","2026-09-01"
"767","167","2026-09-01 22:33:41.437","CANCELLED","124.71","store","{""device"":""tablet"",""promo"":""LOYALTY5""}","2026-09-01"
"768","168","2026-09-01 21:56:41.437","PLACED","124.84","web","{""device"":""desktop"",""promo"":""NONE""}","2026-09-01"
"769","169","2026-09-01 21:19:41.437","SHIPPED","124.97","app","{""device"":""mobile"",""promo"":""WELCOME10""}","2026-09-01"
"770","170","2026-09-01 20:42:41.437","DELIVERED","125.10","store","{""device"":""tablet"",""promo"":""SPRING15""}","2026-09-01"
"771","171","2026-09-01 20:05:41.437","CANCELLED","125.23","web","{""device"":""desktop"",""promo"":""LOYALTY5""}","2026-09-01"
"772","172","2026-09-01 19:28:41.437","PLACED","125.36","app","{""device"":""mobile"",""promo"":""NONE""}","2026-09-01"
"773","173","2026-09-01 18:51:41.437","SHIPPED","125.49","store","{""device"":""tablet"",""promo"":""WELCOME10""}","2026-09-01"
"774","174","2026-09-01 18:14:41.437","DELIVERED","125.62","web","{""device"":""desktop"",""promo"":""SPRING15""}","2026-09-01"
"775","175","2026-09-01 17:37:41.437","CANCELLED","125.75","app","{""device"":""mobile"",""promo"":""LOYALTY5""}","2026-09-01"
"776","176","2026-09-01 17:00:41.437","PLACED","125.88","store","{""device"":""tablet"",""promo"":""NONE""}","2026-09-01"
"777","177","2026-09-01 16:23:41.437","SHIPPED","126.01","web","{""device"":""desktop"",""promo"":""WELCOME10""}","2026-09-01"
"778","178","2026-09-01 15:46:41.437","DELIVERED","126.14","app","{""device"":""mobile"",""promo"":""SPRING15""}","2026-09-01"
"779","179","2026-09-01 15:09:41.437","CANCELLED","126.27","store","{""device"":""tablet"",""promo"":""LOYALTY5""}","2026-09-01"
"780","180","2026-09-01 14:32:41.437","PLACED","126.40","web","{""device"":""desktop"",""promo"":""NONE""}","2026-09-01"
"781","181","2026-09-01 13:55:41.437","SHIPPED","126.53","app","{""device"":""mobile"",""promo"":""WELCOME10""}","2026-09-01"
"782","182","2026-09-01 13:18:41.437","DELIVERED","126.66","store","{""device"":""tablet"",""promo"":""SPRING15""}","2026-09-01"
"783","183","2026-09-01 12:41:41.437","CANCELLED","126.79","web","{""device"":""desktop"",""promo"":""LOYALTY5""}","2026-09-01"
"784","184","2026-09-01 12:04:41.437","PLACED","126.92","app","{""device"":""mobile"",""promo"":""NONE""}","2026-09-01"
"785","185","2026-09-01 11:27:41.437","SHIPPED","127.05","store","{""device"":""tablet"",""promo"":""WELCOME10""}","2026-09-01"
"786","186","2026-09-01 10:50:41.437","DELIVERED","127.18","web","{""device"":""desktop"",""promo"":""SPRING15""}","2026-09-01"
"787","187","2026-09-01 10:13:41.437","CANCELLED","127.31","app","{""device"":""mobile"",""promo"":""LOYALTY5""}","2026-09-01"
"788","188","2026-09-01 09:36:41.437","PLACED","127.44","store","{""device"":""tablet"",""promo"":""NONE""}","2026-09-01"
"789","189","2026-09-01 08:59:41.437","SHIPPED","127.57","web","{""device"":""desktop"",""promo"":""WELCOME10""}","2026-09-01"
"790","190","2026-09-01 08:22:41.437","DELIVERED","127.70","app","{""device"":""mobile"",""promo"":""SPRING15""}","2026-09-01"
"791","191","2026-09-01 07:45:41.437","CANCELLED","127.83","store","{""device"":""tablet"",""promo"":""LOYALTY5""}","2026-09-01"
"792","192","2026-09-01 07:08:41.437","PLACED","127.96","web","{""device"":""desktop"",""promo"":""NONE""}","2026-09-01"
"793","193","2026-09-01 06:31:41.437","SHIPPED","128.09","app","{""device"":""mobile"",""promo"":""WELCOME10""}","2026-09-01"
"794","194","2026-09-01 05:54:41.437","DELIVERED","128.22","store","{""device"":""tablet"",""promo"":""SPRING15""}","2026-09-01"
"795","195","2026-09-01 05:17:41.437","CANCELLED","128.35","web","{""device"":""desktop"",""promo"":""LOYALTY5""}","2026-09-01"
"796","196","2026-09-01 04:40:41.437","PLACED","128.48","app","{""device"":""mobile"",""promo"":""NONE""}","2026-09-01"
"797","197","2026-09-01 04:03:41.437","SHIPPED","128.61","store","{""device"":""tablet"",""promo"":""WELCOME10""}","2026-09-01"
"798","198","2026-09-01 03:26:41.437","DELIVERED","128.74","web","{""device"":""desktop"",""promo"":""SPRING15""}","2026-09-01"
"799","199","2026-09-01 02:49:41.437","CANCELLED","128.87","app","{""device"":""mobile"",""promo"":""LOYALTY5""}","2026-09-01"
"800","200","2026-09-01 02:12:41.437","PLACED","129.00","store","{""device"":""tablet"",""promo"":""NONE""}","2026-09-01"
"801","1","2026-09-01 01:35:41.437","SHIPPED","129.13","web","{""device"":""desktop"",""promo"":""WELCOME10""}","2026-09-01"
"802","2","2026-09-01 00:58:41.437","DELIVERED","129.26","app","{""device"":""mobile"",""promo"":""SPRING15""}","2026-09-01"
"803","3","2026-09-01 00:21:41.437","CANCELLED","129.39","store","{""device"":""tablet"",""promo"":""LOYALTY5""}","2026-09-01"
"804","4","2026-08-31 23:44:41.437","PLACED","129.52","web","{""device"":""desktop"",""promo"":""NONE""}","2026-08-31"
"805","5","2026-08-31 23:07:41.437","SHIPPED","129.65","app","{""device"":""mobile"",""promo"":""WELCOME10""}","2026-08-31"
"806","6","2026-08-31 22:30:41.437","DELIVERED","129.78","store","{""device"":""tablet"",""promo"":""SPRING15""}","2026-08-31"
"807","7","2026-08-31 21:53:41.437","CANCELLED","129.91","web","{""device"":""desktop"",""promo"":""LOYALTY5""}","2026-08-31"
"808","8","2026-08-31 21:16:41.437","PLACED","130.04","app","{""device"":""mobile"",""promo"":""NONE""}","2026-08-31"
"809","9","2026-08-31 20:39:41.437","SHIPPED","130.17","store","{""device"":""tablet"",""promo"":""WELCOME10""}","2026-08-31"
"810","10","2026-08-31 20:02:41.437","DELIVERED","130.30","web","{""device"":""desktop"",""promo"":""SPRING15""}","2026-08-31"
"811","11","2026-08-31 19:25:41.437","CANCELLED","130.43","app","{""device"":""mobile"",""promo"":""LOYALTY5""}","2026-08-31"
"812","12","2026-08-31 18:48:41.437","PLACED","130.56","store","{""device"":""tablet"",""promo"":""NONE""}","2026-08-31"
"813","13","2026-08-31 18:11:41.437","SHIPPED","130.69","web","{""device"":""desktop"",""promo"":""WELCOME10""}","2026-08-31"
"814","14","2026-08-31 17:34:41.437","DELIVERED","130.82","app","{""device"":""mobile"",""promo"":""SPRING15""}","2026-08-31"
"815","15","2026-08-31 16:57:41.437","CANCELLED","130.95","store","{""device"":""tablet"",""promo"":""LOYALTY5""}","2026-08-31"
"816","16","2026-08-31 16:20:41.437","PLACED","131.08","web","{""device"":""desktop"",""promo"":""NONE""}","2026-08-31"
"817","17","2026-08-31 15:43:41.437","SHIPPED","131.21","app","{""device"":""mobile"",""promo"":""WELCOME10""}","2026-08-31"
"818","18","2026-08-31 15:06:41.437","DELIVERED","131.34","store","{""device"":""tablet"",""promo"":""SPRING15""}","2026-08-31"
"819","19","2026-08-31 14:29:41.437","CANCELLED","131.47","web","{""device"":""desktop"",""promo"":""LOYALTY5""}","2026-08-31"
"820","20","2026-08-31 13:52:41.437","PLACED","131.60","app","{""device"":""mobile"",""promo"":""NONE""}","2026-08-31"
"821","21","2026-08-31 13:15:41.437","SHIPPED","131.73","store","{""device"":""tablet"",""promo"":""WELCOME10""}","2026-08-31"
"822","22","2026-08-31 12:38:41.437","DELIVERED","131.86","web","{""device"":""desktop"",""promo"":""SPRING15""}","2026-08-31"
"823","23","2026-08-31 12:01:41.437","CANCELLED","131.99","app","{""device"":""mobile"",""promo"":""LOYALTY5""}","2026-08-31"
"824","24","2026-08-31 11:24:41.437","PLACED","132.12","store","{""device"":""tablet"",""promo"":""NONE""}","2026-08-31"
"825","25","2026-08-31 10:47:41.437","SHIPPED","132.25","web","{""device"":""desktop"",""promo"":""WELCOME10""}","2026-08-31"
"826","26","2026-08-31 10:10:41.437","DELIVERED","132.38","app","{""device"":""mobile"",""promo"":""SPRING15""}","2026-08-31"
"827","27","2026-08-31 09:33:41.437","CANCELLED","132.51","store","{""device"":""tablet"",""promo"":""LOYALTY5""}","2026-08-31"
"828","28","2026-08-31 08:56:41.437","PLACED","132.64","web","{""device"":""desktop"",""promo"":""NONE""}","2026-08-31"
"829","29","2026-08-31 08:19:41.437","SHIPPED","132.77","app","{""device"":""mobile"",""promo"":""WELCOME10""}","2026-08-31"
"830","30","2026-08-31 07:42:41.437","DELIVERED","132.90","store","{""device"":""tablet"",""promo"":""SPRING15""}","2026-08-31"
"831","31","2026-08-31 07:05:41.437","CANCELLED","133.03","web","{""device"":""desktop"",""promo"":""LOYALTY5""}","2026-08-31"
"832","32","2026-08-31 06:28:41.437","PLACED","133.16","app","{""device"":""mobile"",""promo"":""NONE""}","2026-08-31"
"833","33","2026-08-31 05:51:41.437","SHIPPED","133.29","store","{""device"":""tablet"",""promo"":""WELCOME10""}","2026-08-31"
"834","34","2026-08-31 05:14:41.437","DELIVERED","133.42","web","{""device"":""desktop"",""promo"":""SPRING15""}","2026-08-31"
"835","35","2026-08-31 04:37:41.437","CANCELLED","133.55","app","{""device"":""mobile"",""promo"":""LOYALTY5""}","2026-08-31"
"836","36","2026-08-31 04:00:41.437","PLACED","133.68","store","{""device"":""tablet"",""promo"":""NONE""}","2026-08-31"
"837","37","2026-08-31 03:23:41.437","SHIPPED","133.81","web","{""device"":""desktop"",""promo"":""WELCOME10""}","2026-08-31"
"838","38","2026-08-31 02:46:41.437","DELIVERED","133.94","app","{""device"":""mobile"",""promo"":""SPRING15""}","2026-08-31"
"839","39","2026-08-31 02:09:41.437","CANCELLED","134.07","store","{""device"":""tablet"",""promo"":""LOYALTY5""}","2026-08-31"
"840","40","2026-08-31 01:32:41.437","PLACED","134.20","web","{""device"":""desktop"",""promo"":""NONE""}","2026-08-31"
"841","41","2026-08-31 00:55:41.437","SHIPPED","134.33","app","{""device"":""mobile"",""promo"":""WELCOME10""}","2026-08-31"
"842","42","2026-08-31 00:18:41.437","DELIVERED","134.46","store","{""device"":""tablet"",""promo"":""SPRING15""}","2026-08-31"
"843","43","2026-08-30 23:41:41.437","CANCELLED","134.59","web","{""device"":""desktop"",""promo"":""LOYALTY5""}","2026-08-30"
"844","44","2026-08-30 23:04:41.437","PLACED","134.72","app","{""device"":""mobile"",""promo"":""NONE""}","2026-08-30"
"845","45","2026-08-30 22:27:41.437","SHIPPED","134.85","store","{""device"":""tablet"",""promo"":""WELCOME10""}","2026-08-30"
"846","46","2026-08-30 21:50:41.437","DELIVERED","134.98","web","{""device"":""desktop"",""promo"":""SPRING15""}","2026-08-30"
"847","47","2026-08-30 21:13:41.437","CANCELLED","135.11","app","{""device"":""mobile"",""promo"":""LOYALTY5""}","2026-08-30"
"848","48","2026-08-30 20:36:41.437","PLACED","135.24","store","{""device"":""tablet"",""promo"":""NONE""}","2026-08-30"
"849","49","2026-08-30 19:59:41.437","SHIPPED","135.37","web","{""device"":""desktop"",""promo"":""WELCOME10""}","2026-08-30"
"850","50","2026-08-30 19:22:41.437","DELIVERED","135.50","app","{""device"":""mobile"",""promo"":""SPRING15""}","2026-08-30"
"851","51","2026-08-30 18:45:41.437","CANCELLED","135.63","store","{""device"":""tablet"",""promo"":""LOYALTY5""}","2026-08-30"
"852","52","2026-08-30 18:08:41.437","PLACED","135.76","web","{""device"":""desktop"",""promo"":""NONE""}","2026-08-30"
"853","53","2026-08-30 17:31:41.437","SHIPPED","135.89","app","{""device"":""mobile"",""promo"":""WELCOME10""}","2026-08-30"
"854","54","2026-08-30 16:54:41.437","DELIVERED","136.02","store","{""device"":""tablet"",""promo"":""SPRING15""}","2026-08-30"
"855","55","2026-08-30 16:17:41.437","CANCELLED","136.15","web","{""device"":""desktop"",""promo"":""LOYALTY5""}","2026-08-30"
"856","56","2026-08-30 15:40:41.437","PLACED","136.28","app","{""device"":""mobile"",""promo"":""NONE""}","2026-08-30"
"857","57","2026-08-30 15:03:41.437","SHIPPED","136.41","store","{""device"":""tablet"",""promo"":""WELCOME10""}","2026-08-30"
"858","58","2026-08-30 14:26:41.437","DELIVERED","136.54","web","{""device"":""desktop"",""promo"":""SPRING15""}","2026-08-30"
"859","59","2026-08-30 13:49:41.437","CANCELLED","136.67","app","{""device"":""mobile"",""promo"":""LOYALTY5""}","2026-08-30"
"860","60","2026-08-30 13:12:41.437","PLACED","136.80","store","{""device"":""tablet"",""promo"":""NONE""}","2026-08-30"
"861","61","2026-08-30 12:35:41.437","SHIPPED","136.93","web","{""device"":""desktop"",""promo"":""WELCOME10""}","2026-08-30"
"862","62","2026-08-30 11:58:41.437","DELIVERED","137.06","app","{""device"":""mobile"",""promo"":""SPRING15""}","2026-08-30"
"863","63","2026-08-30 11:21:41.437","CANCELLED","137.19","store","{""device"":""tablet"",""promo"":""LOYALTY5""}","2026-08-30"
"864","64","2026-08-30 10:44:41.437","PLACED","137.32","web","{""device"":""desktop"",""promo"":""NONE""}","2026-08-30"
"865","65","2026-08-30 10:07:41.437","SHIPPED","137.45","app","{""device"":""mobile"",""promo"":""WELCOME10""}","2026-08-30"
"866","66","2026-08-30 09:30:41.437","DELIVERED","137.58","store","{""device"":""tablet"",""promo"":""SPRING15""}","2026-08-30"
"867","67","2026-08-30 08:53:41.437","CANCELLED","137.71","web","{""device"":""desktop"",""promo"":""LOYALTY5""}","2026-08-30"
"868","68","2026-08-30 08:16:41.437","PLACED","137.84","app","{""device"":""mobile"",""promo"":""NONE""}","2026-08-30"
"869","69","2026-08-30 07:39:41.437","SHIPPED","137.97","store","{""device"":""tablet"",""promo"":""WELCOME10""}","2026-08-30"
"870","70","2026-08-30 07:02:41.437","DELIVERED","138.10","web","{""device"":""desktop"",""promo"":""SPRING15""}","2026-08-30"
"871","71","2026-08-30 06:25:41.437","CANCELLED","138.23","app","{""device"":""mobile"",""promo"":""LOYALTY5""}","2026-08-30"
"872","72","2026-08-30 05:48:41.437","PLACED","138.36","store","{""device"":""tablet"",""promo"":""NONE""}","2026-08-30"
"873","73","2026-08-30 05:11:41.437","SHIPPED","138.49","web","{""device"":""desktop"",""promo"":""WELCOME10""}","2026-08-30"
"874","74","2026-08-30 04:34:41.437","DELIVERED","138.62","app","{""device"":""mobile"",""promo"":""SPRING15""}","2026-08-30"
"875","75","2026-08-30 03:57:41.437","CANCELLED","138.75","store","{""device"":""tablet"",""promo"":""LOYALTY5""}","2026-08-30"
"876","76","2026-08-30 03:20:41.437","PLACED","138.88","web","{""device"":""desktop"",""promo"":""NONE""}","2026-08-30"
"877","77","2026-08-30 02:43:41.437","SHIPPED","139.01","app","{""device"":""mobile"",""promo"":""WELCOME10""}","2026-08-30"
"878","78","2026-08-30 02:06:41.437","DELIVERED","139.14","store","{""device"":""tablet"",""promo"":""SPRING15""}","2026-08-30"
"879","79","2026-08-30 01:29:41.437","CANCELLED","139.27","web","{""device"":""desktop"",""promo"":""LOYALTY5""}","2026-08-30"
"880","80","2026-08-30 00:52:41.437","PLACED","139.40","app","{""device"":""mobile"",""promo"":""NONE""}","2026-08-30"
"881","81","2026-08-30 00:15:41.437","SHIPPED","139.53","store","{""device"":""tablet"",""promo"":""WELCOME10""}","2026-08-30"
"882","82","2026-08-29 23:38:41.437","DELIVERED","139.66","web","{""device"":""desktop"",""promo"":""SPRING15""}","2026-08-29"
"883","83","2026-08-29 23:01:41.437","CANCELLED","139.79","app","{""device"":""mobile"",""promo"":""LOYALTY5""}","2026-08-29"
"884","84","2026-08-29 22:24:41.437","PLACED","139.92","store","{""device"":""tablet"",""promo"":""NONE""}","2026-08-29"
"885","85","2026-08-29 21:47:41.437","SHIPPED","140.05","web","{""device"":""desktop"",""promo"":""WELCOME10""}","2026-08-29"
"886","86","2026-08-29 21:10:41.437","DELIVERED","140.18","app","{""device"":""mobile"",""promo"":""SPRING15""}","2026-08-29"
"887","87","2026-08-29 20:33:41.437","CANCELLED","140.31","store","{""device"":""tablet"",""promo"":""LOYALTY5""}","2026-08-29"
"888","88","2026-08-29 19:56:41.437","PLACED","140.44","web","{""device"":""desktop"",""promo"":""NONE""}","2026-08-29"
"889","89","2026-08-29 19:19:41.437","SHIPPED","140.57","app","{""device"":""mobile"",""promo"":""WELCOME10""}","2026-08-29"
"890","90","2026-08-29 18:42:41.437","DELIVERED","140.70","store","{""device"":""tablet"",""promo"":""SPRING15""}","2026-08-29"
"891","91","2026-08-29 18:05:41.437","CANCELLED","140.83","web","{""device"":""desktop"",""promo"":""LOYALTY5""}","2026-08-29"
"892","92","2026-08-29 17:28:41.437","PLACED","140.96","app","{""device"":""mobile"",""promo"":""NONE""}","2026-08-29"
"893","93","2026-08-29 16:51:41.437","SHIPPED","141.09","store","{""device"":""tablet"",""promo"":""WELCOME10""}","2026-08-29"
"894","94","2026-08-29 16:14:41.437","DELIVERED","141.22","web","{""device"":""desktop"",""promo"":""SPRING15""}","2026-08-29"
"895","95","2026-08-29 15:37:41.437","CANCELLED","141.35","app","{""device"":""mobile"",""promo"":""LOYALTY5""}","2026-08-29"
"896","96","2026-08-29 15:00:41.437","PLACED","141.48","store","{""device"":""tablet"",""promo"":""NONE""}","2026-08-29"
"897","97","2026-08-29 14:23:41.437","SHIPPED","141.61","web","{""device"":""desktop"",""promo"":""WELCOME10""}","2026-08-29"
"898","98","2026-08-29 13:46:41.437","DELIVERED","141.74","app","{""device"":""mobile"",""promo"":""SPRING15""}","2026-08-29"
"899","99","2026-08-29 13:09:41.437","CANCELLED","141.87","store","{""device"":""tablet"",""promo"":""LOYALTY5""}","2026-08-29"
"900","100","2026-08-29 12:32:41.437","PLACED","142.00","web","{""device"":""desktop"",""promo"":""NONE""}","2026-08-29"
"901","101","2026-08-29 11:55:41.437","SHIPPED","142.13","app","{""device"":""mobile"",""promo"":""WELCOME10""}","2026-08-29"
"902","102","2026-08-29 11:18:41.437","DELIVERED","142.26","store","{""device"":""tablet"",""promo"":""SPRING15""}","2026-08-29"
"903","103","2026-08-29 10:41:41.437","CANCELLED","142.39","web","{""device"":""desktop"",""promo"":""LOYALTY5""}","2026-08-29"
"904","104","2026-08-29 10:04:41.437","PLACED","142.52","app","{""device"":""mobile"",""promo"":""NONE""}","2026-08-29"
"905","105","2026-08-29 09:27:41.437","SHIPPED","142.65","store","{""device"":""tablet"",""promo"":""WELCOME10""}","2026-08-29"
"906","106","2026-08-29 08:50:41.437","DELIVERED","142.78","web","{""device"":""desktop"",""promo"":""SPRING15""}","2026-08-29"
"907","107","2026-08-29 08:13:41.437","CANCELLED","142.91","app","{""device"":""mobile"",""promo"":""LOYALTY5""}","2026-08-29"
"908","108","2026-08-29 07:36:41.437","PLACED","143.04","store","{""device"":""tablet"",""promo"":""NONE""}","2026-08-29"
"909","109","2026-08-29 06:59:41.437","SHIPPED","143.17","web","{""device"":""desktop"",""promo"":""WELCOME10""}","2026-08-29"
"910","110","2026-08-29 06:22:41.437","DELIVERED","143.30","app","{""device"":""mobile"",""promo"":""SPRING15""}","2026-08-29"
"911","111","2026-08-29 05:45:41.437","CANCELLED","143.43","store","{""device"":""tablet"",""promo"":""LOYALTY5""}","2026-08-29"
"912","112","2026-08-29 05:08:41.437","PLACED","143.56","web","{""device"":""desktop"",""promo"":""NONE""}","2026-08-29"
"913","113","2026-08-29 04:31:41.437","SHIPPED","143.69","app","{""device"":""mobile"",""promo"":""WELCOME10""}","2026-08-29"
"914","114","2026-08-29 03:54:41.437","DELIVERED","143.82","store","{""device"":""tablet"",""promo"":""SPRING15""}","2026-08-29"
"915","115","2026-08-29 03:17:41.437","CANCELLED","143.95","web","{""device"":""desktop"",""promo"":""LOYALTY5""}","2026-08-29"
"916","116","2026-08-29 02:40:41.437","PLACED","144.08","app","{""device"":""mobile"",""promo"":""NONE""}","2026-08-29"
"917","117","2026-08-29 02:03:41.437","SHIPPED","144.21","store","{""device"":""tablet"",""promo"":""WELCOME10""}","2026-08-29"
"918","118","2026-08-29 01:26:41.437","DELIVERED","144.34","web","{""device"":""desktop"",""promo"":""SPRING15""}","2026-08-29"
"919","119","2026-08-29 00:49:41.437","CANCELLED","144.47","app","{""device"":""mobile"",""promo"":""LOYALTY5""}","2026-08-29"
"920","120","2026-08-29 00:12:41.437","PLACED","144.60","store","{""device"":""tablet"",""promo"":""NONE""}","2026-08-29"
"921","121","2026-08-28 23:35:41.437","SHIPPED","144.73","web","{""device"":""desktop"",""promo"":""WELCOME10""}","2026-08-28"
"922","122","2026-08-28 22:58:41.437","DELIVERED","144.86","app","{""device"":""mobile"",""promo"":""SPRING15""}","2026-08-28"
"923","123","2026-08-28 22:21:41.437","CANCELLED","144.99","store","{""device"":""tablet"",""promo"":""LOYALTY5""}","2026-08-28"
"924","124","2026-08-28 21:44:41.437","PLACED","145.12","web","{""device"":""desktop"",""promo"":""NONE""}","2026-08-28"
"925","125","2026-08-28 21:07:41.437","SHIPPED","145.25","app","{""device"":""mobile"",""promo"":""WELCOME10""}","2026-08-28"
"926","126","2026-08-28 20:30:41.437","DELIVERED","145.38","store","{""device"":""tablet"",""promo"":""SPRING15""}","2026-08-28"
"927","127","2026-08-28 19:53:41.437","CANCELLED","145.51","web","{""device"":""desktop"",""promo"":""LOYALTY5""}","2026-08-28"
"928","128","2026-08-28 19:16:41.437","PLACED","145.64","app","{""device"":""mobile"",""promo"":""NONE""}","2026-08-28"
"929","129","2026-08-28 18:39:41.437","SHIPPED","145.77","store","{""device"":""tablet"",""promo"":""WELCOME10""}","2026-08-28"
"930","130","2026-08-28 18:02:41.437","DELIVERED","145.90","web","{""device"":""desktop"",""promo"":""SPRING15""}","2026-08-28"
"931","131","2026-08-28 17:25:41.437","CANCELLED","146.03","app","{""device"":""mobile"",""promo"":""LOYALTY5""}","2026-08-28"
"932","132","2026-08-28 16:48:41.437","PLACED","146.16","store","{""device"":""tablet"",""promo"":""NONE""}","2026-08-28"
"933","133","2026-08-28 16:11:41.437","SHIPPED","146.29","web","{""device"":""desktop"",""promo"":""WELCOME10""}","2026-08-28"
"934","134","2026-08-28 15:34:41.437","DELIVERED","146.42","app","{""device"":""mobile"",""promo"":""SPRING15""}","2026-08-28"
"935","135","2026-08-28 14:57:41.437","CANCELLED","146.55","store","{""device"":""tablet"",""promo"":""LOYALTY5""}","2026-08-28"
"936","136","2026-08-28 14:20:41.437","PLACED","146.68","web","{""device"":""desktop"",""promo"":""NONE""}","2026-08-28"
"937","137","2026-08-28 13:43:41.437","SHIPPED","146.81","app","{""device"":""mobile"",""promo"":""WELCOME10""}","2026-08-28"
"938","138","2026-08-28 13:06:41.437","DELIVERED","146.94","store","{""device"":""tablet"",""promo"":""SPRING15""}","2026-08-28"
"939","139","2026-08-28 12:29:41.437","CANCELLED","147.07","web","{""device"":""desktop"",""promo"":""LOYALTY5""}","2026-08-28"
"940","140","2026-08-28 11:52:41.437","PLACED","147.20","app","{""device"":""mobile"",""promo"":""NONE""}","2026-08-28"
"941","141","2026-08-28 11:15:41.437","SHIPPED","147.33","store","{""device"":""tablet"",""promo"":""WELCOME10""}","2026-08-28"
"942","142","2026-08-28 10:38:41.437","DELIVERED","147.46","web","{""device"":""desktop"",""promo"":""SPRING15""}","2026-08-28"
"943","143","2026-08-28 10:01:41.437","CANCELLED","147.59","app","{""device"":""mobile"",""promo"":""LOYALTY5""}","2026-08-28"
"944","144","2026-08-28 09:24:41.437","PLACED","147.72","store","{""device"":""tablet"",""promo"":""NONE""}","2026-08-28"
"945","145","2026-08-28 08:47:41.437","SHIPPED","147.85","web","{""device"":""desktop"",""promo"":""WELCOME10""}","2026-08-28"
"946","146","2026-08-28 08:10:41.437","DELIVERED","147.98","app","{""device"":""mobile"",""promo"":""SPRING15""}","2026-08-28"
"947","147","2026-08-28 07:33:41.437","CANCELLED","148.11","store","{""device"":""tablet"",""promo"":""LOYALTY5""}","2026-08-28"
"948","148","2026-08-28 06:56:41.437","PLACED","148.24","web","{""device"":""desktop"",""promo"":""NONE""}","2026-08-28"
"949","149","2026-08-28 06:19:41.437","SHIPPED","148.37","app","{""device"":""mobile"",""promo"":""WELCOME10""}","2026-08-28"
"950","150","2026-08-28 05:42:41.437","DELIVERED","148.50","store","{""device"":""tablet"",""promo"":""SPRING15""}","2026-08-28"
"951","151","2026-08-28 05:05:41.437","CANCELLED","148.63","web","{""device"":""desktop"",""promo"":""LOYALTY5""}","2026-08-28"
"952","152","2026-08-28 04:28:41.437","PLACED","148.76","app","{""device"":""mobile"",""promo"":""NONE""}","2026-08-28"
"953","153","2026-08-28 03:51:41.437","SHIPPED","148.89","store","{""device"":""tablet"",""promo"":""WELCOME10""}","2026-08-28"
"954","154","2026-08-28 03:14:41.437","DELIVERED","149.02","web","{""device"":""desktop"",""promo"":""SPRING15""}","2026-08-28"
"955","155","2026-08-28 02:37:41.437","CANCELLED","149.15","app","{""device"":""mobile"",""promo"":""LOYALTY5""}","2026-08-28"
"956","156","2026-08-28 02:00:41.437","PLACED","149.28","store","{""device"":""tablet"",""promo"":""NONE""}","2026-08-28"
"957","157","2026-08-28 01:23:41.437","SHIPPED","149.41","web","{""device"":""desktop"",""promo"":""WELCOME10""}","2026-08-28"
"958","158","2026-08-28 00:46:41.437","DELIVERED","149.54","app","{""device"":""mobile"",""promo"":""SPRING15""}","2026-08-28"
"959","159","2026-08-28 00:09:41.437","CANCELLED","149.67","store","{""device"":""tablet"",""promo"":""LOYALTY5""}","2026-08-28"
"960","160","2026-08-27 23:32:41.437","PLACED","149.80","web","{""device"":""desktop"",""promo"":""NONE""}","2026-08-27"
"961","161","2026-08-27 22:55:41.437","SHIPPED","149.93","app","{""device"":""mobile"",""promo"":""WELCOME10""}","2026-08-27"
"962","162","2026-08-27 22:18:41.437","DELIVERED","150.06","store","{""device"":""tablet"",""promo"":""SPRING15""}","2026-08-27"
"963","163","2026-08-27 21:41:41.437","CANCELLED","150.19","web","{""device"":""desktop"",""promo"":""LOYALTY5""}","2026-08-27"
"964","164","2026-08-27 21:04:41.437","PLACED","150.32","app","{""device"":""mobile"",""promo"":""NONE""}","2026-08-27"
"965","165","2026-08-27 20:27:41.437","SHIPPED","150.45","store","{""device"":""tablet"",""promo"":""WELCOME10""}","2026-08-27"
"966","166","2026-08-27 19:50:41.437","DELIVERED","150.58","web","{""device"":""desktop"",""promo"":""SPRING15""}","2026-08-27"
"967","167","2026-08-27 19:13:41.437","CANCELLED","150.71","app","{""device"":""mobile"",""promo"":""LOYALTY5""}","2026-08-27"
"968","168","2026-08-27 18:36:41.437","PLACED","150.84","store","{""device"":""tablet"",""promo"":""NONE""}","2026-08-27"
"969","169","2026-08-27 17:59:41.437","SHIPPED","150.97","web","{""device"":""desktop"",""promo"":""WELCOME10""}","2026-08-27"
"970","170","2026-08-27 17:22:41.437","DELIVERED","151.10","app","{""device"":""mobile"",""promo"":""SPRING15""}","2026-08-27"
"971","171","2026-08-27 16:45:41.437","CANCELLED","151.23","store","{""device"":""tablet"",""promo"":""LOYALTY5""}","2026-08-27"
"972","172","2026-08-27 16:08:41.437","PLACED","151.36","web","{""device"":""desktop"",""promo"":""NONE""}","2026-08-27"
"973","173","2026-08-27 15:31:41.437","SHIPPED","151.49","app","{""device"":""mobile"",""promo"":""WELCOME10""}","2026-08-27"
"974","174","2026-08-27 14:54:41.437","DELIVERED","151.62","store","{""device"":""tablet"",""promo"":""SPRING15""}","2026-08-27"
"975","175","2026-08-27 14:17:41.437","CANCELLED","151.75","web","{""device"":""desktop"",""promo"":""LOYALTY5""}","2026-08-27"
"976","176","2026-08-27 13:40:41.437","PLACED","151.88","app","{""device"":""mobile"",""promo"":""NONE""}","2026-08-27"
"977","177","2026-08-27 13:03:41.437","SHIPPED","152.01","store","{""device"":""tablet"",""promo"":""WELCOME10""}","2026-08-27"
"978","178","2026-08-27 12:26:41.437","DELIVERED","152.14","web","{""device"":""desktop"",""promo"":""SPRING15""}","2026-08-27"
"979","179","2026-08-27 11:49:41.437","CANCELLED","152.27","app","{""device"":""mobile"",""promo"":""LOYALTY5""}","2026-08-27"
"980","180","2026-08-27 11:12:41.437","PLACED","152.40","store","{""device"":""tablet"",""promo"":""NONE""}","2026-08-27"
"981","181","2026-08-27 10:35:41.437","SHIPPED","152.53","web","{""device"":""desktop"",""promo"":""WELCOME10""}","2026-08-27"
"982","182","2026-08-27 09:58:41.437","DELIVERED","152.66","app","{""device"":""mobile"",""promo"":""SPRING15""}","2026-08-27"
"983","183","2026-08-27 09:21:41.437","CANCELLED","152.79","store","{""device"":""tablet"",""promo"":""LOYALTY5""}","2026-08-27"
"984","184","2026-08-27 08:44:41.437","PLACED","152.92","web","{""device"":""desktop"",""promo"":""NONE""}","2026-08-27"
"985","185","2026-08-27 08:07:41.437","SHIPPED","153.05","app","{""device"":""mobile"",""promo"":""WELCOME10""}","2026-08-27"
"986","186","2026-08-27 07:30:41.437","DELIVERED","153.18","store","{""device"":""tablet"",""promo"":""SPRING15""}","2026-08-27"
"987","187","2026-08-27 06:53:41.437","CANCELLED","153.31","web","{""device"":""desktop"",""promo"":""LOYALTY5""}","2026-08-27"
"988","188","2026-08-27 06:16:41.437","PLACED","153.44","app","{""device"":""mobile"",""promo"":""NONE""}","2026-08-27"
"989","189","2026-08-27 05:39:41.437","SHIPPED","153.57","store","{""device"":""tablet"",""promo"":""WELCOME10""}","2026-08-27"
"990","190","2026-08-27 05:02:41.437","DELIVERED","153.70","web","{""device"":""desktop"",""promo"":""SPRING15""}","2026-08-27"
"991","191","2026-08-27 04:25:41.437","CANCELLED","153.83","app","{""device"":""mobile"",""promo"":""LOYALTY5""}","2026-08-27"
"992","192","2026-08-27 03:48:41.437","PLACED","153.96","store","{""device"":""tablet"",""promo"":""NONE""}","2026-08-27"
"993","193","2026-08-27 03:11:41.437","SHIPPED","154.09","web","{""device"":""desktop"",""promo"":""WELCOME10""}","2026-08-27"
"994","194","2026-08-27 02:34:41.437","DELIVERED","154.22","app","{""device"":""mobile"",""promo"":""SPRING15""}","2026-08-27"
"995","195","2026-08-27 01:57:41.437","CANCELLED","154.35","store","{""device"":""tablet"",""promo"":""LOYALTY5""}","2026-08-27"
"996","196","2026-08-27 01:20:41.437","PLACED","154.48","web","{""device"":""desktop"",""promo"":""NONE""}","2026-08-27"
"997","197","2026-08-27 00:43:41.437","SHIPPED","154.61","app","{""device"":""mobile"",""promo"":""WELCOME10""}","2026-08-27"
"998","198","2026-08-27 00:06:41.437","DELIVERED","154.74","store","{""device"":""tablet"",""promo"":""SPRING15""}","2026-08-27"
"999","199","2026-08-26 23:29:41.437","CANCELLED","154.87","web","{""device"":""desktop"",""promo"":""LOYALTY5""}","2026-08-26"
"1000","200","2026-08-26 22:52:41.437","PLACED","155.00","app","{""device"":""mobile"",""promo"":""NONE""}","2026-08-26"
"1001","1","2026-08-26 22:15:41.437","SHIPPED","155.13","store","{""device"":""tablet"",""promo"":""WELCOME10""}","2026-08-26"
"1002","2","2026-08-26 21:38:41.437","DELIVERED","155.26","web","{""device"":""desktop"",""promo"":""SPRING15""}","2026-08-26"
"1003","3","2026-08-26 21:01:41.437","CANCELLED","155.39","app","{""device"":""mobile"",""promo"":""LOYALTY5""}","2026-08-26"
"1004","4","2026-08-26 20:24:41.437","PLACED","155.52","store","{""device"":""tablet"",""promo"":""NONE""}","2026-08-26"
"1005","5","2026-08-26 19:47:41.437","SHIPPED","155.65","web","{""device"":""desktop"",""promo"":""WELCOME10""}","2026-08-26"
"1006","6","2026-08-26 19:10:41.437","DELIVERED","155.78","app","{""device"":""mobile"",""promo"":""SPRING15""}","2026-08-26"
"1007","7","2026-08-26 18:33:41.437","CANCELLED","155.91","store","{""device"":""tablet"",""promo"":""LOYALTY5""}","2026-08-26"
"1008","8","2026-08-26 17:56:41.437","PLACED","156.04","web","{""device"":""desktop"",""promo"":""NONE""}","2026-08-26"
"1009","9","2026-08-26 17:19:41.437","SHIPPED","156.17","app","{""device"":""mobile"",""promo"":""WELCOME10""}","2026-08-26"
"1010","10","2026-08-26 16:42:41.437","DELIVERED","156.30","store","{""device"":""tablet"",""promo"":""SPRING15""}","2026-08-26"
"1011","11","2026-08-26 16:05:41.437","CANCELLED","156.43","web","{""device"":""desktop"",""promo"":""LOYALTY5""}","2026-08-26"
"1012","12","2026-08-26 15:28:41.437","PLACED","156.56","app","{""device"":""mobile"",""promo"":""NONE""}","2026-08-26"
"1013","13","2026-08-26 14:51:41.437","SHIPPED","156.69","store","{""device"":""tablet"",""promo"":""WELCOME10""}","2026-08-26"
"1014","14","2026-08-26 14:14:41.437","DELIVERED","156.82","web","{""device"":""desktop"",""promo"":""SPRING15""}","2026-08-26"
"1015","15","2026-08-26 13:37:41.437","CANCELLED","156.95","app","{""device"":""mobile"",""promo"":""LOYALTY5""}","2026-08-26"
"1016","16","2026-08-26 13:00:41.437","PLACED","157.08","store","{""device"":""tablet"",""promo"":""NONE""}","2026-08-26"
"1017","17","2026-08-26 12:23:41.437","SHIPPED","157.21","web","{""device"":""desktop"",""promo"":""WELCOME10""}","2026-08-26"
"1018","18","2026-08-26 11:46:41.437","DELIVERED","157.34","app","{""device"":""mobile"",""promo"":""SPRING15""}","2026-08-26"
"1019","19","2026-08-26 11:09:41.437","CANCELLED","157.47","store","{""device"":""tablet"",""promo"":""LOYALTY5""}","2026-08-26"
"1020","20","2026-08-26 10:32:41.437","PLACED","157.60","web","{""device"":""desktop"",""promo"":""NONE""}","2026-08-26"
"1021","21","2026-08-26 09:55:41.437","SHIPPED","157.73","app","{""device"":""mobile"",""promo"":""WELCOME10""}","2026-08-26"
"1022","22","2026-08-26 09:18:41.437","DELIVERED","157.86","store","{""device"":""tablet"",""promo"":""SPRING15""}","2026-08-26"
"1023","23","2026-08-26 08:41:41.437","CANCELLED","157.99","web","{""device"":""desktop"",""promo"":""LOYALTY5""}","2026-08-26"
"1024","24","2026-08-26 08:04:41.437","PLACED","158.12","app","{""device"":""mobile"",""promo"":""NONE""}","2026-08-26"
"1025","25","2026-08-26 07:27:41.437","SHIPPED","158.25","store","{""device"":""tablet"",""promo"":""WELCOME10""}","2026-08-26"
"1026","26","2026-08-26 06:50:41.437","DELIVERED","158.38","web","{""device"":""desktop"",""promo"":""SPRING15""}","2026-08-26"
"1027","27","2026-08-26 06:13:41.437","CANCELLED","158.51","app","{""device"":""mobile"",""promo"":""LOYALTY5""}","2026-08-26"
"1028","28","2026-08-26 05:36:41.437","PLACED","158.64","store","{""device"":""tablet"",""promo"":""NONE""}","2026-08-26"
"1029","29","2026-08-26 04:59:41.437","SHIPPED","158.77","web","{""device"":""desktop"",""promo"":""WELCOME10""}","2026-08-26"
"1030","30","2026-08-26 04:22:41.437","DELIVERED","158.90","app","{""device"":""mobile"",""promo"":""SPRING15""}","2026-08-26"
"1031","31","2026-08-26 03:45:41.437","CANCELLED","159.03","store","{""device"":""tablet"",""promo"":""LOYALTY5""}","2026-08-26"
"1032","32","2026-08-26 03:08:41.437","PLACED","159.16","web","{""device"":""desktop"",""promo"":""NONE""}","2026-08-26"
"1033","33","2026-08-26 02:31:41.437","SHIPPED","159.29","app","{""device"":""mobile"",""promo"":""WELCOME10""}","2026-08-26"
"1034","34","2026-08-26 01:54:41.437","DELIVERED","159.42","store","{""device"":""tablet"",""promo"":""SPRING15""}","2026-08-26"
"1035","35","2026-08-26 01:17:41.437","CANCELLED","159.55","web","{""device"":""desktop"",""promo"":""LOYALTY5""}","2026-08-26"
"1036","36","2026-08-26 00:40:41.437","PLACED","159.68","app","{""device"":""mobile"",""promo"":""NONE""}","2026-08-26"
"1037","37","2026-08-26 00:03:41.437","SHIPPED","159.81","store","{""device"":""tablet"",""promo"":""WELCOME10""}","2026-08-26"
"1038","38","2026-08-25 23:26:41.437","DELIVERED","159.94","web","{""device"":""desktop"",""promo"":""SPRING15""}","2026-08-25"
"1039","39","2026-08-25 22:49:41.437","CANCELLED","160.07","app","{""device"":""mobile"",""promo"":""LOYALTY5""}","2026-08-25"
"1040","40","2026-08-25 22:12:41.437","PLACED","160.20","store","{""device"":""tablet"",""promo"":""NONE""}","2026-08-25"
"1041","41","2026-08-25 21:35:41.437","SHIPPED","160.33","web","{""device"":""desktop"",""promo"":""WELCOME10""}","2026-08-25"
"1042","42","2026-08-25 20:58:41.437","DELIVERED","160.46","app","{""device"":""mobile"",""promo"":""SPRING15""}","2026-08-25"
"1043","43","2026-08-25 20:21:41.437","CANCELLED","160.59","store","{""device"":""tablet"",""promo"":""LOYALTY5""}","2026-08-25"
"1044","44","2026-08-25 19:44:41.437","PLACED","160.72","web","{""device"":""desktop"",""promo"":""NONE""}","2026-08-25"
"1045","45","2026-08-25 19:07:41.437","SHIPPED","160.85","app","{""device"":""mobile"",""promo"":""WELCOME10""}","2026-08-25"
"1046","46","2026-08-25 18:30:41.437","DELIVERED","160.98","store","{""device"":""tablet"",""promo"":""SPRING15""}","2026-08-25"
"1047","47","2026-08-25 17:53:41.437","CANCELLED","161.11","web","{""device"":""desktop"",""promo"":""LOYALTY5""}","2026-08-25"
"1048","48","2026-08-25 17:16:41.437","PLACED","161.24","app","{""device"":""mobile"",""promo"":""NONE""}","2026-08-25"
"1049","49","2026-08-25 16:39:41.437","SHIPPED","161.37","store","{""device"":""tablet"",""promo"":""WELCOME10""}","2026-08-25"
"1050","50","2026-08-25 16:02:41.437","DELIVERED","161.50","web","{""device"":""desktop"",""promo"":""SPRING15""}","2026-08-25"
"1051","51","2026-08-25 15:25:41.437","CANCELLED","161.63","app","{""device"":""mobile"",""promo"":""LOYALTY5""}","2026-08-25"
"1052","52","2026-08-25 14:48:41.437","PLACED","161.76","store","{""device"":""tablet"",""promo"":""NONE""}","2026-08-25"
"1053","53","2026-08-25 14:11:41.437","SHIPPED","161.89","web","{""device"":""desktop"",""promo"":""WELCOME10""}","2026-08-25"
"1054","54","2026-08-25 13:34:41.437","DELIVERED","162.02","app","{""device"":""mobile"",""promo"":""SPRING15""}","2026-08-25"
"1055","55","2026-08-25 12:57:41.437","CANCELLED","162.15","store","{""device"":""tablet"",""promo"":""LOYALTY5""}","2026-08-25"
"1056","56","2026-08-25 12:20:41.437","PLACED","162.28","web","{""device"":""desktop"",""promo"":""NONE""}","2026-08-25"
"1057","57","2026-08-25 11:43:41.437","SHIPPED","162.41","app","{""device"":""mobile"",""promo"":""WELCOME10""}","2026-08-25"
"1058","58","2026-08-25 11:06:41.437","DELIVERED","162.54","store","{""device"":""tablet"",""promo"":""SPRING15""}","2026-08-25"
"1059","59","2026-08-25 10:29:41.437","CANCELLED","162.67","web","{""device"":""desktop"",""promo"":""LOYALTY5""}","2026-08-25"
"1060","60","2026-08-25 09:52:41.437","PLACED","162.80","app","{""device"":""mobile"",""promo"":""NONE""}","2026-08-25"
"1061","61","2026-08-25 09:15:41.437","SHIPPED","162.93","store","{""device"":""tablet"",""promo"":""WELCOME10""}","2026-08-25"
"1062","62","2026-08-25 08:38:41.437","DELIVERED","163.06","web","{""device"":""desktop"",""promo"":""SPRING15""}","2026-08-25"
"1063","63","2026-08-25 08:01:41.437","CANCELLED","163.19","app","{""device"":""mobile"",""promo"":""LOYALTY5""}","2026-08-25"
"1064","64","2026-08-25 07:24:41.437","PLACED","163.32","store","{""device"":""tablet"",""promo"":""NONE""}","2026-08-25"
"1065","65","2026-08-25 06:47:41.437","SHIPPED","163.45","web","{""device"":""desktop"",""promo"":""WELCOME10""}","2026-08-25"
"1066","66","2026-08-25 06:10:41.437","DELIVERED","163.58","app","{""device"":""mobile"",""promo"":""SPRING15""}","2026-08-25"
"1067","67","2026-08-25 05:33:41.437","CANCELLED","163.71","store","{""device"":""tablet"",""promo"":""LOYALTY5""}","2026-08-25"
"1068","68","2026-08-25 04:56:41.437","PLACED","163.84","web","{""device"":""desktop"",""promo"":""NONE""}","2026-08-25"
"1069","69","2026-08-25 04:19:41.437","SHIPPED","163.97","app","{""device"":""mobile"",""promo"":""WELCOME10""}","2026-08-25"
"1070","70","2026-08-25 03:42:41.437","DELIVERED","164.10","store","{""device"":""tablet"",""promo"":""SPRING15""}","2026-08-25"
"1071","71","2026-08-25 03:05:41.437","CANCELLED","164.23","web","{""device"":""desktop"",""promo"":""LOYALTY5""}","2026-08-25"
"1072","72","2026-08-25 02:28:41.437","PLACED","164.36","app","{""device"":""mobile"",""promo"":""NONE""}","2026-08-25"
"1073","73","2026-08-25 01:51:41.437","SHIPPED","164.49","store","{""device"":""tablet"",""promo"":""WELCOME10""}","2026-08-25"
"1074","74","2026-08-25 01:14:41.437","DELIVERED","164.62","web","{""device"":""desktop"",""promo"":""SPRING15""}","2026-08-25"
"1075","75","2026-08-25 00:37:41.437","CANCELLED","164.75","app","{""device"":""mobile"",""promo"":""LOYALTY5""}","2026-08-25"
"1076","76","2026-08-25 00:00:41.437","PLACED","164.88","store","{""device"":""tablet"",""promo"":""NONE""}","2026-08-25"
"1077","77","2026-08-24 23:23:41.437","SHIPPED","165.01","web","{""device"":""desktop"",""promo"":""WELCOME10""}","2026-08-24"
"1078","78","2026-08-24 22:46:41.437","DELIVERED","165.14","app","{""device"":""mobile"",""promo"":""SPRING15""}","2026-08-24"
"1079","79","2026-08-24 22:09:41.437","CANCELLED","165.27","store","{""device"":""tablet"",""promo"":""LOYALTY5""}","2026-08-24"
"1080","80","2026-08-24 21:32:41.437","PLACED","165.40","web","{""device"":""desktop"",""promo"":""NONE""}","2026-08-24"
"1081","81","2026-08-24 20:55:41.437","SHIPPED","165.53","app","{""device"":""mobile"",""promo"":""WELCOME10""}","2026-08-24"
"1082","82","2026-08-24 20:18:41.437","DELIVERED","165.66","store","{""device"":""tablet"",""promo"":""SPRING15""}","2026-08-24"
"1083","83","2026-08-24 19:41:41.437","CANCELLED","165.79","web","{""device"":""desktop"",""promo"":""LOYALTY5""}","2026-08-24"
"1084","84","2026-08-24 19:04:41.437","PLACED","165.92","app","{""device"":""mobile"",""promo"":""NONE""}","2026-08-24"
"1085","85","2026-08-24 18:27:41.437","SHIPPED","166.05","store","{""device"":""tablet"",""promo"":""WELCOME10""}","2026-08-24"
"1086","86","2026-08-24 17:50:41.437","DELIVERED","166.18","web","{""device"":""desktop"",""promo"":""SPRING15""}","2026-08-24"
"1087","87","2026-08-24 17:13:41.437","CANCELLED","166.31","app","{""device"":""mobile"",""promo"":""LOYALTY5""}","2026-08-24"
"1088","88","2026-08-24 16:36:41.437","PLACED","166.44","store","{""device"":""tablet"",""promo"":""NONE""}","2026-08-24"
"1089","89","2026-08-24 15:59:41.437","SHIPPED","166.57","web","{""device"":""desktop"",""promo"":""WELCOME10""}","2026-08-24"
"1090","90","2026-08-24 15:22:41.437","DELIVERED","166.70","app","{""device"":""mobile"",""promo"":""SPRING15""}","2026-08-24"
"1091","91","2026-08-24 14:45:41.437","CANCELLED","166.83","store","{""device"":""tablet"",""promo"":""LOYALTY5""}","2026-08-24"
"1092","92","2026-08-24 14:08:41.437","PLACED","166.96","web","{""device"":""desktop"",""promo"":""NONE""}","2026-08-24"
"1093","93","2026-08-24 13:31:41.437","SHIPPED","167.09","app","{""device"":""mobile"",""promo"":""WELCOME10""}","2026-08-24"
"1094","94","2026-08-24 12:54:41.437","DELIVERED","167.22","store","{""device"":""tablet"",""promo"":""SPRING15""}","2026-08-24"
"1095","95","2026-08-24 12:17:41.437","CANCELLED","167.35","web","{""device"":""desktop"",""promo"":""LOYALTY5""}","2026-08-24"
"1096","96","2026-08-24 11:40:41.437","PLACED","167.48","app","{""device"":""mobile"",""promo"":""NONE""}","2026-08-24"
"1097","97","2026-08-24 11:03:41.437","SHIPPED","167.61","store","{""device"":""tablet"",""promo"":""WELCOME10""}","2026-08-24"
"1098","98","2026-08-24 10:26:41.437","DELIVERED","167.74","web","{""device"":""desktop"",""promo"":""SPRING15""}","2026-08-24"
"1099","99","2026-08-24 09:49:41.437","CANCELLED","167.87","app","{""device"":""mobile"",""promo"":""LOYALTY5""}","2026-08-24"
"1100","100","2026-08-24 09:12:41.437","PLACED","168.00","store","{""device"":""tablet"",""promo"":""NONE""}","2026-08-24"
"1101","101","2026-08-24 08:35:41.437","SHIPPED","168.13","web","{""device"":""desktop"",""promo"":""WELCOME10""}","2026-08-24"
"1102","102","2026-08-24 07:58:41.437","DELIVERED","168.26","app","{""device"":""mobile"",""promo"":""SPRING15""}","2026-08-24"
"1103","103","2026-08-24 07:21:41.437","CANCELLED","168.39","store","{""device"":""tablet"",""promo"":""LOYALTY5""}","2026-08-24"
"1104","104","2026-08-24 06:44:41.437","PLACED","168.52","web","{""device"":""desktop"",""promo"":""NONE""}","2026-08-24"
"1105","105","2026-08-24 06:07:41.437","SHIPPED","168.65","app","{""device"":""mobile"",""promo"":""WELCOME10""}","2026-08-24"
"1106","106","2026-08-24 05:30:41.437","DELIVERED","168.78","store","{""device"":""tablet"",""promo"":""SPRING15""}","2026-08-24"
"1107","107","2026-08-24 04:53:41.437","CANCELLED","168.91","web","{""device"":""desktop"",""promo"":""LOYALTY5""}","2026-08-24"
"1108","108","2026-08-24 04:16:41.437","PLACED","169.04","app","{""device"":""mobile"",""promo"":""NONE""}","2026-08-24"
"1109","109","2026-08-24 03:39:41.437","SHIPPED","169.17","store","{""device"":""tablet"",""promo"":""WELCOME10""}","2026-08-24"
"1110","110","2026-08-24 03:02:41.437","DELIVERED","169.30","web","{""device"":""desktop"",""promo"":""SPRING15""}","2026-08-24"
"1111","111","2026-08-24 02:25:41.437","CANCELLED","169.43","app","{""device"":""mobile"",""promo"":""LOYALTY5""}","2026-08-24"
"1112","112","2026-08-24 01:48:41.437","PLACED","169.56","store","{""device"":""tablet"",""promo"":""NONE""}","2026-08-24"
"1113","113","2026-08-24 01:11:41.437","SHIPPED","169.69","web","{""device"":""desktop"",""promo"":""WELCOME10""}","2026-08-24"
"1114","114","2026-08-24 00:34:41.437","DELIVERED","169.82","app","{""device"":""mobile"",""promo"":""SPRING15""}","2026-08-24"
"1115","115","2026-08-23 23:57:41.437","CANCELLED","169.95","store","{""device"":""tablet"",""promo"":""LOYALTY5""}","2026-08-23"
"1116","116","2026-08-23 23:20:41.437","PLACED","170.08","web","{""device"":""desktop"",""promo"":""NONE""}","2026-08-23"
"1117","117","2026-08-23 22:43:41.437","SHIPPED","170.21","app","{""device"":""mobile"",""promo"":""WELCOME10""}","2026-08-23"
"1118","118","2026-08-23 22:06:41.437","DELIVERED","170.34","store","{""device"":""tablet"",""promo"":""SPRING15""}","2026-08-23"
"1119","119","2026-08-23 21:29:41.437","CANCELLED","170.47","web","{""device"":""desktop"",""promo"":""LOYALTY5""}","2026-08-23"
"1120","120","2026-08-23 20:52:41.437","PLACED","170.60","app","{""device"":""mobile"",""promo"":""NONE""}","2026-08-23"
"1121","121","2026-08-23 20:15:41.437","SHIPPED","170.73","store","{""device"":""tablet"",""promo"":""WELCOME10""}","2026-08-23"
"1122","122","2026-08-23 19:38:41.437","DELIVERED","170.86","web","{""device"":""desktop"",""promo"":""SPRING15""}","2026-08-23"
"1123","123","2026-08-23 19:01:41.437","CANCELLED","170.99","app","{""device"":""mobile"",""promo"":""LOYALTY5""}","2026-08-23"
"1124","124","2026-08-23 18:24:41.437","PLACED","171.12","store","{""device"":""tablet"",""promo"":""NONE""}","2026-08-23"
"1125","125","2026-08-23 17:47:41.437","SHIPPED","171.25","web","{""device"":""desktop"",""promo"":""WELCOME10""}","2026-08-23"
"1126","126","2026-08-23 17:10:41.437","DELIVERED","171.38","app","{""device"":""mobile"",""promo"":""SPRING15""}","2026-08-23"
"1127","127","2026-08-23 16:33:41.437","CANCELLED","171.51","store","{""device"":""tablet"",""promo"":""LOYALTY5""}","2026-08-23"
"1128","128","2026-08-23 15:56:41.437","PLACED","171.64","web","{""device"":""desktop"",""promo"":""NONE""}","2026-08-23"
"1129","129","2026-08-23 15:19:41.437","SHIPPED","171.77","app","{""device"":""mobile"",""promo"":""WELCOME10""}","2026-08-23"
"1130","130","2026-08-23 14:42:41.437","DELIVERED","171.90","store","{""device"":""tablet"",""promo"":""SPRING15""}","2026-08-23"
"1131","131","2026-08-23 14:05:41.437","CANCELLED","172.03","web","{""device"":""desktop"",""promo"":""LOYALTY5""}","2026-08-23"
"1132","132","2026-08-23 13:28:41.437","PLACED","172.16","app","{""device"":""mobile"",""promo"":""NONE""}","2026-08-23"
"1133","133","2026-08-23 12:51:41.437","SHIPPED","172.29","store","{""device"":""tablet"",""promo"":""WELCOME10""}","2026-08-23"
"1134","134","2026-08-23 12:14:41.437","DELIVERED","172.42","web","{""device"":""desktop"",""promo"":""SPRING15""}","2026-08-23"
"1135","135","2026-08-23 11:37:41.437","CANCELLED","172.55","app","{""device"":""mobile"",""promo"":""LOYALTY5""}","2026-08-23"
"1136","136","2026-08-23 11:00:41.437","PLACED","172.68","store","{""device"":""tablet"",""promo"":""NONE""}","2026-08-23"
"1137","137","2026-08-23 10:23:41.437","SHIPPED","172.81","web","{""device"":""desktop"",""promo"":""WELCOME10""}","2026-08-23"
"1138","138","2026-08-23 09:46:41.437","DELIVERED","172.94","app","{""device"":""mobile"",""promo"":""SPRING15""}","2026-08-23"
"1139","139","2026-08-23 09:09:41.437","CANCELLED","173.07","store","{""device"":""tablet"",""promo"":""LOYALTY5""}","2026-08-23"
"1140","140","2026-08-23 08:32:41.437","PLACED","173.20","web","{""device"":""desktop"",""promo"":""NONE""}","2026-08-23"
"1141","141","2026-08-23 07:55:41.437","SHIPPED","173.33","app","{""device"":""mobile"",""promo"":""WELCOME10""}","2026-08-23"
"1142","142","2026-08-23 07:18:41.437","DELIVERED","173.46","store","{""device"":""tablet"",""promo"":""SPRING15""}","2026-08-23"
"1143","143","2026-08-23 06:41:41.437","CANCELLED","173.59","web","{""device"":""desktop"",""promo"":""LOYALTY5""}","2026-08-23"
"1144","144","2026-08-23 06:04:41.437","PLACED","173.72","app","{""device"":""mobile"",""promo"":""NONE""}","2026-08-23"
"1145","145","2026-08-23 05:27:41.437","SHIPPED","173.85","store","{""device"":""tablet"",""promo"":""WELCOME10""}","2026-08-23"
"1146","146","2026-08-23 04:50:41.437","DELIVERED","173.98","web","{""device"":""desktop"",""promo"":""SPRING15""}","2026-08-23"
"1147","147","2026-08-23 04:13:41.437","CANCELLED","174.11","app","{""device"":""mobile"",""promo"":""LOYALTY5""}","2026-08-23"
"1148","148","2026-08-23 03:36:41.437","PLACED","174.24","store","{""device"":""tablet"",""promo"":""NONE""}","2026-08-23"
"1149","149","2026-08-23 02:59:41.437","SHIPPED","174.37","web","{""device"":""desktop"",""promo"":""WELCOME10""}","2026-08-23"
"1150","150","2026-08-23 02:22:41.437","DELIVERED","174.50","app","{""device"":""mobile"",""promo"":""SPRING15""}","2026-08-23"
"1151","151","2026-08-23 01:45:41.437","CANCELLED","174.63","store","{""device"":""tablet"",""promo"":""LOYALTY5""}","2026-08-23"
"1152","152","2026-08-23 01:08:41.437","PLACED","174.76","web","{""device"":""desktop"",""promo"":""NONE""}","2026-08-23"
"1153","153","2026-08-23 00:31:41.437","SHIPPED","174.89","app","{""device"":""mobile"",""promo"":""WELCOME10""}","2026-08-23"
"1154","154","2026-08-22 23:54:41.437","DELIVERED","175.02","store","{""device"":""tablet"",""promo"":""SPRING15""}","2026-08-22"
"1155","155","2026-08-22 23:17:41.437","CANCELLED","175.15","web","{""device"":""desktop"",""promo"":""LOYALTY5""}","2026-08-22"
"1156","156","2026-08-22 22:40:41.437","PLACED","175.28","app","{""device"":""mobile"",""promo"":""NONE""}","2026-08-22"
"1157","157","2026-08-22 22:03:41.437","SHIPPED","175.41","store","{""device"":""tablet"",""promo"":""WELCOME10""}","2026-08-22"
"1158","158","2026-08-22 21:26:41.437","DELIVERED","175.54","web","{""device"":""desktop"",""promo"":""SPRING15""}","2026-08-22"
"1159","159","2026-08-22 20:49:41.437","CANCELLED","175.67","app","{""device"":""mobile"",""promo"":""LOYALTY5""}","2026-08-22"
"1160","160","2026-08-22 20:12:41.437","PLACED","175.80","store","{""device"":""tablet"",""promo"":""NONE""}","2026-08-22"
"1161","161","2026-08-22 19:35:41.437","SHIPPED","175.93","web","{""device"":""desktop"",""promo"":""WELCOME10""}","2026-08-22"
"1162","162","2026-08-22 18:58:41.437","DELIVERED","176.06","app","{""device"":""mobile"",""promo"":""SPRING15""}","2026-08-22"
"1163","163","2026-08-22 18:21:41.437","CANCELLED","176.19","store","{""device"":""tablet"",""promo"":""LOYALTY5""}","2026-08-22"
"1164","164","2026-08-22 17:44:41.437","PLACED","176.32","web","{""device"":""desktop"",""promo"":""NONE""}","2026-08-22"
"1165","165","2026-08-22 17:07:41.437","SHIPPED","176.45","app","{""device"":""mobile"",""promo"":""WELCOME10""}","2026-08-22"
"1166","166","2026-08-22 16:30:41.437","DELIVERED","176.58","store","{""device"":""tablet"",""promo"":""SPRING15""}","2026-08-22"
"1167","167","2026-08-22 15:53:41.437","CANCELLED","176.71","web","{""device"":""desktop"",""promo"":""LOYALTY5""}","2026-08-22"
"1168","168","2026-08-22 15:16:41.437","PLACED","176.84","app","{""device"":""mobile"",""promo"":""NONE""}","2026-08-22"
"1169","169","2026-08-22 14:39:41.437","SHIPPED","176.97","store","{""device"":""tablet"",""promo"":""WELCOME10""}","2026-08-22"
"1170","170","2026-08-22 14:02:41.437","DELIVERED","177.10","web","{""device"":""desktop"",""promo"":""SPRING15""}","2026-08-22"
"1171","171","2026-08-22 13:25:41.437","CANCELLED","177.23","app","{""device"":""mobile"",""promo"":""LOYALTY5""}","2026-08-22"
"1172","172","2026-08-22 12:48:41.437","PLACED","177.36","store","{""device"":""tablet"",""promo"":""NONE""}","2026-08-22"
"1173","173","2026-08-22 12:11:41.437","SHIPPED","177.49","web","{""device"":""desktop"",""promo"":""WELCOME10""}","2026-08-22"
"1174","174","2026-08-22 11:34:41.437","DELIVERED","177.62","app","{""device"":""mobile"",""promo"":""SPRING15""}","2026-08-22"
"1175","175","2026-08-22 10:57:41.437","CANCELLED","177.75","store","{""device"":""tablet"",""promo"":""LOYALTY5""}","2026-08-22"
"1176","176","2026-08-22 10:20:41.437","PLACED","177.88","web","{""device"":""desktop"",""promo"":""NONE""}","2026-08-22"
"1177","177","2026-08-22 09:43:41.437","SHIPPED","178.01","app","{""device"":""mobile"",""promo"":""WELCOME10""}","2026-08-22"
"1178","178","2026-08-22 09:06:41.437","DELIVERED","178.14","store","{""device"":""tablet"",""promo"":""SPRING15""}","2026-08-22"
"1179","179","2026-08-22 08:29:41.437","CANCELLED","178.27","web","{""device"":""desktop"",""promo"":""LOYALTY5""}","2026-08-22"
"1180","180","2026-08-22 07:52:41.437","PLACED","178.40","app","{""device"":""mobile"",""promo"":""NONE""}","2026-08-22"
"1181","181","2026-08-22 07:15:41.437","SHIPPED","178.53","store","{""device"":""tablet"",""promo"":""WELCOME10""}","2026-08-22"
"1182","182","2026-08-22 06:38:41.437","DELIVERED","178.66","web","{""device"":""desktop"",""promo"":""SPRING15""}","2026-08-22"
"1183","183","2026-08-22 06:01:41.437","CANCELLED","178.79","app","{""device"":""mobile"",""promo"":""LOYALTY5""}","2026-08-22"
"1184","184","2026-08-22 05:24:41.437","PLACED","178.92","store","{""device"":""tablet"",""promo"":""NONE""}","2026-08-22"
"1185","185","2026-08-22 04:47:41.437","SHIPPED","179.05","web","{""device"":""desktop"",""promo"":""WELCOME10""}","2026-08-22"
"1186","186","2026-08-22 04:10:41.437","DELIVERED","179.18","app","{""device"":""mobile"",""promo"":""SPRING15""}","2026-08-22"
"1187","187","2026-08-22 03:33:41.437","CANCELLED","179.31","store","{""device"":""tablet"",""promo"":""LOYALTY5""}","2026-08-22"
"1188","188","2026-08-22 02:56:41.437","PLACED","179.44","web","{""device"":""desktop"",""promo"":""NONE""}","2026-08-22"
"1189","189","2026-08-22 02:19:41.437","SHIPPED","179.57","app","{""device"":""mobile"",""promo"":""WELCOME10""}","2026-08-22"
"1190","190","2026-08-22 01:42:41.437","DELIVERED","179.70","store","{""device"":""tablet"",""promo"":""SPRING15""}","2026-08-22"
"1191","191","2026-08-22 01:05:41.437","CANCELLED","179.83","web","{""device"":""desktop"",""promo"":""LOYALTY5""}","2026-08-22"
"1192","192","2026-08-22 00:28:41.437","PLACED","179.96","app","{""device"":""mobile"",""promo"":""NONE""}","2026-08-22"
"1193","193","2026-08-21 23:51:41.437","SHIPPED","180.09","store","{""device"":""tablet"",""promo"":""WELCOME10""}","2026-08-21"
"1194","194","2026-08-21 23:14:41.437","DELIVERED","180.22","web","{""device"":""desktop"",""promo"":""SPRING15""}","2026-08-21"
"1195","195","2026-08-21 22:37:41.437","CANCELLED","180.35","app","{""device"":""mobile"",""promo"":""LOYALTY5""}","2026-08-21"
"1196","196","2026-08-21 22:00:41.437","PLACED","180.48","store","{""device"":""tablet"",""promo"":""NONE""}","2026-08-21"
"1197","197","2026-08-21 21:23:41.437","SHIPPED","180.61","web","{""device"":""desktop"",""promo"":""WELCOME10""}","2026-08-21"
"1198","198","2026-08-21 20:46:41.437","DELIVERED","180.74","app","{""device"":""mobile"",""promo"":""SPRING15""}","2026-08-21"
"1199","199","2026-08-21 20:09:41.437","CANCELLED","180.87","store","{""device"":""tablet"",""promo"":""LOYALTY5""}","2026-08-21"
"1200","200","2026-08-21 19:32:41.437","PLACED","181.00","web","{""device"":""desktop"",""promo"":""NONE""}","2026-08-21"
"1201","1","2026-08-21 18:55:41.437","SHIPPED","181.13","app","{""device"":""mobile"",""promo"":""WELCOME10""}","2026-08-21"
"1202","2","2026-08-21 18:18:41.437","DELIVERED","181.26","store","{""device"":""tablet"",""promo"":""SPRING15""}","2026-08-21"
"1203","3","2026-08-21 17:41:41.437","CANCELLED","181.39","web","{""device"":""desktop"",""promo"":""LOYALTY5""}","2026-08-21"
"1204","4","2026-08-21 17:04:41.437","PLACED","181.52","app","{""device"":""mobile"",""promo"":""NONE""}","2026-08-21"
"1205","5","2026-08-21 16:27:41.437","SHIPPED","181.65","store","{""device"":""tablet"",""promo"":""WELCOME10""}","2026-08-21"
"1206","6","2026-08-21 15:50:41.437","DELIVERED","181.78","web","{""device"":""desktop"",""promo"":""SPRING15""}","2026-08-21"
"1207","7","2026-08-21 15:13:41.437","CANCELLED","181.91","app","{""device"":""mobile"",""promo"":""LOYALTY5""}","2026-08-21"
"1208","8","2026-08-21 14:36:41.437","PLACED","182.04","store","{""device"":""tablet"",""promo"":""NONE""}","2026-08-21"
"1209","9","2026-08-21 13:59:41.437","SHIPPED","182.17","web","{""device"":""desktop"",""promo"":""WELCOME10""}","2026-08-21"
"1210","10","2026-08-21 13:22:41.437","DELIVERED","182.30","app","{""device"":""mobile"",""promo"":""SPRING15""}","2026-08-21"
"1211","11","2026-08-21 12:45:41.437","CANCELLED","182.43","store","{""device"":""tablet"",""promo"":""LOYALTY5""}","2026-08-21"
"1212","12","2026-08-21 12:08:41.437","PLACED","182.56","web","{""device"":""desktop"",""promo"":""NONE""}","2026-08-21"
"1213","13","2026-08-21 11:31:41.437","SHIPPED","182.69","app","{""device"":""mobile"",""promo"":""WELCOME10""}","2026-08-21"
"1214","14","2026-08-21 10:54:41.437","DELIVERED","182.82","store","{""device"":""tablet"",""promo"":""SPRING15""}","2026-08-21"
"1215","15","2026-08-21 10:17:41.437","CANCELLED","182.95","web","{""device"":""desktop"",""promo"":""LOYALTY5""}","2026-08-21"
"1216","16","2026-08-21 09:40:41.437","PLACED","183.08","app","{""device"":""mobile"",""promo"":""NONE""}","2026-08-21"
"1217","17","2026-08-21 09:03:41.437","SHIPPED","183.21","store","{""device"":""tablet"",""promo"":""WELCOME10""}","2026-08-21"
"1218","18","2026-08-21 08:26:41.437","DELIVERED","183.34","web","{""device"":""desktop"",""promo"":""SPRING15""}","2026-08-21"
"1219","19","2026-08-21 07:49:41.437","CANCELLED","183.47","app","{""device"":""mobile"",""promo"":""LOYALTY5""}","2026-08-21"
"1220","20","2026-08-21 07:12:41.437","PLACED","183.60","store","{""device"":""tablet"",""promo"":""NONE""}","2026-08-21"
"1221","21","2026-08-21 06:35:41.437","SHIPPED","183.73","web","{""device"":""desktop"",""promo"":""WELCOME10""}","2026-08-21"
"1222","22","2026-08-21 05:58:41.437","DELIVERED","183.86","app","{""device"":""mobile"",""promo"":""SPRING15""}","2026-08-21"
"1223","23","2026-08-21 05:21:41.437","CANCELLED","183.99","store","{""device"":""tablet"",""promo"":""LOYALTY5""}","2026-08-21"
"1224","24","2026-08-21 04:44:41.437","PLACED","184.12","web","{""device"":""desktop"",""promo"":""NONE""}","2026-08-21"
"1225","25","2026-08-21 04:07:41.437","SHIPPED","184.25","app","{""device"":""mobile"",""promo"":""WELCOME10""}","2026-08-21"
"1226","26","2026-08-21 03:30:41.437","DELIVERED","184.38","store","{""device"":""tablet"",""promo"":""SPRING15""}","2026-08-21"
"1227","27","2026-08-21 02:53:41.437","CANCELLED","184.51","web","{""device"":""desktop"",""promo"":""LOYALTY5""}","2026-08-21"
"1228","28","2026-08-21 02:16:41.437","PLACED","184.64","app","{""device"":""mobile"",""promo"":""NONE""}","2026-08-21"
"1229","29","2026-08-21 01:39:41.437","SHIPPED","184.77","store","{""device"":""tablet"",""promo"":""WELCOME10""}","2026-08-21"
"1230","30","2026-08-21 01:02:41.437","DELIVERED","184.90","web","{""device"":""desktop"",""promo"":""SPRING15""}","2026-08-21"
"1231","31","2026-08-21 00:25:41.437","CANCELLED","185.03","app","{""device"":""mobile"",""promo"":""LOYALTY5""}","2026-08-21"
"1232","32","2026-08-20 23:48:41.437","PLACED","185.16","store","{""device"":""tablet"",""promo"":""NONE""}","2026-08-20"
"1233","33","2026-08-20 23:11:41.437","SHIPPED","185.29","web","{""device"":""desktop"",""promo"":""WELCOME10""}","2026-08-20"
"1234","34","2026-08-20 22:34:41.437","DELIVERED","185.42","app","{""device"":""mobile"",""promo"":""SPRING15""}","2026-08-20"
"1235","35","2026-08-20 21:57:41.437","CANCELLED","185.55","store","{""device"":""tablet"",""promo"":""LOYALTY5""}","2026-08-20"
"1236","36","2026-08-20 21:20:41.437","PLACED","185.68","web","{""device"":""desktop"",""promo"":""NONE""}","2026-08-20"
"1237","37","2026-08-20 20:43:41.437","SHIPPED","185.81","app","{""device"":""mobile"",""promo"":""WELCOME10""}","2026-08-20"
"1238","38","2026-08-20 20:06:41.437","DELIVERED","185.94","store","{""device"":""tablet"",""promo"":""SPRING15""}","2026-08-20"
"1239","39","2026-08-20 19:29:41.437","CANCELLED","186.07","web","{""device"":""desktop"",""promo"":""LOYALTY5""}","2026-08-20"
"1240","40","2026-08-20 18:52:41.437","PLACED","186.20","app","{""device"":""mobile"",""promo"":""NONE""}","2026-08-20"
"1241","41","2026-08-20 18:15:41.437","SHIPPED","186.33","store","{""device"":""tablet"",""promo"":""WELCOME10""}","2026-08-20"
"1242","42","2026-08-20 17:38:41.437","DELIVERED","186.46","web","{""device"":""desktop"",""promo"":""SPRING15""}","2026-08-20"
"1243","43","2026-08-20 17:01:41.437","CANCELLED","186.59","app","{""device"":""mobile"",""promo"":""LOYALTY5""}","2026-08-20"
"1244","44","2026-08-20 16:24:41.437","PLACED","186.72","store","{""device"":""tablet"",""promo"":""NONE""}","2026-08-20"
"1245","45","2026-08-20 15:47:41.437","SHIPPED","186.85","web","{""device"":""desktop"",""promo"":""WELCOME10""}","2026-08-20"
"1246","46","2026-08-20 15:10:41.437","DELIVERED","186.98","app","{""device"":""mobile"",""promo"":""SPRING15""}","2026-08-20"
"1247","47","2026-08-20 14:33:41.437","CANCELLED","187.11","store","{""device"":""tablet"",""promo"":""LOYALTY5""}","2026-08-20"
"1248","48","2026-08-20 13:56:41.437","PLACED","187.24","web","{""device"":""desktop"",""promo"":""NONE""}","2026-08-20"
"1249","49","2026-08-20 13:19:41.437","SHIPPED","187.37","app","{""device"":""mobile"",""promo"":""WELCOME10""}","2026-08-20"
"1250","50","2026-08-20 12:42:41.437","DELIVERED","187.50","store","{""device"":""tablet"",""promo"":""SPRING15""}","2026-08-20"
"1251","51","2026-08-20 12:05:41.437","CANCELLED","187.63","web","{""device"":""desktop"",""promo"":""LOYALTY5""}","2026-08-20"
"1252","52","2026-08-20 11:28:41.437","PLACED","187.76","app","{""device"":""mobile"",""promo"":""NONE""}","2026-08-20"
"1253","53","2026-08-20 10:51:41.437","SHIPPED","187.89","store","{""device"":""tablet"",""promo"":""WELCOME10""}","2026-08-20"
"1254","54","2026-08-20 10:14:41.437","DELIVERED","188.02","web","{""device"":""desktop"",""promo"":""SPRING15""}","2026-08-20"
"1255","55","2026-08-20 09:37:41.437","CANCELLED","188.15","app","{""device"":""mobile"",""promo"":""LOYALTY5""}","2026-08-20"
"1256","56","2026-08-20 09:00:41.437","PLACED","188.28","store","{""device"":""tablet"",""promo"":""NONE""}","2026-08-20"
"1257","57","2026-08-20 08:23:41.437","SHIPPED","188.41","web","{""device"":""desktop"",""promo"":""WELCOME10""}","2026-08-20"
"1258","58","2026-08-20 07:46:41.437","DELIVERED","188.54","app","{""device"":""mobile"",""promo"":""SPRING15""}","2026-08-20"
"1259","59","2026-08-20 07:09:41.437","CANCELLED","188.67","store","{""device"":""tablet"",""promo"":""LOYALTY5""}","2026-08-20"
"1260","60","2026-08-20 06:32:41.437","PLACED","188.80","web","{""device"":""desktop"",""promo"":""NONE""}","2026-08-20"
"1261","61","2026-08-20 05:55:41.437","SHIPPED","188.93","app","{""device"":""mobile"",""promo"":""WELCOME10""}","2026-08-20"
"1262","62","2026-08-20 05:18:41.437","DELIVERED","189.06","store","{""device"":""tablet"",""promo"":""SPRING15""}","2026-08-20"
"1263","63","2026-08-20 04:41:41.437","CANCELLED","189.19","web","{""device"":""desktop"",""promo"":""LOYALTY5""}","2026-08-20"
"1264","64","2026-08-20 04:04:41.437","PLACED","189.32","app","{""device"":""mobile"",""promo"":""NONE""}","2026-08-20"
"1265","65","2026-08-20 03:27:41.437","SHIPPED","189.45","store","{""device"":""tablet"",""promo"":""WELCOME10""}","2026-08-20"
"1266","66","2026-08-20 02:50:41.437","DELIVERED","189.58","web","{""device"":""desktop"",""promo"":""SPRING15""}","2026-08-20"
"1267","67","2026-08-20 02:13:41.437","CANCELLED","189.71","app","{""device"":""mobile"",""promo"":""LOYALTY5""}","2026-08-20"
"1268","68","2026-08-20 01:36:41.437","PLACED","189.84","store","{""device"":""tablet"",""promo"":""NONE""}","2026-08-20"
"1269","69","2026-08-20 00:59:41.437","SHIPPED","189.97","web","{""device"":""desktop"",""promo"":""WELCOME10""}","2026-08-20"
"1270","70","2026-08-20 00:22:41.437","DELIVERED","190.10","app","{""device"":""mobile"",""promo"":""SPRING15""}","2026-08-20"
"1271","71","2026-08-19 23:45:41.437","CANCELLED","190.23","store","{""device"":""tablet"",""promo"":""LOYALTY5""}","2026-08-19"
"1272","72","2026-08-19 23:08:41.437","PLACED","190.36","web","{""device"":""desktop"",""promo"":""NONE""}","2026-08-19"
"1273","73","2026-08-19 22:31:41.437","SHIPPED","190.49","app","{""device"":""mobile"",""promo"":""WELCOME10""}","2026-08-19"
"1274","74","2026-08-19 21:54:41.437","DELIVERED","190.62","store","{""device"":""tablet"",""promo"":""SPRING15""}","2026-08-19"
"1275","75","2026-08-19 21:17:41.437","CANCELLED","190.75","web","{""device"":""desktop"",""promo"":""LOYALTY5""}","2026-08-19"
"1276","76","2026-08-19 20:40:41.437","PLACED","190.88","app","{""device"":""mobile"",""promo"":""NONE""}","2026-08-19"
"1277","77","2026-08-19 20:03:41.437","SHIPPED","191.01","store","{""device"":""tablet"",""promo"":""WELCOME10""}","2026-08-19"
"1278","78","2026-08-19 19:26:41.437","DELIVERED","191.14","web","{""device"":""desktop"",""promo"":""SPRING15""}","2026-08-19"
"1279","79","2026-08-19 18:49:41.437","CANCELLED","191.27","app","{""device"":""mobile"",""promo"":""LOYALTY5""}","2026-08-19"
"1280","80","2026-08-19 18:12:41.437","PLACED","191.40","store","{""device"":""tablet"",""promo"":""NONE""}","2026-08-19"
"1281","81","2026-08-19 17:35:41.437","SHIPPED","191.53","web","{""device"":""desktop"",""promo"":""WELCOME10""}","2026-08-19"
"1282","82","2026-08-19 16:58:41.437","DELIVERED","191.66","app","{""device"":""mobile"",""promo"":""SPRING15""}","2026-08-19"
"1283","83","2026-08-19 16:21:41.437","CANCELLED","191.79","store","{""device"":""tablet"",""promo"":""LOYALTY5""}","2026-08-19"
"1284","84","2026-08-19 15:44:41.437","PLACED","191.92","web","{""device"":""desktop"",""promo"":""NONE""}","2026-08-19"
"1285","85","2026-08-19 15:07:41.437","SHIPPED","192.05","app","{""device"":""mobile"",""promo"":""WELCOME10""}","2026-08-19"
"1286","86","2026-08-19 14:30:41.437","DELIVERED","192.18","store","{""device"":""tablet"",""promo"":""SPRING15""}","2026-08-19"
"1287","87","2026-08-19 13:53:41.437","CANCELLED","192.31","web","{""device"":""desktop"",""promo"":""LOYALTY5""}","2026-08-19"
"1288","88","2026-08-19 13:16:41.437","PLACED","192.44","app","{""device"":""mobile"",""promo"":""NONE""}","2026-08-19"
"1289","89","2026-08-19 12:39:41.437","SHIPPED","192.57","store","{""device"":""tablet"",""promo"":""WELCOME10""}","2026-08-19"
"1290","90","2026-08-19 12:02:41.437","DELIVERED","192.70","web","{""device"":""desktop"",""promo"":""SPRING15""}","2026-08-19"
"1291","91","2026-08-19 11:25:41.437","CANCELLED","192.83","app","{""device"":""mobile"",""promo"":""LOYALTY5""}","2026-08-19"
"1292","92","2026-08-19 10:48:41.437","PLACED","192.96","store","{""device"":""tablet"",""promo"":""NONE""}","2026-08-19"
"1293","93","2026-08-19 10:11:41.437","SHIPPED","193.09","web","{""device"":""desktop"",""promo"":""WELCOME10""}","2026-08-19"
"1294","94","2026-08-19 09:34:41.437","DELIVERED","193.22","app","{""device"":""mobile"",""promo"":""SPRING15""}","2026-08-19"
"1295","95","2026-08-19 08:57:41.437","CANCELLED","193.35","store","{""device"":""tablet"",""promo"":""LOYALTY5""}","2026-08-19"
"1296","96","2026-08-19 08:20:41.437","PLACED","193.48","web","{""device"":""desktop"",""promo"":""NONE""}","2026-08-19"
"1297","97","2026-08-19 07:43:41.437","SHIPPED","193.61","app","{""device"":""mobile"",""promo"":""WELCOME10""}","2026-08-19"
"1298","98","2026-08-19 07:06:41.437","DELIVERED","193.74","store","{""device"":""tablet"",""promo"":""SPRING15""}","2026-08-19"
"1299","99","2026-08-19 06:29:41.437","CANCELLED","193.87","web","{""device"":""desktop"",""promo"":""LOYALTY5""}","2026-08-19"
"1300","100","2026-08-19 05:52:41.437","PLACED","194.00","app","{""device"":""mobile"",""promo"":""NONE""}","2026-08-19"
"1301","101","2026-08-19 05:15:41.437","SHIPPED","194.13","store","{""device"":""tablet"",""promo"":""WELCOME10""}","2026-08-19"
"1302","102","2026-08-19 04:38:41.437","DELIVERED","194.26","web","{""device"":""desktop"",""promo"":""SPRING15""}","2026-08-19"
"1303","103","2026-08-19 04:01:41.437","CANCELLED","194.39","app","{""device"":""mobile"",""promo"":""LOYALTY5""}","2026-08-19"
"1304","104","2026-08-19 03:24:41.437","PLACED","194.52","store","{""device"":""tablet"",""promo"":""NONE""}","2026-08-19"
"1305","105","2026-08-19 02:47:41.437","SHIPPED","194.65","web","{""device"":""desktop"",""promo"":""WELCOME10""}","2026-08-19"
"1306","106","2026-08-19 02:10:41.437","DELIVERED","194.78","app","{""device"":""mobile"",""promo"":""SPRING15""}","2026-08-19"
"1307","107","2026-08-19 01:33:41.437","CANCELLED","194.91","store","{""device"":""tablet"",""promo"":""LOYALTY5""}","2026-08-19"
"1308","108","2026-08-19 00:56:41.437","PLACED","195.04","web","{""device"":""desktop"",""promo"":""NONE""}","2026-08-19"
"1309","109","2026-08-19 00:19:41.437","SHIPPED","195.17","app","{""device"":""mobile"",""promo"":""WELCOME10""}","2026-08-19"
"1310","110","2026-08-18 23:42:41.437","DELIVERED","195.30","store","{""device"":""tablet"",""promo"":""SPRING15""}","2026-08-18"
"1311","111","2026-08-18 23:05:41.437","CANCELLED","195.43","web","{""device"":""desktop"",""promo"":""LOYALTY5""}","2026-08-18"
"1312","112","2026-08-18 22:28:41.437","PLACED","195.56","app","{""device"":""mobile"",""promo"":""NONE""}","2026-08-18"
"1313","113","2026-08-18 21:51:41.437","SHIPPED","195.69","store","{""device"":""tablet"",""promo"":""WELCOME10""}","2026-08-18"
"1314","114","2026-08-18 21:14:41.437","DELIVERED","195.82","web","{""device"":""desktop"",""promo"":""SPRING15""}","2026-08-18"
"1315","115","2026-08-18 20:37:41.437","CANCELLED","195.95","app","{""device"":""mobile"",""promo"":""LOYALTY5""}","2026-08-18"
"1316","116","2026-08-18 20:00:41.437","PLACED","196.08","store","{""device"":""tablet"",""promo"":""NONE""}","2026-08-18"
"1317","117","2026-08-18 19:23:41.437","SHIPPED","196.21","web","{""device"":""desktop"",""promo"":""WELCOME10""}","2026-08-18"
"1318","118","2026-08-18 18:46:41.437","DELIVERED","196.34","app","{""device"":""mobile"",""promo"":""SPRING15""}","2026-08-18"
"1319","119","2026-08-18 18:09:41.437","CANCELLED","196.47","store","{""device"":""tablet"",""promo"":""LOYALTY5""}","2026-08-18"
"1320","120","2026-08-18 17:32:41.437","PLACED","196.60","web","{""device"":""desktop"",""promo"":""NONE""}","2026-08-18"
"1321","121","2026-08-18 16:55:41.437","SHIPPED","196.73","app","{""device"":""mobile"",""promo"":""WELCOME10""}","2026-08-18"
"1322","122","2026-08-18 16:18:41.437","DELIVERED","196.86","store","{""device"":""tablet"",""promo"":""SPRING15""}","2026-08-18"
"1323","123","2026-08-18 15:41:41.437","CANCELLED","196.99","web","{""device"":""desktop"",""promo"":""LOYALTY5""}","2026-08-18"
"1324","124","2026-08-18 15:04:41.437","PLACED","197.12","app","{""device"":""mobile"",""promo"":""NONE""}","2026-08-18"
"1325","125","2026-08-18 14:27:41.437","SHIPPED","197.25","store","{""device"":""tablet"",""promo"":""WELCOME10""}","2026-08-18"
"1326","126","2026-08-18 13:50:41.437","DELIVERED","197.38","web","{""device"":""desktop"",""promo"":""SPRING15""}","2026-08-18"
"1327","127","2026-08-18 13:13:41.437","CANCELLED","197.51","app","{""device"":""mobile"",""promo"":""LOYALTY5""}","2026-08-18"
"1328","128","2026-08-18 12:36:41.437","PLACED","197.64","store","{""device"":""tablet"",""promo"":""NONE""}","2026-08-18"
"1329","129","2026-08-18 11:59:41.437","SHIPPED","197.77","web","{""device"":""desktop"",""promo"":""WELCOME10""}","2026-08-18"
"1330","130","2026-08-18 11:22:41.437","DELIVERED","197.90","app","{""device"":""mobile"",""promo"":""SPRING15""}","2026-08-18"
"1331","131","2026-08-18 10:45:41.437","CANCELLED","198.03","store","{""device"":""tablet"",""promo"":""LOYALTY5""}","2026-08-18"
"1332","132","2026-08-18 10:08:41.437","PLACED","198.16","web","{""device"":""desktop"",""promo"":""NONE""}","2026-08-18"
"1333","133","2026-08-18 09:31:41.437","SHIPPED","198.29","app","{""device"":""mobile"",""promo"":""WELCOME10""}","2026-08-18"
"1334","134","2026-08-18 08:54:41.437","DELIVERED","198.42","store","{""device"":""tablet"",""promo"":""SPRING15""}","2026-08-18"
"1335","135","2026-08-18 08:17:41.437","CANCELLED","198.55","web","{""device"":""desktop"",""promo"":""LOYALTY5""}","2026-08-18"
"1336","136","2026-08-18 07:40:41.437","PLACED","198.68","app","{""device"":""mobile"",""promo"":""NONE""}","2026-08-18"
"1337","137","2026-08-18 07:03:41.437","SHIPPED","198.81","store","{""device"":""tablet"",""promo"":""WELCOME10""}","2026-08-18"
"1338","138","2026-08-18 06:26:41.437","DELIVERED","198.94","web","{""device"":""desktop"",""promo"":""SPRING15""}","2026-08-18"
"1339","139","2026-08-18 05:49:41.437","CANCELLED","199.07","app","{""device"":""mobile"",""promo"":""LOYALTY5""}","2026-08-18"
"1340","140","2026-08-18 05:12:41.437","PLACED","199.20","store","{""device"":""tablet"",""promo"":""NONE""}","2026-08-18"
"1341","141","2026-08-18 04:35:41.437","SHIPPED","199.33","web","{""device"":""desktop"",""promo"":""WELCOME10""}","2026-08-18"
"1342","142","2026-08-18 03:58:41.437","DELIVERED","199.46","app","{""device"":""mobile"",""promo"":""SPRING15""}","2026-08-18"
"1343","143","2026-08-18 03:21:41.437","CANCELLED","199.59","store","{""device"":""tablet"",""promo"":""LOYALTY5""}","2026-08-18"
"1344","144","2026-08-18 02:44:41.437","PLACED","199.72","web","{""device"":""desktop"",""promo"":""NONE""}","2026-08-18"
"1345","145","2026-08-18 02:07:41.437","SHIPPED","199.85","app","{""device"":""mobile"",""promo"":""WELCOME10""}","2026-08-18"
"1346","146","2026-08-18 01:30:41.437","DELIVERED","199.98","store","{""device"":""tablet"",""promo"":""SPRING15""}","2026-08-18"
"1347","147","2026-08-18 00:53:41.437","CANCELLED","200.11","web","{""device"":""desktop"",""promo"":""LOYALTY5""}","2026-08-18"
"1348","148","2026-08-18 00:16:41.437","PLACED","200.24","app","{""device"":""mobile"",""promo"":""NONE""}","2026-08-18"
"1349","149","2026-08-17 23:39:41.437","SHIPPED","200.37","store","{""device"":""tablet"",""promo"":""WELCOME10""}","2026-08-17"
"1350","150","2026-08-17 23:02:41.437","DELIVERED","200.50","web","{""device"":""desktop"",""promo"":""SPRING15""}","2026-08-17"
"1351","151","2026-08-17 22:25:41.437","CANCELLED","200.63","app","{""device"":""mobile"",""promo"":""LOYALTY5""}","2026-08-17"
"1352","152","2026-08-17 21:48:41.437","PLACED","200.76","store","{""device"":""tablet"",""promo"":""NONE""}","2026-08-17"
"1353","153","2026-08-17 21:11:41.437","SHIPPED","200.89","web","{""device"":""desktop"",""promo"":""WELCOME10""}","2026-08-17"
"1354","154","2026-08-17 20:34:41.437","DELIVERED","201.02","app","{""device"":""mobile"",""promo"":""SPRING15""}","2026-08-17"
"1355","155","2026-08-17 19:57:41.437","CANCELLED","201.15","store","{""device"":""tablet"",""promo"":""LOYALTY5""}","2026-08-17"
"1356","156","2026-08-17 19:20:41.437","PLACED","201.28","web","{""device"":""desktop"",""promo"":""NONE""}","2026-08-17"
"1357","157","2026-08-17 18:43:41.437","SHIPPED","201.41","app","{""device"":""mobile"",""promo"":""WELCOME10""}","2026-08-17"
"1358","158","2026-08-17 18:06:41.437","DELIVERED","201.54","store","{""device"":""tablet"",""promo"":""SPRING15""}","2026-08-17"
"1359","159","2026-08-17 17:29:41.437","CANCELLED","201.67","web","{""device"":""desktop"",""promo"":""LOYALTY5""}","2026-08-17"
"1360","160","2026-08-17 16:52:41.437","PLACED","201.80","app","{""device"":""mobile"",""promo"":""NONE""}","2026-08-17"
"1361","161","2026-08-17 16:15:41.437","SHIPPED","201.93","store","{""device"":""tablet"",""promo"":""WELCOME10""}","2026-08-17"
"1362","162","2026-08-17 15:38:41.437","DELIVERED","202.06","web","{""device"":""desktop"",""promo"":""SPRING15""}","2026-08-17"
"1363","163","2026-08-17 15:01:41.437","CANCELLED","202.19","app","{""device"":""mobile"",""promo"":""LOYALTY5""}","2026-08-17"
"1364","164","2026-08-17 14:24:41.437","PLACED","202.32","store","{""device"":""tablet"",""promo"":""NONE""}","2026-08-17"
"1365","165","2026-08-17 13:47:41.437","SHIPPED","202.45","web","{""device"":""desktop"",""promo"":""WELCOME10""}","2026-08-17"
"1366","166","2026-08-17 13:10:41.437","DELIVERED","202.58","app","{""device"":""mobile"",""promo"":""SPRING15""}","2026-08-17"
"1367","167","2026-08-17 12:33:41.437","CANCELLED","202.71","store","{""device"":""tablet"",""promo"":""LOYALTY5""}","2026-08-17"
"1368","168","2026-08-17 11:56:41.437","PLACED","202.84","web","{""device"":""desktop"",""promo"":""NONE""}","2026-08-17"
"1369","169","2026-08-17 11:19:41.437","SHIPPED","202.97","app","{""device"":""mobile"",""promo"":""WELCOME10""}","2026-08-17"
"1370","170","2026-08-17 10:42:41.437","DELIVERED","203.10","store","{""device"":""tablet"",""promo"":""SPRING15""}","2026-08-17"
"1371","171","2026-08-17 10:05:41.437","CANCELLED","203.23","web","{""device"":""desktop"",""promo"":""LOYALTY5""}","2026-08-17"
"1372","172","2026-08-17 09:28:41.437","PLACED","203.36","app","{""device"":""mobile"",""promo"":""NONE""}","2026-08-17"
"1373","173","2026-08-17 08:51:41.437","SHIPPED","203.49","store","{""device"":""tablet"",""promo"":""WELCOME10""}","2026-08-17"
"1374","174","2026-08-17 08:14:41.437","DELIVERED","203.62","web","{""device"":""desktop"",""promo"":""SPRING15""}","2026-08-17"
"1375","175","2026-08-17 07:37:41.437","CANCELLED","203.75","app","{""device"":""mobile"",""promo"":""LOYALTY5""}","2026-08-17"
"1376","176","2026-08-17 07:00:41.437","PLACED","203.88","store","{""device"":""tablet"",""promo"":""NONE""}","2026-08-17"
"1377","177","2026-08-17 06:23:41.437","SHIPPED","204.01","web","{""device"":""desktop"",""promo"":""WELCOME10""}","2026-08-17"
"1378","178","2026-08-17 05:46:41.437","DELIVERED","204.14","app","{""device"":""mobile"",""promo"":""SPRING15""}","2026-08-17"
"1379","179","2026-08-17 05:09:41.437","CANCELLED","204.27","store","{""device"":""tablet"",""promo"":""LOYALTY5""}","2026-08-17"
"1380","180","2026-08-17 04:32:41.437","PLACED","204.40","web","{""device"":""desktop"",""promo"":""NONE""}","2026-08-17"
"1381","181","2026-08-17 03:55:41.437","SHIPPED","204.53","app","{""device"":""mobile"",""promo"":""WELCOME10""}","2026-08-17"
"1382","182","2026-08-17 03:18:41.437","DELIVERED","204.66","store","{""device"":""tablet"",""promo"":""SPRING15""}","2026-08-17"
"1383","183","2026-08-17 02:41:41.437","CANCELLED","204.79","web","{""device"":""desktop"",""promo"":""LOYALTY5""}","2026-08-17"
"1384","184","2026-08-17 02:04:41.437","PLACED","204.92","app","{""device"":""mobile"",""promo"":""NONE""}","2026-08-17"
"1385","185","2026-08-17 01:27:41.437","SHIPPED","205.05","store","{""device"":""tablet"",""promo"":""WELCOME10""}","2026-08-17"
"1386","186","2026-08-17 00:50:41.437","DELIVERED","205.18","web","{""device"":""desktop"",""promo"":""SPRING15""}","2026-08-17"
"1387","187","2026-08-17 00:13:41.437","CANCELLED","205.31","app","{""device"":""mobile"",""promo"":""LOYALTY5""}","2026-08-17"
"1388","188","2026-08-16 23:36:41.437","PLACED","205.44","store","{""device"":""tablet"",""promo"":""NONE""}","2026-08-16"
"1389","189","2026-08-16 22:59:41.437","SHIPPED","205.57","web","{""device"":""desktop"",""promo"":""WELCOME10""}","2026-08-16"
"1390","190","2026-08-16 22:22:41.437","DELIVERED","205.70","app","{""device"":""mobile"",""promo"":""SPRING15""}","2026-08-16"
"1391","191","2026-08-16 21:45:41.437","CANCELLED","205.83","store","{""device"":""tablet"",""promo"":""LOYALTY5""}","2026-08-16"
"1392","192","2026-08-16 21:08:41.437","PLACED","205.96","web","{""device"":""desktop"",""promo"":""NONE""}","2026-08-16"
"1393","193","2026-08-16 20:31:41.437","SHIPPED","206.09","app","{""device"":""mobile"",""promo"":""WELCOME10""}","2026-08-16"
"1394","194","2026-08-16 19:54:41.437","DELIVERED","206.22","store","{""device"":""tablet"",""promo"":""SPRING15""}","2026-08-16"
"1395","195","2026-08-16 19:17:41.437","CANCELLED","206.35","web","{""device"":""desktop"",""promo"":""LOYALTY5""}","2026-08-16"
"1396","196","2026-08-16 18:40:41.437","PLACED","206.48","app","{""device"":""mobile"",""promo"":""NONE""}","2026-08-16"
"1397","197","2026-08-16 18:03:41.437","SHIPPED","206.61","store","{""device"":""tablet"",""promo"":""WELCOME10""}","2026-08-16"
"1398","198","2026-08-16 17:26:41.437","DELIVERED","206.74","web","{""device"":""desktop"",""promo"":""SPRING15""}","2026-08-16"
"1399","199","2026-08-16 16:49:41.437","CANCELLED","206.87","app","{""device"":""mobile"",""promo"":""LOYALTY5""}","2026-08-16"
"1400","200","2026-08-16 16:12:41.437","PLACED","207.00","store","{""device"":""tablet"",""promo"":""NONE""}","2026-08-16"
"1401","1","2026-08-16 15:35:41.437","SHIPPED","207.13","web","{""device"":""desktop"",""promo"":""WELCOME10""}","2026-08-16"
"1402","2","2026-08-16 14:58:41.437","DELIVERED","207.26","app","{""device"":""mobile"",""promo"":""SPRING15""}","2026-08-16"
"1403","3","2026-08-16 14:21:41.437","CANCELLED","207.39","store","{""device"":""tablet"",""promo"":""LOYALTY5""}","2026-08-16"
"1404","4","2026-08-16 13:44:41.437","PLACED","207.52","web","{""device"":""desktop"",""promo"":""NONE""}","2026-08-16"
"1405","5","2026-08-16 13:07:41.437","SHIPPED","207.65","app","{""device"":""mobile"",""promo"":""WELCOME10""}","2026-08-16"
"1406","6","2026-08-16 12:30:41.437","DELIVERED","207.78","store","{""device"":""tablet"",""promo"":""SPRING15""}","2026-08-16"
"1407","7","2026-08-16 11:53:41.437","CANCELLED","207.91","web","{""device"":""desktop"",""promo"":""LOYALTY5""}","2026-08-16"
"1408","8","2026-08-16 11:16:41.437","PLACED","208.04","app","{""device"":""mobile"",""promo"":""NONE""}","2026-08-16"
"1409","9","2026-08-16 10:39:41.437","SHIPPED","208.17","store","{""device"":""tablet"",""promo"":""WELCOME10""}","2026-08-16"
"1410","10","2026-08-16 10:02:41.437","DELIVERED","208.30","web","{""device"":""desktop"",""promo"":""SPRING15""}","2026-08-16"
"1411","11","2026-08-16 09:25:41.437","CANCELLED","208.43","app","{""device"":""mobile"",""promo"":""LOYALTY5""}","2026-08-16"
"1412","12","2026-08-16 08:48:41.437","PLACED","208.56","store","{""device"":""tablet"",""promo"":""NONE""}","2026-08-16"
"1413","13","2026-08-16 08:11:41.437","SHIPPED","208.69","web","{""device"":""desktop"",""promo"":""WELCOME10""}","2026-08-16"
"1414","14","2026-08-16 07:34:41.437","DELIVERED","208.82","app","{""device"":""mobile"",""promo"":""SPRING15""}","2026-08-16"
"1415","15","2026-08-16 06:57:41.437","CANCELLED","208.95","store","{""device"":""tablet"",""promo"":""LOYALTY5""}","2026-08-16"
"1416","16","2026-08-16 06:20:41.437","PLACED","209.08","web","{""device"":""desktop"",""promo"":""NONE""}","2026-08-16"
"1417","17","2026-08-16 05:43:41.437","SHIPPED","209.21","app","{""device"":""mobile"",""promo"":""WELCOME10""}","2026-08-16"
"1418","18","2026-08-16 05:06:41.437","DELIVERED","209.34","store","{""device"":""tablet"",""promo"":""SPRING15""}","2026-08-16"
"1419","19","2026-08-16 04:29:41.437","CANCELLED","209.47","web","{""device"":""desktop"",""promo"":""LOYALTY5""}","2026-08-16"
"1420","20","2026-08-16 03:52:41.437","PLACED","209.60","app","{""device"":""mobile"",""promo"":""NONE""}","2026-08-16"
"1421","21","2026-08-16 03:15:41.437","SHIPPED","209.73","store","{""device"":""tablet"",""promo"":""WELCOME10""}","2026-08-16"
"1422","22","2026-08-16 02:38:41.437","DELIVERED","209.86","web","{""device"":""desktop"",""promo"":""SPRING15""}","2026-08-16"
"1423","23","2026-08-16 02:01:41.437","CANCELLED","209.99","app","{""device"":""mobile"",""promo"":""LOYALTY5""}","2026-08-16"
"1424","24","2026-08-16 01:24:41.437","PLACED","210.12","store","{""device"":""tablet"",""promo"":""NONE""}","2026-08-16"
"1425","25","2026-08-16 00:47:41.437","SHIPPED","210.25","web","{""device"":""desktop"",""promo"":""WELCOME10""}","2026-08-16"
"1426","26","2026-08-16 00:10:41.437","DELIVERED","210.38","app","{""device"":""mobile"",""promo"":""SPRING15""}","2026-08-16"
"1427","27","2026-08-15 23:33:41.437","CANCELLED","210.51","store","{""device"":""tablet"",""promo"":""LOYALTY5""}","2026-08-15"
"1428","28","2026-08-15 22:56:41.437","PLACED","210.64","web","{""device"":""desktop"",""promo"":""NONE""}","2026-08-15"
"1429","29","2026-08-15 22:19:41.437","SHIPPED","210.77","app","{""device"":""mobile"",""promo"":""WELCOME10""}","2026-08-15"
"1430","30","2026-08-15 21:42:41.437","DELIVERED","210.90","store","{""device"":""tablet"",""promo"":""SPRING15""}","2026-08-15"
"1431","31","2026-08-15 21:05:41.437","CANCELLED","211.03","web","{""device"":""desktop"",""promo"":""LOYALTY5""}","2026-08-15"
"1432","32","2026-08-15 20:28:41.437","PLACED","211.16","app","{""device"":""mobile"",""promo"":""NONE""}","2026-08-15"
"1433","33","2026-08-15 19:51:41.437","SHIPPED","211.29","store","{""device"":""tablet"",""promo"":""WELCOME10""}","2026-08-15"
"1434","34","2026-08-15 19:14:41.437","DELIVERED","211.42","web","{""device"":""desktop"",""promo"":""SPRING15""}","2026-08-15"
"1435","35","2026-08-15 18:37:41.437","CANCELLED","211.55","app","{""device"":""mobile"",""promo"":""LOYALTY5""}","2026-08-15"
"1436","36","2026-08-15 18:00:41.437","PLACED","211.68","store","{""device"":""tablet"",""promo"":""NONE""}","2026-08-15"
"1437","37","2026-08-15 17:23:41.437","SHIPPED","211.81","web","{""device"":""desktop"",""promo"":""WELCOME10""}","2026-08-15"
"1438","38","2026-08-15 16:46:41.437","DELIVERED","211.94","app","{""device"":""mobile"",""promo"":""SPRING15""}","2026-08-15"
"1439","39","2026-08-15 16:09:41.437","CANCELLED","212.07","store","{""device"":""tablet"",""promo"":""LOYALTY5""}","2026-08-15"
"1440","40","2026-08-15 15:32:41.437","PLACED","212.20","web","{""device"":""desktop"",""promo"":""NONE""}","2026-08-15"
"1441","41","2026-08-15 14:55:41.437","SHIPPED","212.33","app","{""device"":""mobile"",""promo"":""WELCOME10""}","2026-08-15"
"1442","42","2026-08-15 14:18:41.437","DELIVERED","212.46","store","{""device"":""tablet"",""promo"":""SPRING15""}","2026-08-15"
"1443","43","2026-08-15 13:41:41.437","CANCELLED","212.59","web","{""device"":""desktop"",""promo"":""LOYALTY5""}","2026-08-15"
"1444","44","2026-08-15 13:04:41.437","PLACED","212.72","app","{""device"":""mobile"",""promo"":""NONE""}","2026-08-15"
"1445","45","2026-08-15 12:27:41.437","SHIPPED","212.85","store","{""device"":""tablet"",""promo"":""WELCOME10""}","2026-08-15"
"1446","46","2026-08-15 11:50:41.437","DELIVERED","212.98","web","{""device"":""desktop"",""promo"":""SPRING15""}","2026-08-15"
"1447","47","2026-08-15 11:13:41.437","CANCELLED","213.11","app","{""device"":""mobile"",""promo"":""LOYALTY5""}","2026-08-15"
"1448","48","2026-08-15 10:36:41.437","PLACED","213.24","store","{""device"":""tablet"",""promo"":""NONE""}","2026-08-15"
"1449","49","2026-08-15 09:59:41.437","SHIPPED","213.37","web","{""device"":""desktop"",""promo"":""WELCOME10""}","2026-08-15"
"1450","50","2026-08-15 09:22:41.437","DELIVERED","213.50","app","{""device"":""mobile"",""promo"":""SPRING15""}","2026-08-15"
"1451","51","2026-08-15 08:45:41.437","CANCELLED","213.63","store","{""device"":""tablet"",""promo"":""LOYALTY5""}","2026-08-15"
"1452","52","2026-08-15 08:08:41.437","PLACED","213.76","web","{""device"":""desktop"",""promo"":""NONE""}","2026-08-15"
"1453","53","2026-08-15 07:31:41.437","SHIPPED","213.89","app","{""device"":""mobile"",""promo"":""WELCOME10""}","2026-08-15"
"1454","54","2026-08-15 06:54:41.437","DELIVERED","214.02","store","{""device"":""tablet"",""promo"":""SPRING15""}","2026-08-15"
"1455","55","2026-08-15 06:17:41.437","CANCELLED","214.15","web","{""device"":""desktop"",""promo"":""LOYALTY5""}","2026-08-15"
"1456","56","2026-08-15 05:40:41.437","PLACED","214.28","app","{""device"":""mobile"",""promo"":""NONE""}","2026-08-15"
"1457","57","2026-08-15 05:03:41.437","SHIPPED","214.41","store","{""device"":""tablet"",""promo"":""WELCOME10""}","2026-08-15"
"1458","58","2026-08-15 04:26:41.437","DELIVERED","214.54","web","{""device"":""desktop"",""promo"":""SPRING15""}","2026-08-15"
"1459","59","2026-08-15 03:49:41.437","CANCELLED","214.67","app","{""device"":""mobile"",""promo"":""LOYALTY5""}","2026-08-15"
"1460","60","2026-08-15 03:12:41.437","PLACED","214.80","store","{""device"":""tablet"",""promo"":""NONE""}","2026-08-15"
"1461","61","2026-08-15 02:35:41.437","SHIPPED","214.93","web","{""device"":""desktop"",""promo"":""WELCOME10""}","2026-08-15"
"1462","62","2026-08-15 01:58:41.437","DELIVERED","215.06","app","{""device"":""mobile"",""promo"":""SPRING15""}","2026-08-15"
"1463","63","2026-08-15 01:21:41.437","CANCELLED","215.19","store","{""device"":""tablet"",""promo"":""LOYALTY5""}","2026-08-15"
"1464","64","2026-08-15 00:44:41.437","PLACED","215.32","web","{""device"":""desktop"",""promo"":""NONE""}","2026-08-15"
"1465","65","2026-08-15 00:07:41.437","SHIPPED","215.45","app","{""device"":""mobile"",""promo"":""WELCOME10""}","2026-08-15"
"1466","66","2026-08-14 23:30:41.437","DELIVERED","215.58","store","{""device"":""tablet"",""promo"":""SPRING15""}","2026-08-14"
"1467","67","2026-08-14 22:53:41.437","CANCELLED","215.71","web","{""device"":""desktop"",""promo"":""LOYALTY5""}","2026-08-14"
"1468","68","2026-08-14 22:16:41.437","PLACED","215.84","app","{""device"":""mobile"",""promo"":""NONE""}","2026-08-14"
"1469","69","2026-08-14 21:39:41.437","SHIPPED","215.97","store","{""device"":""tablet"",""promo"":""WELCOME10""}","2026-08-14"
"1470","70","2026-08-14 21:02:41.437","DELIVERED","216.10","web","{""device"":""desktop"",""promo"":""SPRING15""}","2026-08-14"
"1471","71","2026-08-14 20:25:41.437","CANCELLED","216.23","app","{""device"":""mobile"",""promo"":""LOYALTY5""}","2026-08-14"
"1472","72","2026-08-14 19:48:41.437","PLACED","216.36","store","{""device"":""tablet"",""promo"":""NONE""}","2026-08-14"
"1473","73","2026-08-14 19:11:41.437","SHIPPED","216.49","web","{""device"":""desktop"",""promo"":""WELCOME10""}","2026-08-14"
"1474","74","2026-08-14 18:34:41.437","DELIVERED","216.62","app","{""device"":""mobile"",""promo"":""SPRING15""}","2026-08-14"
"1475","75","2026-08-14 17:57:41.437","CANCELLED","216.75","store","{""device"":""tablet"",""promo"":""LOYALTY5""}","2026-08-14"
"1476","76","2026-08-14 17:20:41.437","PLACED","216.88","web","{""device"":""desktop"",""promo"":""NONE""}","2026-08-14"
"1477","77","2026-08-14 16:43:41.437","SHIPPED","217.01","app","{""device"":""mobile"",""promo"":""WELCOME10""}","2026-08-14"
"1478","78","2026-08-14 16:06:41.437","DELIVERED","217.14","store","{""device"":""tablet"",""promo"":""SPRING15""}","2026-08-14"
"1479","79","2026-08-14 15:29:41.437","CANCELLED","217.27","web","{""device"":""desktop"",""promo"":""LOYALTY5""}","2026-08-14"
"1480","80","2026-08-14 14:52:41.437","PLACED","217.40","app","{""device"":""mobile"",""promo"":""NONE""}","2026-08-14"
"1481","81","2026-08-14 14:15:41.437","SHIPPED","217.53","store","{""device"":""tablet"",""promo"":""WELCOME10""}","2026-08-14"
"1482","82","2026-08-14 13:38:41.437","DELIVERED","217.66","web","{""device"":""desktop"",""promo"":""SPRING15""}","2026-08-14"
"1483","83","2026-08-14 13:01:41.437","CANCELLED","217.79","app","{""device"":""mobile"",""promo"":""LOYALTY5""}","2026-08-14"
"1484","84","2026-08-14 12:24:41.437","PLACED","217.92","store","{""device"":""tablet"",""promo"":""NONE""}","2026-08-14"
"1485","85","2026-08-14 11:47:41.437","SHIPPED","218.05","web","{""device"":""desktop"",""promo"":""WELCOME10""}","2026-08-14"
"1486","86","2026-08-14 11:10:41.437","DELIVERED","218.18","app","{""device"":""mobile"",""promo"":""SPRING15""}","2026-08-14"
"1487","87","2026-08-14 10:33:41.437","CANCELLED","218.31","store","{""device"":""tablet"",""promo"":""LOYALTY5""}","2026-08-14"
"1488","88","2026-08-14 09:56:41.437","PLACED","218.44","web","{""device"":""desktop"",""promo"":""NONE""}","2026-08-14"
"1489","89","2026-08-14 09:19:41.437","SHIPPED","218.57","app","{""device"":""mobile"",""promo"":""WELCOME10""}","2026-08-14"
"1490","90","2026-08-14 08:42:41.437","DELIVERED","218.70","store","{""device"":""tablet"",""promo"":""SPRING15""}","2026-08-14"
"1491","91","2026-08-14 08:05:41.437","CANCELLED","218.83","web","{""device"":""desktop"",""promo"":""LOYALTY5""}","2026-08-14"
"1492","92","2026-08-14 07:28:41.437","PLACED","218.96","app","{""device"":""mobile"",""promo"":""NONE""}","2026-08-14"
"1493","93","2026-08-14 06:51:41.437","SHIPPED","219.09","store","{""device"":""tablet"",""promo"":""WELCOME10""}","2026-08-14"
"1494","94","2026-08-14 06:14:41.437","DELIVERED","219.22","web","{""device"":""desktop"",""promo"":""SPRING15""}","2026-08-14"
"1495","95","2026-08-14 05:37:41.437","CANCELLED","219.35","app","{""device"":""mobile"",""promo"":""LOYALTY5""}","2026-08-14"
"1496","96","2026-08-14 05:00:41.437","PLACED","219.48","store","{""device"":""tablet"",""promo"":""NONE""}","2026-08-14"
"1497","97","2026-08-14 04:23:41.437","SHIPPED","219.61","web","{""device"":""desktop"",""promo"":""WELCOME10""}","2026-08-14"
"1498","98","2026-08-14 03:46:41.437","DELIVERED","219.74","app","{""device"":""mobile"",""promo"":""SPRING15""}","2026-08-14"
"1499","99","2026-08-14 03:09:41.437","CANCELLED","219.87","store","{""device"":""tablet"",""promo"":""LOYALTY5""}","2026-08-14"
"1500","100","2026-08-14 02:32:41.437","PLACED","220.00","web","{""device"":""desktop"",""promo"":""NONE""}","2026-08-14"
"1501","101","2026-08-14 01:55:41.437","SHIPPED","220.13","app","{""device"":""mobile"",""promo"":""WELCOME10""}","2026-08-14"
"1502","102","2026-08-14 01:18:41.437","DELIVERED","220.26","store","{""device"":""tablet"",""promo"":""SPRING15""}","2026-08-14"
"1503","103","2026-08-14 00:41:41.437","CANCELLED","220.39","web","{""device"":""desktop"",""promo"":""LOYALTY5""}","2026-08-14"
"1504","104","2026-08-14 00:04:41.437","PLACED","220.52","app","{""device"":""mobile"",""promo"":""NONE""}","2026-08-14"
"1505","105","2026-08-13 23:27:41.437","SHIPPED","220.65","store","{""device"":""tablet"",""promo"":""WELCOME10""}","2026-08-13"
"1506","106","2026-08-13 22:50:41.437","DELIVERED","220.78","web","{""device"":""desktop"",""promo"":""SPRING15""}","2026-08-13"
"1507","107","2026-08-13 22:13:41.437","CANCELLED","220.91","app","{""device"":""mobile"",""promo"":""LOYALTY5""}","2026-08-13"
"1508","108","2026-08-13 21:36:41.437","PLACED","221.04","store","{""device"":""tablet"",""promo"":""NONE""}","2026-08-13"
"1509","109","2026-08-13 20:59:41.437","SHIPPED","221.17","web","{""device"":""desktop"",""promo"":""WELCOME10""}","2026-08-13"
"1510","110","2026-08-13 20:22:41.437","DELIVERED","221.30","app","{""device"":""mobile"",""promo"":""SPRING15""}","2026-08-13"
"1511","111","2026-08-13 19:45:41.437","CANCELLED","221.43","store","{""device"":""tablet"",""promo"":""LOYALTY5""}","2026-08-13"
"1512","112","2026-08-13 19:08:41.437","PLACED","221.56","web","{""device"":""desktop"",""promo"":""NONE""}","2026-08-13"
"1513","113","2026-08-13 18:31:41.437","SHIPPED","221.69","app","{""device"":""mobile"",""promo"":""WELCOME10""}","2026-08-13"
"1514","114","2026-08-13 17:54:41.437","DELIVERED","221.82","store","{""device"":""tablet"",""promo"":""SPRING15""}","2026-08-13"
"1515","115","2026-08-13 17:17:41.437","CANCELLED","221.95","web","{""device"":""desktop"",""promo"":""LOYALTY5""}","2026-08-13"
"1516","116","2026-08-13 16:40:41.437","PLACED","222.08","app","{""device"":""mobile"",""promo"":""NONE""}","2026-08-13"
"1517","117","2026-08-13 16:03:41.437","SHIPPED","222.21","store","{""device"":""tablet"",""promo"":""WELCOME10""}","2026-08-13"
"1518","118","2026-08-13 15:26:41.437","DELIVERED","222.34","web","{""device"":""desktop"",""promo"":""SPRING15""}","2026-08-13"
"1519","119","2026-08-13 14:49:41.437","CANCELLED","222.47","app","{""device"":""mobile"",""promo"":""LOYALTY5""}","2026-08-13"
"1520","120","2026-08-13 14:12:41.437","PLACED","222.60","store","{""device"":""tablet"",""promo"":""NONE""}","2026-08-13"
"1521","121","2026-08-13 13:35:41.437","SHIPPED","222.73","web","{""device"":""desktop"",""promo"":""WELCOME10""}","2026-08-13"
"1522","122","2026-08-13 12:58:41.437","DELIVERED","222.86","app","{""device"":""mobile"",""promo"":""SPRING15""}","2026-08-13"
"1523","123","2026-08-13 12:21:41.437","CANCELLED","222.99","store","{""device"":""tablet"",""promo"":""LOYALTY5""}","2026-08-13"
"1524","124","2026-08-13 11:44:41.437","PLACED","223.12","web","{""device"":""desktop"",""promo"":""NONE""}","2026-08-13"
"1525","125","2026-08-13 11:07:41.437","SHIPPED","223.25","app","{""device"":""mobile"",""promo"":""WELCOME10""}","2026-08-13"
"1526","126","2026-08-13 10:30:41.437","DELIVERED","223.38","store","{""device"":""tablet"",""promo"":""SPRING15""}","2026-08-13"
"1527","127","2026-08-13 09:53:41.437","CANCELLED","223.51","web","{""device"":""desktop"",""promo"":""LOYALTY5""}","2026-08-13"
"1528","128","2026-08-13 09:16:41.437","PLACED","223.64","app","{""device"":""mobile"",""promo"":""NONE""}","2026-08-13"
"1529","129","2026-08-13 08:39:41.437","SHIPPED","223.77","store","{""device"":""tablet"",""promo"":""WELCOME10""}","2026-08-13"
"1530","130","2026-08-13 08:02:41.437","DELIVERED","223.90","web","{""device"":""desktop"",""promo"":""SPRING15""}","2026-08-13"
"1531","131","2026-08-13 07:25:41.437","CANCELLED","224.03","app","{""device"":""mobile"",""promo"":""LOYALTY5""}","2026-08-13"
"1532","132","2026-08-13 06:48:41.437","PLACED","224.16","store","{""device"":""tablet"",""promo"":""NONE""}","2026-08-13"
"1533","133","2026-08-13 06:11:41.437","SHIPPED","224.29","web","{""device"":""desktop"",""promo"":""WELCOME10""}","2026-08-13"
"1534","134","2026-08-13 05:34:41.437","DELIVERED","224.42","app","{""device"":""mobile"",""promo"":""SPRING15""}","2026-08-13"
"1535","135","2026-08-13 04:57:41.437","CANCELLED","224.55","store","{""device"":""tablet"",""promo"":""LOYALTY5""}","2026-08-13"
"1536","136","2026-08-13 04:20:41.437","PLACED","224.68","web","{""device"":""desktop"",""promo"":""NONE""}","2026-08-13"
"1537","137","2026-08-13 03:43:41.437","SHIPPED","224.81","app","{""device"":""mobile"",""promo"":""WELCOME10""}","2026-08-13"
"1538","138","2026-08-13 03:06:41.437","DELIVERED","224.94","store","{""device"":""tablet"",""promo"":""SPRING15""}","2026-08-13"
"1539","139","2026-08-13 02:29:41.437","CANCELLED","225.07","web","{""device"":""desktop"",""promo"":""LOYALTY5""}","2026-08-13"
"1540","140","2026-08-13 01:52:41.437","PLACED","225.20","app","{""device"":""mobile"",""promo"":""NONE""}","2026-08-13"
"1541","141","2026-08-13 01:15:41.437","SHIPPED","225.33","store","{""device"":""tablet"",""promo"":""WELCOME10""}","2026-08-13"
"1542","142","2026-08-13 00:38:41.437","DELIVERED","225.46","web","{""device"":""desktop"",""promo"":""SPRING15""}","2026-08-13"
"1543","143","2026-08-13 00:01:41.437","CANCELLED","225.59","app","{""device"":""mobile"",""promo"":""LOYALTY5""}","2026-08-13"
"1544","144","2026-08-12 23:24:41.437","PLACED","225.72","store","{""device"":""tablet"",""promo"":""NONE""}","2026-08-12"
"1545","145","2026-08-12 22:47:41.437","SHIPPED","225.85","web","{""device"":""desktop"",""promo"":""WELCOME10""}","2026-08-12"
"1546","146","2026-08-12 22:10:41.437","DELIVERED","225.98","app","{""device"":""mobile"",""promo"":""SPRING15""}","2026-08-12"
"1547","147","2026-08-12 21:33:41.437","CANCELLED","226.11","store","{""device"":""tablet"",""promo"":""LOYALTY5""}","2026-08-12"
"1548","148","2026-08-12 20:56:41.437","PLACED","226.24","web","{""device"":""desktop"",""promo"":""NONE""}","2026-08-12"
"1549","149","2026-08-12 20:19:41.437","SHIPPED","226.37","app","{""device"":""mobile"",""promo"":""WELCOME10""}","2026-08-12"
"1550","150","2026-08-12 19:42:41.437","DELIVERED","226.50","store","{""device"":""tablet"",""promo"":""SPRING15""}","2026-08-12"
"1551","151","2026-08-12 19:05:41.437","CANCELLED","226.63","web","{""device"":""desktop"",""promo"":""LOYALTY5""}","2026-08-12"
"1552","152","2026-08-12 18:28:41.437","PLACED","226.76","app","{""device"":""mobile"",""promo"":""NONE""}","2026-08-12"
"1553","153","2026-08-12 17:51:41.437","SHIPPED","226.89","store","{""device"":""tablet"",""promo"":""WELCOME10""}","2026-08-12"
"1554","154","2026-08-12 17:14:41.437","DELIVERED","227.02","web","{""device"":""desktop"",""promo"":""SPRING15""}","2026-08-12"
"1555","155","2026-08-12 16:37:41.437","CANCELLED","227.15","app","{""device"":""mobile"",""promo"":""LOYALTY5""}","2026-08-12"
"1556","156","2026-08-12 16:00:41.437","PLACED","227.28","store","{""device"":""tablet"",""promo"":""NONE""}","2026-08-12"
"1557","157","2026-08-12 15:23:41.437","SHIPPED","227.41","web","{""device"":""desktop"",""promo"":""WELCOME10""}","2026-08-12"
"1558","158","2026-08-12 14:46:41.437","DELIVERED","227.54","app","{""device"":""mobile"",""promo"":""SPRING15""}","2026-08-12"
"1559","159","2026-08-12 14:09:41.437","CANCELLED","227.67","store","{""device"":""tablet"",""promo"":""LOYALTY5""}","2026-08-12"
"1560","160","2026-08-12 13:32:41.437","PLACED","227.80","web","{""device"":""desktop"",""promo"":""NONE""}","2026-08-12"
"1561","161","2026-08-12 12:55:41.437","SHIPPED","227.93","app","{""device"":""mobile"",""promo"":""WELCOME10""}","2026-08-12"
"1562","162","2026-08-12 12:18:41.437","DELIVERED","228.06","store","{""device"":""tablet"",""promo"":""SPRING15""}","2026-08-12"
"1563","163","2026-08-12 11:41:41.437","CANCELLED","228.19","web","{""device"":""desktop"",""promo"":""LOYALTY5""}","2026-08-12"
"1564","164","2026-08-12 11:04:41.437","PLACED","228.32","app","{""device"":""mobile"",""promo"":""NONE""}","2026-08-12"
"1565","165","2026-08-12 10:27:41.437","SHIPPED","228.45","store","{""device"":""tablet"",""promo"":""WELCOME10""}","2026-08-12"
"1566","166","2026-08-12 09:50:41.437","DELIVERED","228.58","web","{""device"":""desktop"",""promo"":""SPRING15""}","2026-08-12"
"1567","167","2026-08-12 09:13:41.437","CANCELLED","228.71","app","{""device"":""mobile"",""promo"":""LOYALTY5""}","2026-08-12"
"1568","168","2026-08-12 08:36:41.437","PLACED","228.84","store","{""device"":""tablet"",""promo"":""NONE""}","2026-08-12"
"1569","169","2026-08-12 07:59:41.437","SHIPPED","228.97","web","{""device"":""desktop"",""promo"":""WELCOME10""}","2026-08-12"
"1570","170","2026-08-12 07:22:41.437","DELIVERED","229.10","app","{""device"":""mobile"",""promo"":""SPRING15""}","2026-08-12"
"1571","171","2026-08-12 06:45:41.437","CANCELLED","229.23","store","{""device"":""tablet"",""promo"":""LOYALTY5""}","2026-08-12"
"1572","172","2026-08-12 06:08:41.437","PLACED","229.36","web","{""device"":""desktop"",""promo"":""NONE""}","2026-08-12"
"1573","173","2026-08-12 05:31:41.437","SHIPPED","229.49","app","{""device"":""mobile"",""promo"":""WELCOME10""}","2026-08-12"
"1574","174","2026-08-12 04:54:41.437","DELIVERED","229.62","store","{""device"":""tablet"",""promo"":""SPRING15""}","2026-08-12"
"1575","175","2026-08-12 04:17:41.437","CANCELLED","229.75","web","{""device"":""desktop"",""promo"":""LOYALTY5""}","2026-08-12"
"1576","176","2026-08-12 03:40:41.437","PLACED","229.88","app","{""device"":""mobile"",""promo"":""NONE""}","2026-08-12"
"1577","177","2026-08-12 03:03:41.437","SHIPPED","230.01","store","{""device"":""tablet"",""promo"":""WELCOME10""}","2026-08-12"
"1578","178","2026-08-12 02:26:41.437","DELIVERED","230.14","web","{""device"":""desktop"",""promo"":""SPRING15""}","2026-08-12"
"1579","179","2026-08-12 01:49:41.437","CANCELLED","230.27","app","{""device"":""mobile"",""promo"":""LOYALTY5""}","2026-08-12"
"1580","180","2026-08-12 01:12:41.437","PLACED","230.40","store","{""device"":""tablet"",""promo"":""NONE""}","2026-08-12"
"1581","181","2026-08-12 00:35:41.437","SHIPPED","230.53","web","{""device"":""desktop"",""promo"":""WELCOME10""}","2026-08-12"
"1582","182","2026-08-11 23:58:41.437","DELIVERED","230.66","app","{""device"":""mobile"",""promo"":""SPRING15""}","2026-08-11"
"1583","183","2026-08-11 23:21:41.437","CANCELLED","230.79","store","{""device"":""tablet"",""promo"":""LOYALTY5""}","2026-08-11"
"1584","184","2026-08-11 22:44:41.437","PLACED","230.92","web","{""device"":""desktop"",""promo"":""NONE""}","2026-08-11"
"1585","185","2026-08-11 22:07:41.437","SHIPPED","231.05","app","{""device"":""mobile"",""promo"":""WELCOME10""}","2026-08-11"
"1586","186","2026-08-11 21:30:41.437","DELIVERED","231.18","store","{""device"":""tablet"",""promo"":""SPRING15""}","2026-08-11"
"1587","187","2026-08-11 20:53:41.437","CANCELLED","231.31","web","{""device"":""desktop"",""promo"":""LOYALTY5""}","2026-08-11"
"1588","188","2026-08-11 20:16:41.437","PLACED","231.44","app","{""device"":""mobile"",""promo"":""NONE""}","2026-08-11"
"1589","189","2026-08-11 19:39:41.437","SHIPPED","231.57","store","{""device"":""tablet"",""promo"":""WELCOME10""}","2026-08-11"
"1590","190","2026-08-11 19:02:41.437","DELIVERED","231.70","web","{""device"":""desktop"",""promo"":""SPRING15""}","2026-08-11"
"1591","191","2026-08-11 18:25:41.437","CANCELLED","231.83","app","{""device"":""mobile"",""promo"":""LOYALTY5""}","2026-08-11"
"1592","192","2026-08-11 17:48:41.437","PLACED","231.96","store","{""device"":""tablet"",""promo"":""NONE""}","2026-08-11"
"1593","193","2026-08-11 17:11:41.437","SHIPPED","232.09","web","{""device"":""desktop"",""promo"":""WELCOME10""}","2026-08-11"
"1594","194","2026-08-11 16:34:41.437","DELIVERED","232.22","app","{""device"":""mobile"",""promo"":""SPRING15""}","2026-08-11"
"1595","195","2026-08-11 15:57:41.437","CANCELLED","232.35","store","{""device"":""tablet"",""promo"":""LOYALTY5""}","2026-08-11"
"1596","196","2026-08-11 15:20:41.437","PLACED","232.48","web","{""device"":""desktop"",""promo"":""NONE""}","2026-08-11"
"1597","197","2026-08-11 14:43:41.437","SHIPPED","232.61","app","{""device"":""mobile"",""promo"":""WELCOME10""}","2026-08-11"
"1598","198","2026-08-11 14:06:41.437","DELIVERED","232.74","store","{""device"":""tablet"",""promo"":""SPRING15""}","2026-08-11"
"1599","199","2026-08-11 13:29:41.437","CANCELLED","232.87","web","{""device"":""desktop"",""promo"":""LOYALTY5""}","2026-08-11"
"1600","200","2026-08-11 12:52:41.437","PLACED","233.00","app","{""device"":""mobile"",""promo"":""NONE""}","2026-08-11"
"1601","1","2026-08-11 12:15:41.437","SHIPPED","233.13","store","{""device"":""tablet"",""promo"":""WELCOME10""}","2026-08-11"
"1602","2","2026-08-11 11:38:41.437","DELIVERED","233.26","web","{""device"":""desktop"",""promo"":""SPRING15""}","2026-08-11"
"1603","3","2026-08-11 11:01:41.437","CANCELLED","233.39","app","{""device"":""mobile"",""promo"":""LOYALTY5""}","2026-08-11"
"1604","4","2026-08-11 10:24:41.437","PLACED","233.52","store","{""device"":""tablet"",""promo"":""NONE""}","2026-08-11"
"1605","5","2026-08-11 09:47:41.437","SHIPPED","233.65","web","{""device"":""desktop"",""promo"":""WELCOME10""}","2026-08-11"
"1606","6","2026-08-11 09:10:41.437","DELIVERED","233.78","app","{""device"":""mobile"",""promo"":""SPRING15""}","2026-08-11"
"1607","7","2026-08-11 08:33:41.437","CANCELLED","233.91","store","{""device"":""tablet"",""promo"":""LOYALTY5""}","2026-08-11"
"1608","8","2026-08-11 07:56:41.437","PLACED","234.04","web","{""device"":""desktop"",""promo"":""NONE""}","2026-08-11"
"1609","9","2026-08-11 07:19:41.437","SHIPPED","234.17","app","{""device"":""mobile"",""promo"":""WELCOME10""}","2026-08-11"
"1610","10","2026-08-11 06:42:41.437","DELIVERED","234.30","store","{""device"":""tablet"",""promo"":""SPRING15""}","2026-08-11"
"1611","11","2026-08-11 06:05:41.437","CANCELLED","234.43","web","{""device"":""desktop"",""promo"":""LOYALTY5""}","2026-08-11"
"1612","12","2026-08-11 05:28:41.437","PLACED","234.56","app","{""device"":""mobile"",""promo"":""NONE""}","2026-08-11"
"1613","13","2026-08-11 04:51:41.437","SHIPPED","234.69","store","{""device"":""tablet"",""promo"":""WELCOME10""}","2026-08-11"
"1614","14","2026-08-11 04:14:41.437","DELIVERED","234.82","web","{""device"":""desktop"",""promo"":""SPRING15""}","2026-08-11"
"1615","15","2026-08-11 03:37:41.437","CANCELLED","234.95","app","{""device"":""mobile"",""promo"":""LOYALTY5""}","2026-08-11"
"1616","16","2026-08-11 03:00:41.437","PLACED","235.08","store","{""device"":""tablet"",""promo"":""NONE""}","2026-08-11"
"1617","17","2026-08-11 02:23:41.437","SHIPPED","235.21","web","{""device"":""desktop"",""promo"":""WELCOME10""}","2026-08-11"
"1618","18","2026-08-11 01:46:41.437","DELIVERED","235.34","app","{""device"":""mobile"",""promo"":""SPRING15""}","2026-08-11"
"1619","19","2026-08-11 01:09:41.437","CANCELLED","235.47","store","{""device"":""tablet"",""promo"":""LOYALTY5""}","2026-08-11"
"1620","20","2026-08-11 00:32:41.437","PLACED","235.60","web","{""device"":""desktop"",""promo"":""NONE""}","2026-08-11"
"1621","21","2026-08-10 23:55:41.437","SHIPPED","235.73","app","{""device"":""mobile"",""promo"":""WELCOME10""}","2026-08-10"
"1622","22","2026-08-10 23:18:41.437","DELIVERED","235.86","store","{""device"":""tablet"",""promo"":""SPRING15""}","2026-08-10"
"1623","23","2026-08-10 22:41:41.437","CANCELLED","235.99","web","{""device"":""desktop"",""promo"":""LOYALTY5""}","2026-08-10"
"1624","24","2026-08-10 22:04:41.437","PLACED","236.12","app","{""device"":""mobile"",""promo"":""NONE""}","2026-08-10"
"1625","25","2026-08-10 21:27:41.437","SHIPPED","236.25","store","{""device"":""tablet"",""promo"":""WELCOME10""}","2026-08-10"
"1626","26","2026-08-10 20:50:41.437","DELIVERED","236.38","web","{""device"":""desktop"",""promo"":""SPRING15""}","2026-08-10"
"1627","27","2026-08-10 20:13:41.437","CANCELLED","236.51","app","{""device"":""mobile"",""promo"":""LOYALTY5""}","2026-08-10"
"1628","28","2026-08-10 19:36:41.437","PLACED","236.64","store","{""device"":""tablet"",""promo"":""NONE""}","2026-08-10"
"1629","29","2026-08-10 18:59:41.437","SHIPPED","236.77","web","{""device"":""desktop"",""promo"":""WELCOME10""}","2026-08-10"
"1630","30","2026-08-10 18:22:41.437","DELIVERED","236.90","app","{""device"":""mobile"",""promo"":""SPRING15""}","2026-08-10"
"1631","31","2026-08-10 17:45:41.437","CANCELLED","237.03","store","{""device"":""tablet"",""promo"":""LOYALTY5""}","2026-08-10"
"1632","32","2026-08-10 17:08:41.437","PLACED","237.16","web","{""device"":""desktop"",""promo"":""NONE""}","2026-08-10"
"1633","33","2026-08-10 16:31:41.437","SHIPPED","237.29","app","{""device"":""mobile"",""promo"":""WELCOME10""}","2026-08-10"
"1634","34","2026-08-10 15:54:41.437","DELIVERED","237.42","store","{""device"":""tablet"",""promo"":""SPRING15""}","2026-08-10"
"1635","35","2026-08-10 15:17:41.437","CANCELLED","237.55","web","{""device"":""desktop"",""promo"":""LOYALTY5""}","2026-08-10"
"1636","36","2026-08-10 14:40:41.437","PLACED","237.68","app","{""device"":""mobile"",""promo"":""NONE""}","2026-08-10"
"1637","37","2026-08-10 14:03:41.437","SHIPPED","237.81","store","{""device"":""tablet"",""promo"":""WELCOME10""}","2026-08-10"
"1638","38","2026-08-10 13:26:41.437","DELIVERED","237.94","web","{""device"":""desktop"",""promo"":""SPRING15""}","2026-08-10"
"1639","39","2026-08-10 12:49:41.437","CANCELLED","238.07","app","{""device"":""mobile"",""promo"":""LOYALTY5""}","2026-08-10"
"1640","40","2026-08-10 12:12:41.437","PLACED","238.20","store","{""device"":""tablet"",""promo"":""NONE""}","2026-08-10"
"1641","41","2026-08-10 11:35:41.437","SHIPPED","238.33","web","{""device"":""desktop"",""promo"":""WELCOME10""}","2026-08-10"
"1642","42","2026-08-10 10:58:41.437","DELIVERED","238.46","app","{""device"":""mobile"",""promo"":""SPRING15""}","2026-08-10"
"1643","43","2026-08-10 10:21:41.437","CANCELLED","238.59","store","{""device"":""tablet"",""promo"":""LOYALTY5""}","2026-08-10"
"1644","44","2026-08-10 09:44:41.437","PLACED","238.72","web","{""device"":""desktop"",""promo"":""NONE""}","2026-08-10"
"1645","45","2026-08-10 09:07:41.437","SHIPPED","238.85","app","{""device"":""mobile"",""promo"":""WELCOME10""}","2026-08-10"
"1646","46","2026-08-10 08:30:41.437","DELIVERED","238.98","store","{""device"":""tablet"",""promo"":""SPRING15""}","2026-08-10"
"1647","47","2026-08-10 07:53:41.437","CANCELLED","239.11","web","{""device"":""desktop"",""promo"":""LOYALTY5""}","2026-08-10"
"1648","48","2026-08-10 07:16:41.437","PLACED","239.24","app","{""device"":""mobile"",""promo"":""NONE""}","2026-08-10"
"1649","49","2026-08-10 06:39:41.437","SHIPPED","239.37","store","{""device"":""tablet"",""promo"":""WELCOME10""}","2026-08-10"
"1650","50","2026-08-10 06:02:41.437","DELIVERED","239.50","web","{""device"":""desktop"",""promo"":""SPRING15""}","2026-08-10"
"1651","51","2026-08-10 05:25:41.437","CANCELLED","239.63","app","{""device"":""mobile"",""promo"":""LOYALTY5""}","2026-08-10"
"1652","52","2026-08-10 04:48:41.437","PLACED","239.76","store","{""device"":""tablet"",""promo"":""NONE""}","2026-08-10"
"1653","53","2026-08-10 04:11:41.437","SHIPPED","239.89","web","{""device"":""desktop"",""promo"":""WELCOME10""}","2026-08-10"
"1654","54","2026-08-10 03:34:41.437","DELIVERED","240.02","app","{""device"":""mobile"",""promo"":""SPRING15""}","2026-08-10"
"1655","55","2026-08-10 02:57:41.437","CANCELLED","240.15","store","{""device"":""tablet"",""promo"":""LOYALTY5""}","2026-08-10"
"1656","56","2026-08-10 02:20:41.437","PLACED","240.28","web","{""device"":""desktop"",""promo"":""NONE""}","2026-08-10"
"1657","57","2026-08-10 01:43:41.437","SHIPPED","240.41","app","{""device"":""mobile"",""promo"":""WELCOME10""}","2026-08-10"
"1658","58","2026-08-10 01:06:41.437","DELIVERED","240.54","store","{""device"":""tablet"",""promo"":""SPRING15""}","2026-08-10"
"1659","59","2026-08-10 00:29:41.437","CANCELLED","240.67","web","{""device"":""desktop"",""promo"":""LOYALTY5""}","2026-08-10"
"1660","60","2026-08-09 23:52:41.437","PLACED","240.80","app","{""device"":""mobile"",""promo"":""NONE""}","2026-08-09"
"1661","61","2026-08-09 23:15:41.437","SHIPPED","240.93","store","{""device"":""tablet"",""promo"":""WELCOME10""}","2026-08-09"
"1662","62","2026-08-09 22:38:41.437","DELIVERED","241.06","web","{""device"":""desktop"",""promo"":""SPRING15""}","2026-08-09"
"1663","63","2026-08-09 22:01:41.437","CANCELLED","241.19","app","{""device"":""mobile"",""promo"":""LOYALTY5""}","2026-08-09"
"1664","64","2026-08-09 21:24:41.437","PLACED","241.32","store","{""device"":""tablet"",""promo"":""NONE""}","2026-08-09"
"1665","65","2026-08-09 20:47:41.437","SHIPPED","241.45","web","{""device"":""desktop"",""promo"":""WELCOME10""}","2026-08-09"
"1666","66","2026-08-09 20:10:41.437","DELIVERED","241.58","app","{""device"":""mobile"",""promo"":""SPRING15""}","2026-08-09"
"1667","67","2026-08-09 19:33:41.437","CANCELLED","241.71","store","{""device"":""tablet"",""promo"":""LOYALTY5""}","2026-08-09"
"1668","68","2026-08-09 18:56:41.437","PLACED","241.84","web","{""device"":""desktop"",""promo"":""NONE""}","2026-08-09"
"1669","69","2026-08-09 18:19:41.437","SHIPPED","241.97","app","{""device"":""mobile"",""promo"":""WELCOME10""}","2026-08-09"
"1670","70","2026-08-09 17:42:41.437","DELIVERED","242.10","store","{""device"":""tablet"",""promo"":""SPRING15""}","2026-08-09"
"1671","71","2026-08-09 17:05:41.437","CANCELLED","242.23","web","{""device"":""desktop"",""promo"":""LOYALTY5""}","2026-08-09"
"1672","72","2026-08-09 16:28:41.437","PLACED","242.36","app","{""device"":""mobile"",""promo"":""NONE""}","2026-08-09"
"1673","73","2026-08-09 15:51:41.437","SHIPPED","242.49","store","{""device"":""tablet"",""promo"":""WELCOME10""}","2026-08-09"
"1674","74","2026-08-09 15:14:41.437","DELIVERED","242.62","web","{""device"":""desktop"",""promo"":""SPRING15""}","2026-08-09"
"1675","75","2026-08-09 14:37:41.437","CANCELLED","242.75","app","{""device"":""mobile"",""promo"":""LOYALTY5""}","2026-08-09"
"1676","76","2026-08-09 14:00:41.437","PLACED","242.88","store","{""device"":""tablet"",""promo"":""NONE""}","2026-08-09"
"1677","77","2026-08-09 13:23:41.437","SHIPPED","243.01","web","{""device"":""desktop"",""promo"":""WELCOME10""}","2026-08-09"
"1678","78","2026-08-09 12:46:41.437","DELIVERED","243.14","app","{""device"":""mobile"",""promo"":""SPRING15""}","2026-08-09"
"1679","79","2026-08-09 12:09:41.437","CANCELLED","243.27","store","{""device"":""tablet"",""promo"":""LOYALTY5""}","2026-08-09"
"1680","80","2026-08-09 11:32:41.437","PLACED","243.40","web","{""device"":""desktop"",""promo"":""NONE""}","2026-08-09"
"1681","81","2026-08-09 10:55:41.437","SHIPPED","243.53","app","{""device"":""mobile"",""promo"":""WELCOME10""}","2026-08-09"
"1682","82","2026-08-09 10:18:41.437","DELIVERED","243.66","store","{""device"":""tablet"",""promo"":""SPRING15""}","2026-08-09"
"1683","83","2026-08-09 09:41:41.437","CANCELLED","243.79","web","{""device"":""desktop"",""promo"":""LOYALTY5""}","2026-08-09"
"1684","84","2026-08-09 09:04:41.437","PLACED","243.92","app","{""device"":""mobile"",""promo"":""NONE""}","2026-08-09"
"1685","85","2026-08-09 08:27:41.437","SHIPPED","244.05","store","{""device"":""tablet"",""promo"":""WELCOME10""}","2026-08-09"
"1686","86","2026-08-09 07:50:41.437","DELIVERED","244.18","web","{""device"":""desktop"",""promo"":""SPRING15""}","2026-08-09"
"1687","87","2026-08-09 07:13:41.437","CANCELLED","244.31","app","{""device"":""mobile"",""promo"":""LOYALTY5""}","2026-08-09"
"1688","88","2026-08-09 06:36:41.437","PLACED","244.44","store","{""device"":""tablet"",""promo"":""NONE""}","2026-08-09"
"1689","89","2026-08-09 05:59:41.437","SHIPPED","244.57","web","{""device"":""desktop"",""promo"":""WELCOME10""}","2026-08-09"
"1690","90","2026-08-09 05:22:41.437","DELIVERED","244.70","app","{""device"":""mobile"",""promo"":""SPRING15""}","2026-08-09"
"1691","91","2026-08-09 04:45:41.437","CANCELLED","244.83","store","{""device"":""tablet"",""promo"":""LOYALTY5""}","2026-08-09"
"1692","92","2026-08-09 04:08:41.437","PLACED","244.96","web","{""device"":""desktop"",""promo"":""NONE""}","2026-08-09"
"1693","93","2026-08-09 03:31:41.437","SHIPPED","245.09","app","{""device"":""mobile"",""promo"":""WELCOME10""}","2026-08-09"
"1694","94","2026-08-09 02:54:41.437","DELIVERED","245.22","store","{""device"":""tablet"",""promo"":""SPRING15""}","2026-08-09"
"1695","95","2026-08-09 02:17:41.437","CANCELLED","245.35","web","{""device"":""desktop"",""promo"":""LOYALTY5""}","2026-08-09"
"1696","96","2026-08-09 01:40:41.437","PLACED","245.48","app","{""device"":""mobile"",""promo"":""NONE""}","2026-08-09"
"1697","97","2026-08-09 01:03:41.437","SHIPPED","245.61","store","{""device"":""tablet"",""promo"":""WELCOME10""}","2026-08-09"
"1698","98","2026-08-09 00:26:41.437","DELIVERED","245.74","web","{""device"":""desktop"",""promo"":""SPRING15""}","2026-08-09"
"1699","99","2026-08-08 23:49:41.437","CANCELLED","245.87","app","{""device"":""mobile"",""promo"":""LOYALTY5""}","2026-08-08"
"1700","100","2026-08-08 23:12:41.437","PLACED","246.00","store","{""device"":""tablet"",""promo"":""NONE""}","2026-08-08"
"1701","101","2026-08-08 22:35:41.437","SHIPPED","246.13","web","{""device"":""desktop"",""promo"":""WELCOME10""}","2026-08-08"
"1702","102","2026-08-08 21:58:41.437","DELIVERED","246.26","app","{""device"":""mobile"",""promo"":""SPRING15""}","2026-08-08"
"1703","103","2026-08-08 21:21:41.437","CANCELLED","246.39","store","{""device"":""tablet"",""promo"":""LOYALTY5""}","2026-08-08"
"1704","104","2026-08-08 20:44:41.437","PLACED","246.52","web","{""device"":""desktop"",""promo"":""NONE""}","2026-08-08"
"1705","105","2026-08-08 20:07:41.437","SHIPPED","246.65","app","{""device"":""mobile"",""promo"":""WELCOME10""}","2026-08-08"
"1706","106","2026-08-08 19:30:41.437","DELIVERED","246.78","store","{""device"":""tablet"",""promo"":""SPRING15""}","2026-08-08"
"1707","107","2026-08-08 18:53:41.437","CANCELLED","246.91","web","{""device"":""desktop"",""promo"":""LOYALTY5""}","2026-08-08"
"1708","108","2026-08-08 18:16:41.437","PLACED","247.04","app","{""device"":""mobile"",""promo"":""NONE""}","2026-08-08"
"1709","109","2026-08-08 17:39:41.437","SHIPPED","247.17","store","{""device"":""tablet"",""promo"":""WELCOME10""}","2026-08-08"
"1710","110","2026-08-08 17:02:41.437","DELIVERED","247.30","web","{""device"":""desktop"",""promo"":""SPRING15""}","2026-08-08"
"1711","111","2026-08-08 16:25:41.437","CANCELLED","247.43","app","{""device"":""mobile"",""promo"":""LOYALTY5""}","2026-08-08"
"1712","112","2026-08-08 15:48:41.437","PLACED","247.56","store","{""device"":""tablet"",""promo"":""NONE""}","2026-08-08"
"1713","113","2026-08-08 15:11:41.437","SHIPPED","247.69","web","{""device"":""desktop"",""promo"":""WELCOME10""}","2026-08-08"
"1714","114","2026-08-08 14:34:41.437","DELIVERED","247.82","app","{""device"":""mobile"",""promo"":""SPRING15""}","2026-08-08"
"1715","115","2026-08-08 13:57:41.437","CANCELLED","247.95","store","{""device"":""tablet"",""promo"":""LOYALTY5""}","2026-08-08"
"1716","116","2026-08-08 13:20:41.437","PLACED","248.08","web","{""device"":""desktop"",""promo"":""NONE""}","2026-08-08"
"1717","117","2026-08-08 12:43:41.437","SHIPPED","248.21","app","{""device"":""mobile"",""promo"":""WELCOME10""}","2026-08-08"
"1718","118","2026-08-08 12:06:41.437","DELIVERED","248.34","store","{""device"":""tablet"",""promo"":""SPRING15""}","2026-08-08"
"1719","119","2026-08-08 11:29:41.437","CANCELLED","248.47","web","{""device"":""desktop"",""promo"":""LOYALTY5""}","2026-08-08"
"1720","120","2026-08-08 10:52:41.437","PLACED","248.60","app","{""device"":""mobile"",""promo"":""NONE""}","2026-08-08"
"1721","121","2026-08-08 10:15:41.437","SHIPPED","248.73","store","{""device"":""tablet"",""promo"":""WELCOME10""}","2026-08-08"
"1722","122","2026-08-08 09:38:41.437","DELIVERED","248.86","web","{""device"":""desktop"",""promo"":""SPRING15""}","2026-08-08"
"1723","123","2026-08-08 09:01:41.437","CANCELLED","248.99","app","{""device"":""mobile"",""promo"":""LOYALTY5""}","2026-08-08"
"1724","124","2026-08-08 08:24:41.437","PLACED","249.12","store","{""device"":""tablet"",""promo"":""NONE""}","2026-08-08"
"1725","125","2026-08-08 07:47:41.437","SHIPPED","249.25","web","{""device"":""desktop"",""promo"":""WELCOME10""}","2026-08-08"
"1726","126","2026-08-08 07:10:41.437","DELIVERED","249.38","app","{""device"":""mobile"",""promo"":""SPRING15""}","2026-08-08"
"1727","127","2026-08-08 06:33:41.437","CANCELLED","249.51","store","{""device"":""tablet"",""promo"":""LOYALTY5""}","2026-08-08"
"1728","128","2026-08-08 05:56:41.437","PLACED","249.64","web","{""device"":""desktop"",""promo"":""NONE""}","2026-08-08"
"1729","129","2026-08-08 05:19:41.437","SHIPPED","249.77","app","{""device"":""mobile"",""promo"":""WELCOME10""}","2026-08-08"
"1730","130","2026-08-08 04:42:41.437","DELIVERED","249.90","store","{""device"":""tablet"",""promo"":""SPRING15""}","2026-08-08"
"1731","131","2026-08-08 04:05:41.437","CANCELLED","250.03","web","{""device"":""desktop"",""promo"":""LOYALTY5""}","2026-08-08"
"1732","132","2026-08-08 03:28:41.437","PLACED","250.16","app","{""device"":""mobile"",""promo"":""NONE""}","2026-08-08"
"1733","133","2026-08-08 02:51:41.437","SHIPPED","250.29","store","{""device"":""tablet"",""promo"":""WELCOME10""}","2026-08-08"
"1734","134","2026-08-08 02:14:41.437","DELIVERED","250.42","web","{""device"":""desktop"",""promo"":""SPRING15""}","2026-08-08"
"1735","135","2026-08-08 01:37:41.437","CANCELLED","250.55","app","{""device"":""mobile"",""promo"":""LOYALTY5""}","2026-08-08"
"1736","136","2026-08-08 01:00:41.437","PLACED","250.68","store","{""device"":""tablet"",""promo"":""NONE""}","2026-08-08"
"1737","137","2026-08-08 00:23:41.437","SHIPPED","250.81","web","{""device"":""desktop"",""promo"":""WELCOME10""}","2026-08-08"
"1738","138","2026-08-07 23:46:41.437","DELIVERED","250.94","app","{""device"":""mobile"",""promo"":""SPRING15""}","2026-08-07"
"1739","139","2026-08-07 23:09:41.437","CANCELLED","251.07","store","{""device"":""tablet"",""promo"":""LOYALTY5""}","2026-08-07"
"1740","140","2026-08-07 22:32:41.437","PLACED","251.20","web","{""device"":""desktop"",""promo"":""NONE""}","2026-08-07"
"1741","141","2026-08-07 21:55:41.437","SHIPPED","251.33","app","{""device"":""mobile"",""promo"":""WELCOME10""}","2026-08-07"
"1742","142","2026-08-07 21:18:41.437","DELIVERED","251.46","store","{""device"":""tablet"",""promo"":""SPRING15""}","2026-08-07"
"1743","143","2026-08-07 20:41:41.437","CANCELLED","251.59","web","{""device"":""desktop"",""promo"":""LOYALTY5""}","2026-08-07"
"1744","144","2026-08-07 20:04:41.437","PLACED","251.72","app","{""device"":""mobile"",""promo"":""NONE""}","2026-08-07"
"1745","145","2026-08-07 19:27:41.437","SHIPPED","251.85","store","{""device"":""tablet"",""promo"":""WELCOME10""}","2026-08-07"
"1746","146","2026-08-07 18:50:41.437","DELIVERED","251.98","web","{""device"":""desktop"",""promo"":""SPRING15""}","2026-08-07"
"1747","147","2026-08-07 18:13:41.437","CANCELLED","252.11","app","{""device"":""mobile"",""promo"":""LOYALTY5""}","2026-08-07"
"1748","148","2026-08-07 17:36:41.437","PLACED","252.24","store","{""device"":""tablet"",""promo"":""NONE""}","2026-08-07"
"1749","149","2026-08-07 16:59:41.437","SHIPPED","252.37","web","{""device"":""desktop"",""promo"":""WELCOME10""}","2026-08-07"
"1750","150","2026-08-07 16:22:41.437","DELIVERED","252.50","app","{""device"":""mobile"",""promo"":""SPRING15""}","2026-08-07"
"1751","151","2026-08-07 15:45:41.437","CANCELLED","252.63","store","{""device"":""tablet"",""promo"":""LOYALTY5""}","2026-08-07"
"1752","152","2026-08-07 15:08:41.437","PLACED","252.76","web","{""device"":""desktop"",""promo"":""NONE""}","2026-08-07"
"1753","153","2026-08-07 14:31:41.437","SHIPPED","252.89","app","{""device"":""mobile"",""promo"":""WELCOME10""}","2026-08-07"
"1754","154","2026-08-07 13:54:41.437","DELIVERED","253.02","store","{""device"":""tablet"",""promo"":""SPRING15""}","2026-08-07"
"1755","155","2026-08-07 13:17:41.437","CANCELLED","253.15","web","{""device"":""desktop"",""promo"":""LOYALTY5""}","2026-08-07"
"1756","156","2026-08-07 12:40:41.437","PLACED","253.28","app","{""device"":""mobile"",""promo"":""NONE""}","2026-08-07"
"1757","157","2026-08-07 12:03:41.437","SHIPPED","253.41","store","{""device"":""tablet"",""promo"":""WELCOME10""}","2026-08-07"
"1758","158","2026-08-07 11:26:41.437","DELIVERED","253.54","web","{""device"":""desktop"",""promo"":""SPRING15""}","2026-08-07"
"1759","159","2026-08-07 10:49:41.437","CANCELLED","253.67","app","{""device"":""mobile"",""promo"":""LOYALTY5""}","2026-08-07"
"1760","160","2026-08-07 10:12:41.437","PLACED","253.80","store","{""device"":""tablet"",""promo"":""NONE""}","2026-08-07"
"1761","161","2026-08-07 09:35:41.437","SHIPPED","253.93","web","{""device"":""desktop"",""promo"":""WELCOME10""}","2026-08-07"
"1762","162","2026-08-07 08:58:41.437","DELIVERED","254.06","app","{""device"":""mobile"",""promo"":""SPRING15""}","2026-08-07"
"1763","163","2026-08-07 08:21:41.437","CANCELLED","254.19","store","{""device"":""tablet"",""promo"":""LOYALTY5""}","2026-08-07"
"1764","164","2026-08-07 07:44:41.437","PLACED","254.32","web","{""device"":""desktop"",""promo"":""NONE""}","2026-08-07"
"1765","165","2026-08-07 07:07:41.437","SHIPPED","254.45","app","{""device"":""mobile"",""promo"":""WELCOME10""}","2026-08-07"
"1766","166","2026-08-07 06:30:41.437","DELIVERED","254.58","store","{""device"":""tablet"",""promo"":""SPRING15""}","2026-08-07"
"1767","167","2026-08-07 05:53:41.437","CANCELLED","254.71","web","{""device"":""desktop"",""promo"":""LOYALTY5""}","2026-08-07"
"1768","168","2026-08-07 05:16:41.437","PLACED","254.84","app","{""device"":""mobile"",""promo"":""NONE""}","2026-08-07"
"1769","169","2026-08-07 04:39:41.437","SHIPPED","254.97","store","{""device"":""tablet"",""promo"":""WELCOME10""}","2026-08-07"
"1770","170","2026-08-07 04:02:41.437","DELIVERED","255.10","web","{""device"":""desktop"",""promo"":""SPRING15""}","2026-08-07"
"1771","171","2026-08-07 03:25:41.437","CANCELLED","255.23","app","{""device"":""mobile"",""promo"":""LOYALTY5""}","2026-08-07"
"1772","172","2026-08-07 02:48:41.437","PLACED","255.36","store","{""device"":""tablet"",""promo"":""NONE""}","2026-08-07"
"1773","173","2026-08-07 02:11:41.437","SHIPPED","255.49","web","{""device"":""desktop"",""promo"":""WELCOME10""}","2026-08-07"
"1774","174","2026-08-07 01:34:41.437","DELIVERED","255.62","app","{""device"":""mobile"",""promo"":""SPRING15""}","2026-08-07"
"1775","175","2026-08-07 00:57:41.437","CANCELLED","255.75","store","{""device"":""tablet"",""promo"":""LOYALTY5""}","2026-08-07"
"1776","176","2026-08-07 00:20:41.437","PLACED","255.88","web","{""device"":""desktop"",""promo"":""NONE""}","2026-08-07"
"1777","177","2026-08-06 23:43:41.437","SHIPPED","256.01","app","{""device"":""mobile"",""promo"":""WELCOME10""}","2026-08-06"
"1778","178","2026-08-06 23:06:41.437","DELIVERED","256.14","store","{""device"":""tablet"",""promo"":""SPRING15""}","2026-08-06"
"1779","179","2026-08-06 22:29:41.437","CANCELLED","256.27","web","{""device"":""desktop"",""promo"":""LOYALTY5""}","2026-08-06"
"1780","180","2026-08-06 21:52:41.437","PLACED","256.40","app","{""device"":""mobile"",""promo"":""NONE""}","2026-08-06"
"1781","181","2026-08-06 21:15:41.437","SHIPPED","256.53","store","{""device"":""tablet"",""promo"":""WELCOME10""}","2026-08-06"
"1782","182","2026-08-06 20:38:41.437","DELIVERED","256.66","web","{""device"":""desktop"",""promo"":""SPRING15""}","2026-08-06"
"1783","183","2026-08-06 20:01:41.437","CANCELLED","256.79","app","{""device"":""mobile"",""promo"":""LOYALTY5""}","2026-08-06"
"1784","184","2026-08-06 19:24:41.437","PLACED","256.92","store","{""device"":""tablet"",""promo"":""NONE""}","2026-08-06"
"1785","185","2026-08-06 18:47:41.437","SHIPPED","257.05","web","{""device"":""desktop"",""promo"":""WELCOME10""}","2026-08-06"
"1786","186","2026-08-06 18:10:41.437","DELIVERED","257.18","app","{""device"":""mobile"",""promo"":""SPRING15""}","2026-08-06"
"1787","187","2026-08-06 17:33:41.437","CANCELLED","257.31","store","{""device"":""tablet"",""promo"":""LOYALTY5""}","2026-08-06"
"1788","188","2026-08-06 16:56:41.437","PLACED","257.44","web","{""device"":""desktop"",""promo"":""NONE""}","2026-08-06"
"1789","189","2026-08-06 16:19:41.437","SHIPPED","257.57","app","{""device"":""mobile"",""promo"":""WELCOME10""}","2026-08-06"
"1790","190","2026-08-06 15:42:41.437","DELIVERED","257.70","store","{""device"":""tablet"",""promo"":""SPRING15""}","2026-08-06"
"1791","191","2026-08-06 15:05:41.437","CANCELLED","257.83","web","{""device"":""desktop"",""promo"":""LOYALTY5""}","2026-08-06"
"1792","192","2026-08-06 14:28:41.437","PLACED","257.96","app","{""device"":""mobile"",""promo"":""NONE""}","2026-08-06"
"1793","193","2026-08-06 13:51:41.437","SHIPPED","258.09","store","{""device"":""tablet"",""promo"":""WELCOME10""}","2026-08-06"
"1794","194","2026-08-06 13:14:41.437","DELIVERED","258.22","web","{""device"":""desktop"",""promo"":""SPRING15""}","2026-08-06"
"1795","195","2026-08-06 12:37:41.437","CANCELLED","258.35","app","{""device"":""mobile"",""promo"":""LOYALTY5""}","2026-08-06"
"1796","196","2026-08-06 12:00:41.437","PLACED","258.48","store","{""device"":""tablet"",""promo"":""NONE""}","2026-08-06"
"1797","197","2026-08-06 11:23:41.437","SHIPPED","258.61","web","{""device"":""desktop"",""promo"":""WELCOME10""}","2026-08-06"
"1798","198","2026-08-06 10:46:41.437","DELIVERED","258.74","app","{""device"":""mobile"",""promo"":""SPRING15""}","2026-08-06"
"1799","199","2026-08-06 10:09:41.437","CANCELLED","258.87","store","{""device"":""tablet"",""promo"":""LOYALTY5""}","2026-08-06"
"1800","200","2026-08-06 09:32:41.437","PLACED","259.00","web","{""device"":""desktop"",""promo"":""NONE""}","2026-08-06"
"1801","1","2026-08-06 08:55:41.437","SHIPPED","259.13","app","{""device"":""mobile"",""promo"":""WELCOME10""}","2026-08-06"
"1802","2","2026-08-06 08:18:41.437","DELIVERED","259.26","store","{""device"":""tablet"",""promo"":""SPRING15""}","2026-08-06"
"1803","3","2026-08-06 07:41:41.437","CANCELLED","259.39","web","{""device"":""desktop"",""promo"":""LOYALTY5""}","2026-08-06"
"1804","4","2026-08-06 07:04:41.437","PLACED","259.52","app","{""device"":""mobile"",""promo"":""NONE""}","2026-08-06"
"1805","5","2026-08-06 06:27:41.437","SHIPPED","259.65","store","{""device"":""tablet"",""promo"":""WELCOME10""}","2026-08-06"
"1806","6","2026-08-06 05:50:41.437","DELIVERED","259.78","web","{""device"":""desktop"",""promo"":""SPRING15""}","2026-08-06"
"1807","7","2026-08-06 05:13:41.437","CANCELLED","259.91","app","{""device"":""mobile"",""promo"":""LOYALTY5""}","2026-08-06"
"1808","8","2026-08-06 04:36:41.437","PLACED","260.04","store","{""device"":""tablet"",""promo"":""NONE""}","2026-08-06"
"1809","9","2026-08-06 03:59:41.437","SHIPPED","260.17","web","{""device"":""desktop"",""promo"":""WELCOME10""}","2026-08-06"
"1810","10","2026-08-06 03:22:41.437","DELIVERED","260.30","app","{""device"":""mobile"",""promo"":""SPRING15""}","2026-08-06"
"1811","11","2026-08-06 02:45:41.437","CANCELLED","260.43","store","{""device"":""tablet"",""promo"":""LOYALTY5""}","2026-08-06"
"1812","12","2026-08-06 02:08:41.437","PLACED","260.56","web","{""device"":""desktop"",""promo"":""NONE""}","2026-08-06"
"1813","13","2026-08-06 01:31:41.437","SHIPPED","260.69","app","{""device"":""mobile"",""promo"":""WELCOME10""}","2026-08-06"
"1814","14","2026-08-06 00:54:41.437","DELIVERED","260.82","store","{""device"":""tablet"",""promo"":""SPRING15""}","2026-08-06"
"1815","15","2026-08-06 00:17:41.437","CANCELLED","260.95","web","{""device"":""desktop"",""promo"":""LOYALTY5""}","2026-08-06"
"1816","16","2026-08-05 23:40:41.437","PLACED","261.08","app","{""device"":""mobile"",""promo"":""NONE""}","2026-08-05"
"1817","17","2026-08-05 23:03:41.437","SHIPPED","261.21","store","{""device"":""tablet"",""promo"":""WELCOME10""}","2026-08-05"
"1818","18","2026-08-05 22:26:41.437","DELIVERED","261.34","web","{""device"":""desktop"",""promo"":""SPRING15""}","2026-08-05"
"1819","19","2026-08-05 21:49:41.437","CANCELLED","261.47","app","{""device"":""mobile"",""promo"":""LOYALTY5""}","2026-08-05"
"1820","20","2026-08-05 21:12:41.437","PLACED","261.60","store","{""device"":""tablet"",""promo"":""NONE""}","2026-08-05"
"1821","21","2026-08-05 20:35:41.437","SHIPPED","261.73","web","{""device"":""desktop"",""promo"":""WELCOME10""}","2026-08-05"
"1822","22","2026-08-05 19:58:41.437","DELIVERED","261.86","app","{""device"":""mobile"",""promo"":""SPRING15""}","2026-08-05"
"1823","23","2026-08-05 19:21:41.437","CANCELLED","261.99","store","{""device"":""tablet"",""promo"":""LOYALTY5""}","2026-08-05"
"1824","24","2026-08-05 18:44:41.437","PLACED","262.12","web","{""device"":""desktop"",""promo"":""NONE""}","2026-08-05"
"1825","25","2026-08-05 18:07:41.437","SHIPPED","262.25","app","{""device"":""mobile"",""promo"":""WELCOME10""}","2026-08-05"
"1826","26","2026-08-05 17:30:41.437","DELIVERED","262.38","store","{""device"":""tablet"",""promo"":""SPRING15""}","2026-08-05"
"1827","27","2026-08-05 16:53:41.437","CANCELLED","262.51","web","{""device"":""desktop"",""promo"":""LOYALTY5""}","2026-08-05"
"1828","28","2026-08-05 16:16:41.437","PLACED","262.64","app","{""device"":""mobile"",""promo"":""NONE""}","2026-08-05"
"1829","29","2026-08-05 15:39:41.437","SHIPPED","262.77","store","{""device"":""tablet"",""promo"":""WELCOME10""}","2026-08-05"
"1830","30","2026-08-05 15:02:41.437","DELIVERED","262.90","web","{""device"":""desktop"",""promo"":""SPRING15""}","2026-08-05"
"1831","31","2026-08-05 14:25:41.437","CANCELLED","263.03","app","{""device"":""mobile"",""promo"":""LOYALTY5""}","2026-08-05"
"1832","32","2026-08-05 13:48:41.437","PLACED","263.16","store","{""device"":""tablet"",""promo"":""NONE""}","2026-08-05"
"1833","33","2026-08-05 13:11:41.437","SHIPPED","263.29","web","{""device"":""desktop"",""promo"":""WELCOME10""}","2026-08-05"
"1834","34","2026-08-05 12:34:41.437","DELIVERED","263.42","app","{""device"":""mobile"",""promo"":""SPRING15""}","2026-08-05"
"1835","35","2026-08-05 11:57:41.437","CANCELLED","263.55","store","{""device"":""tablet"",""promo"":""LOYALTY5""}","2026-08-05"
"1836","36","2026-08-05 11:20:41.437","PLACED","263.68","web","{""device"":""desktop"",""promo"":""NONE""}","2026-08-05"
"1837","37","2026-08-05 10:43:41.437","SHIPPED","263.81","app","{""device"":""mobile"",""promo"":""WELCOME10""}","2026-08-05"
"1838","38","2026-08-05 10:06:41.437","DELIVERED","263.94","store","{""device"":""tablet"",""promo"":""SPRING15""}","2026-08-05"
"1839","39","2026-08-05 09:29:41.437","CANCELLED","264.07","web","{""device"":""desktop"",""promo"":""LOYALTY5""}","2026-08-05"
"1840","40","2026-08-05 08:52:41.437","PLACED","264.20","app","{""device"":""mobile"",""promo"":""NONE""}","2026-08-05"
"1841","41","2026-08-05 08:15:41.437","SHIPPED","264.33","store","{""device"":""tablet"",""promo"":""WELCOME10""}","2026-08-05"
"1842","42","2026-08-05 07:38:41.437","DELIVERED","264.46","web","{""device"":""desktop"",""promo"":""SPRING15""}","2026-08-05"
"1843","43","2026-08-05 07:01:41.437","CANCELLED","264.59","app","{""device"":""mobile"",""promo"":""LOYALTY5""}","2026-08-05"
"1844","44","2026-08-05 06:24:41.437","PLACED","264.72","store","{""device"":""tablet"",""promo"":""NONE""}","2026-08-05"
"1845","45","2026-08-05 05:47:41.437","SHIPPED","264.85","web","{""device"":""desktop"",""promo"":""WELCOME10""}","2026-08-05"
"1846","46","2026-08-05 05:10:41.437","DELIVERED","264.98","app","{""device"":""mobile"",""promo"":""SPRING15""}","2026-08-05"
"1847","47","2026-08-05 04:33:41.437","CANCELLED","265.11","store","{""device"":""tablet"",""promo"":""LOYALTY5""}","2026-08-05"
"1848","48","2026-08-05 03:56:41.437","PLACED","265.24","web","{""device"":""desktop"",""promo"":""NONE""}","2026-08-05"
"1849","49","2026-08-05 03:19:41.437","SHIPPED","265.37","app","{""device"":""mobile"",""promo"":""WELCOME10""}","2026-08-05"
"1850","50","2026-08-05 02:42:41.437","DELIVERED","265.50","store","{""device"":""tablet"",""promo"":""SPRING15""}","2026-08-05"
"1851","51","2026-08-05 02:05:41.437","CANCELLED","265.63","web","{""device"":""desktop"",""promo"":""LOYALTY5""}","2026-08-05"
"1852","52","2026-08-05 01:28:41.437","PLACED","265.76","app","{""device"":""mobile"",""promo"":""NONE""}","2026-08-05"
"1853","53","2026-08-05 00:51:41.437","SHIPPED","265.89","store","{""device"":""tablet"",""promo"":""WELCOME10""}","2026-08-05"
"1854","54","2026-08-05 00:14:41.437","DELIVERED","266.02","web","{""device"":""desktop"",""promo"":""SPRING15""}","2026-08-05"
"1855","55","2026-08-04 23:37:41.437","CANCELLED","266.15","app","{""device"":""mobile"",""promo"":""LOYALTY5""}","2026-08-04"
"1856","56","2026-08-04 23:00:41.437","PLACED","266.28","store","{""device"":""tablet"",""promo"":""NONE""}","2026-08-04"
"1857","57","2026-08-04 22:23:41.437","SHIPPED","266.41","web","{""device"":""desktop"",""promo"":""WELCOME10""}","2026-08-04"
"1858","58","2026-08-04 21:46:41.437","DELIVERED","266.54","app","{""device"":""mobile"",""promo"":""SPRING15""}","2026-08-04"
"1859","59","2026-08-04 21:09:41.437","CANCELLED","266.67","store","{""device"":""tablet"",""promo"":""LOYALTY5""}","2026-08-04"
"1860","60","2026-08-04 20:32:41.437","PLACED","266.80","web","{""device"":""desktop"",""promo"":""NONE""}","2026-08-04"
"1861","61","2026-08-04 19:55:41.437","SHIPPED","266.93","app","{""device"":""mobile"",""promo"":""WELCOME10""}","2026-08-04"
"1862","62","2026-08-04 19:18:41.437","DELIVERED","267.06","store","{""device"":""tablet"",""promo"":""SPRING15""}","2026-08-04"
"1863","63","2026-08-04 18:41:41.437","CANCELLED","267.19","web","{""device"":""desktop"",""promo"":""LOYALTY5""}","2026-08-04"
"1864","64","2026-08-04 18:04:41.437","PLACED","267.32","app","{""device"":""mobile"",""promo"":""NONE""}","2026-08-04"
"1865","65","2026-08-04 17:27:41.437","SHIPPED","267.45","store","{""device"":""tablet"",""promo"":""WELCOME10""}","2026-08-04"
"1866","66","2026-08-04 16:50:41.437","DELIVERED","267.58","web","{""device"":""desktop"",""promo"":""SPRING15""}","2026-08-04"
"1867","67","2026-08-04 16:13:41.437","CANCELLED","267.71","app","{""device"":""mobile"",""promo"":""LOYALTY5""}","2026-08-04"
"1868","68","2026-08-04 15:36:41.437","PLACED","267.84","store","{""device"":""tablet"",""promo"":""NONE""}","2026-08-04"
"1869","69","2026-08-04 14:59:41.437","SHIPPED","267.97","web","{""device"":""desktop"",""promo"":""WELCOME10""}","2026-08-04"
"1870","70","2026-08-04 14:22:41.437","DELIVERED","268.10","app","{""device"":""mobile"",""promo"":""SPRING15""}","2026-08-04"
"1871","71","2026-08-04 13:45:41.437","CANCELLED","268.23","store","{""device"":""tablet"",""promo"":""LOYALTY5""}","2026-08-04"
"1872","72","2026-08-04 13:08:41.437","PLACED","268.36","web","{""device"":""desktop"",""promo"":""NONE""}","2026-08-04"
"1873","73","2026-08-04 12:31:41.437","SHIPPED","268.49","app","{""device"":""mobile"",""promo"":""WELCOME10""}","2026-08-04"
"1874","74","2026-08-04 11:54:41.437","DELIVERED","268.62","store","{""device"":""tablet"",""promo"":""SPRING15""}","2026-08-04"
"1875","75","2026-08-04 11:17:41.437","CANCELLED","268.75","web","{""device"":""desktop"",""promo"":""LOYALTY5""}","2026-08-04"
"1876","76","2026-08-04 10:40:41.437","PLACED","268.88","app","{""device"":""mobile"",""promo"":""NONE""}","2026-08-04"
"1877","77","2026-08-04 10:03:41.437","SHIPPED","269.01","store","{""device"":""tablet"",""promo"":""WELCOME10""}","2026-08-04"
"1878","78","2026-08-04 09:26:41.437","DELIVERED","269.14","web","{""device"":""desktop"",""promo"":""SPRING15""}","2026-08-04"
"1879","79","2026-08-04 08:49:41.437","CANCELLED","269.27","app","{""device"":""mobile"",""promo"":""LOYALTY5""}","2026-08-04"
"1880","80","2026-08-04 08:12:41.437","PLACED","269.40","store","{""device"":""tablet"",""promo"":""NONE""}","2026-08-04"
"1881","81","2026-08-04 07:35:41.437","SHIPPED","269.53","web","{""device"":""desktop"",""promo"":""WELCOME10""}","2026-08-04"
"1882","82","2026-08-04 06:58:41.437","DELIVERED","269.66","app","{""device"":""mobile"",""promo"":""SPRING15""}","2026-08-04"
"1883","83","2026-08-04 06:21:41.437","CANCELLED","269.79","store","{""device"":""tablet"",""promo"":""LOYALTY5""}","2026-08-04"
"1884","84","2026-08-04 05:44:41.437","PLACED","269.92","web","{""device"":""desktop"",""promo"":""NONE""}","2026-08-04"
"1885","85","2026-08-04 05:07:41.437","SHIPPED","270.05","app","{""device"":""mobile"",""promo"":""WELCOME10""}","2026-08-04"
"1886","86","2026-08-04 04:30:41.437","DELIVERED","270.18","store","{""device"":""tablet"",""promo"":""SPRING15""}","2026-08-04"
"1887","87","2026-08-04 03:53:41.437","CANCELLED","270.31","web","{""device"":""desktop"",""promo"":""LOYALTY5""}","2026-08-04"
"1888","88","2026-08-04 03:16:41.437","PLACED","270.44","app","{""device"":""mobile"",""promo"":""NONE""}","2026-08-04"
"1889","89","2026-08-04 02:39:41.437","SHIPPED","270.57","store","{""device"":""tablet"",""promo"":""WELCOME10""}","2026-08-04"
"1890","90","2026-08-04 02:02:41.437","DELIVERED","270.70","web","{""device"":""desktop"",""promo"":""SPRING15""}","2026-08-04"
"1891","91","2026-08-04 01:25:41.437","CANCELLED","270.83","app","{""device"":""mobile"",""promo"":""LOYALTY5""}","2026-08-04"
"1892","92","2026-08-04 00:48:41.437","PLACED","270.96","store","{""device"":""tablet"",""promo"":""NONE""}","2026-08-04"
"1893","93","2026-08-04 00:11:41.437","SHIPPED","271.09","web","{""device"":""desktop"",""promo"":""WELCOME10""}","2026-08-04"
"1894","94","2026-08-03 23:34:41.437","DELIVERED","271.22","app","{""device"":""mobile"",""promo"":""SPRING15""}","2026-08-03"
"1895","95","2026-08-03 22:57:41.437","CANCELLED","271.35","store","{""device"":""tablet"",""promo"":""LOYALTY5""}","2026-08-03"
"1896","96","2026-08-03 22:20:41.437","PLACED","271.48","web","{""device"":""desktop"",""promo"":""NONE""}","2026-08-03"
"1897","97","2026-08-03 21:43:41.437","SHIPPED","271.61","app","{""device"":""mobile"",""promo"":""WELCOME10""}","2026-08-03"
"1898","98","2026-08-03 21:06:41.437","DELIVERED","271.74","store","{""device"":""tablet"",""promo"":""SPRING15""}","2026-08-03"
"1899","99","2026-08-03 20:29:41.437","CANCELLED","271.87","web","{""device"":""desktop"",""promo"":""LOYALTY5""}","2026-08-03"
"1900","100","2026-08-03 19:52:41.437","PLACED","272.00","app","{""device"":""mobile"",""promo"":""NONE""}","2026-08-03"
"1901","101","2026-08-03 19:15:41.437","SHIPPED","272.13","store","{""device"":""tablet"",""promo"":""WELCOME10""}","2026-08-03"
"1902","102","2026-08-03 18:38:41.437","DELIVERED","272.26","web","{""device"":""desktop"",""promo"":""SPRING15""}","2026-08-03"
"1903","103","2026-08-03 18:01:41.437","CANCELLED","272.39","app","{""device"":""mobile"",""promo"":""LOYALTY5""}","2026-08-03"
"1904","104","2026-08-03 17:24:41.437","PLACED","272.52","store","{""device"":""tablet"",""promo"":""NONE""}","2026-08-03"
"1905","105","2026-08-03 16:47:41.437","SHIPPED","272.65","web","{""device"":""desktop"",""promo"":""WELCOME10""}","2026-08-03"
"1906","106","2026-08-03 16:10:41.437","DELIVERED","272.78","app","{""device"":""mobile"",""promo"":""SPRING15""}","2026-08-03"
"1907","107","2026-08-03 15:33:41.437","CANCELLED","272.91","store","{""device"":""tablet"",""promo"":""LOYALTY5""}","2026-08-03"
"1908","108","2026-08-03 14:56:41.437","PLACED","273.04","web","{""device"":""desktop"",""promo"":""NONE""}","2026-08-03"
"1909","109","2026-08-03 14:19:41.437","SHIPPED","273.17","app","{""device"":""mobile"",""promo"":""WELCOME10""}","2026-08-03"
"1910","110","2026-08-03 13:42:41.437","DELIVERED","273.30","store","{""device"":""tablet"",""promo"":""SPRING15""}","2026-08-03"
"1911","111","2026-08-03 13:05:41.437","CANCELLED","273.43","web","{""device"":""desktop"",""promo"":""LOYALTY5""}","2026-08-03"
"1912","112","2026-08-03 12:28:41.437","PLACED","273.56","app","{""device"":""mobile"",""promo"":""NONE""}","2026-08-03"
"1913","113","2026-08-03 11:51:41.437","SHIPPED","273.69","store","{""device"":""tablet"",""promo"":""WELCOME10""}","2026-08-03"
"1914","114","2026-08-03 11:14:41.437","DELIVERED","273.82","web","{""device"":""desktop"",""promo"":""SPRING15""}","2026-08-03"
"1915","115","2026-08-03 10:37:41.437","CANCELLED","273.95","app","{""device"":""mobile"",""promo"":""LOYALTY5""}","2026-08-03"
"1916","116","2026-08-03 10:00:41.437","PLACED","274.08","store","{""device"":""tablet"",""promo"":""NONE""}","2026-08-03"
"1917","117","2026-08-03 09:23:41.437","SHIPPED","274.21","web","{""device"":""desktop"",""promo"":""WELCOME10""}","2026-08-03"
"1918","118","2026-08-03 08:46:41.437","DELIVERED","274.34","app","{""device"":""mobile"",""promo"":""SPRING15""}","2026-08-03"
"1919","119","2026-08-03 08:09:41.437","CANCELLED","274.47","store","{""device"":""tablet"",""promo"":""LOYALTY5""}","2026-08-03"
"1920","120","2026-08-03 07:32:41.437","PLACED","274.60","web","{""device"":""desktop"",""promo"":""NONE""}","2026-08-03"
"1921","121","2026-08-03 06:55:41.437","SHIPPED","274.73","app","{""device"":""mobile"",""promo"":""WELCOME10""}","2026-08-03"
"1922","122","2026-08-03 06:18:41.437","DELIVERED","274.86","store","{""device"":""tablet"",""promo"":""SPRING15""}","2026-08-03"
"1923","123","2026-08-03 05:41:41.437","CANCELLED","274.99","web","{""device"":""desktop"",""promo"":""LOYALTY5""}","2026-08-03"
"1924","124","2026-08-03 05:04:41.437","PLACED","275.12","app","{""device"":""mobile"",""promo"":""NONE""}","2026-08-03"
"1925","125","2026-08-03 04:27:41.437","SHIPPED","275.25","store","{""device"":""tablet"",""promo"":""WELCOME10""}","2026-08-03"
"1926","126","2026-08-03 03:50:41.437","DELIVERED","275.38","web","{""device"":""desktop"",""promo"":""SPRING15""}","2026-08-03"
"1927","127","2026-08-03 03:13:41.437","CANCELLED","275.51","app","{""device"":""mobile"",""promo"":""LOYALTY5""}","2026-08-03"
"1928","128","2026-08-03 02:36:41.437","PLACED","275.64","store","{""device"":""tablet"",""promo"":""NONE""}","2026-08-03"
"1929","129","2026-08-03 01:59:41.437","SHIPPED","275.77","web","{""device"":""desktop"",""promo"":""WELCOME10""}","2026-08-03"
"1930","130","2026-08-03 01:22:41.437","DELIVERED","275.90","app","{""device"":""mobile"",""promo"":""SPRING15""}","2026-08-03"
"1931","131","2026-08-03 00:45:41.437","CANCELLED","276.03","store","{""device"":""tablet"",""promo"":""LOYALTY5""}","2026-08-03"
"1932","132","2026-08-03 00:08:41.437","PLACED","276.16","web","{""device"":""desktop"",""promo"":""NONE""}","2026-08-03"
"1933","133","2026-08-02 23:31:41.437","SHIPPED","276.29","app","{""device"":""mobile"",""promo"":""WELCOME10""}","2026-08-02"
"1934","134","2026-08-02 22:54:41.437","DELIVERED","276.42","store","{""device"":""tablet"",""promo"":""SPRING15""}","2026-08-02"
"1935","135","2026-08-02 22:17:41.437","CANCELLED","276.55","web","{""device"":""desktop"",""promo"":""LOYALTY5""}","2026-08-02"
"1936","136","2026-08-02 21:40:41.437","PLACED","276.68","app","{""device"":""mobile"",""promo"":""NONE""}","2026-08-02"
"1937","137","2026-08-02 21:03:41.437","SHIPPED","276.81","store","{""device"":""tablet"",""promo"":""WELCOME10""}","2026-08-02"
"1938","138","2026-08-02 20:26:41.437","DELIVERED","276.94","web","{""device"":""desktop"",""promo"":""SPRING15""}","2026-08-02"
"1939","139","2026-08-02 19:49:41.437","CANCELLED","277.07","app","{""device"":""mobile"",""promo"":""LOYALTY5""}","2026-08-02"
"1940","140","2026-08-02 19:12:41.437","PLACED","277.20","store","{""device"":""tablet"",""promo"":""NONE""}","2026-08-02"
"1941","141","2026-08-02 18:35:41.437","SHIPPED","277.33","web","{""device"":""desktop"",""promo"":""WELCOME10""}","2026-08-02"
"1942","142","2026-08-02 17:58:41.437","DELIVERED","277.46","app","{""device"":""mobile"",""promo"":""SPRING15""}","2026-08-02"
"1943","143","2026-08-02 17:21:41.437","CANCELLED","277.59","store","{""device"":""tablet"",""promo"":""LOYALTY5""}","2026-08-02"
"1944","144","2026-08-02 16:44:41.437","PLACED","277.72","web","{""device"":""desktop"",""promo"":""NONE""}","2026-08-02"
"1945","145","2026-08-02 16:07:41.437","SHIPPED","277.85","app","{""device"":""mobile"",""promo"":""WELCOME10""}","2026-08-02"
"1946","146","2026-08-02 15:30:41.437","DELIVERED","277.98","store","{""device"":""tablet"",""promo"":""SPRING15""}","2026-08-02"
"1947","147","2026-08-02 14:53:41.437","CANCELLED","278.11","web","{""device"":""desktop"",""promo"":""LOYALTY5""}","2026-08-02"
"1948","148","2026-08-02 14:16:41.437","PLACED","278.24","app","{""device"":""mobile"",""promo"":""NONE""}","2026-08-02"
"1949","149","2026-08-02 13:39:41.437","SHIPPED","278.37","store","{""device"":""tablet"",""promo"":""WELCOME10""}","2026-08-02"
"1950","150","2026-08-02 13:02:41.437","DELIVERED","278.50","web","{""device"":""desktop"",""promo"":""SPRING15""}","2026-08-02"
"1951","151","2026-08-02 12:25:41.437","CANCELLED","278.63","app","{""device"":""mobile"",""promo"":""LOYALTY5""}","2026-08-02"
"1952","152","2026-08-02 11:48:41.437","PLACED","278.76","store","{""device"":""tablet"",""promo"":""NONE""}","2026-08-02"
"1953","153","2026-08-02 11:11:41.437","SHIPPED","278.89","web","{""device"":""desktop"",""promo"":""WELCOME10""}","2026-08-02"
"1954","154","2026-08-02 10:34:41.437","DELIVERED","279.02","app","{""device"":""mobile"",""promo"":""SPRING15""}","2026-08-02"
"1955","155","2026-08-02 09:57:41.437","CANCELLED","279.15","store","{""device"":""tablet"",""promo"":""LOYALTY5""}","2026-08-02"
"1956","156","2026-08-02 09:20:41.437","PLACED","279.28","web","{""device"":""desktop"",""promo"":""NONE""}","2026-08-02"
"1957","157","2026-08-02 08:43:41.437","SHIPPED","279.41","app","{""device"":""mobile"",""promo"":""WELCOME10""}","2026-08-02"
"1958","158","2026-08-02 08:06:41.437","DELIVERED","279.54","store","{""device"":""tablet"",""promo"":""SPRING15""}","2026-08-02"
"1959","159","2026-08-02 07:29:41.437","CANCELLED","279.67","web","{""device"":""desktop"",""promo"":""LOYALTY5""}","2026-08-02"
"1960","160","2026-08-02 06:52:41.437","PLACED","279.80","app","{""device"":""mobile"",""promo"":""NONE""}","2026-08-02"
"1961","161","2026-08-02 06:15:41.437","SHIPPED","279.93","store","{""device"":""tablet"",""promo"":""WELCOME10""}","2026-08-02"
"1962","162","2026-08-02 05:38:41.437","DELIVERED","280.06","web","{""device"":""desktop"",""promo"":""SPRING15""}","2026-08-02"
"1963","163","2026-08-02 05:01:41.437","CANCELLED","280.19","app","{""device"":""mobile"",""promo"":""LOYALTY5""}","2026-08-02"
"1964","164","2026-08-02 04:24:41.437","PLACED","280.32","store","{""device"":""tablet"",""promo"":""NONE""}","2026-08-02"
"1965","165","2026-08-02 03:47:41.437","SHIPPED","280.45","web","{""device"":""desktop"",""promo"":""WELCOME10""}","2026-08-02"
"1966","166","2026-08-02 03:10:41.437","DELIVERED","280.58","app","{""device"":""mobile"",""promo"":""SPRING15""}","2026-08-02"
"1967","167","2026-08-02 02:33:41.437","CANCELLED","280.71","store","{""device"":""tablet"",""promo"":""LOYALTY5""}","2026-08-02"
"1968","168","2026-08-02 01:56:41.437","PLACED","280.84","web","{""device"":""desktop"",""promo"":""NONE""}","2026-08-02"
"1969","169","2026-08-02 01:19:41.437","SHIPPED","280.97","app","{""device"":""mobile"",""promo"":""WELCOME10""}","2026-08-02"
"1970","170","2026-08-02 00:42:41.437","DELIVERED","281.10","store","{""device"":""tablet"",""promo"":""SPRING15""}","2026-08-02"
"1971","171","2026-08-02 00:05:41.437","CANCELLED","281.23","web","{""device"":""desktop"",""promo"":""LOYALTY5""}","2026-08-02"
"1972","172","2026-08-01 23:28:41.437","PLACED","281.36","app","{""device"":""mobile"",""promo"":""NONE""}","2026-08-01"
"1973","173","2026-08-01 22:51:41.437","SHIPPED","281.49","store","{""device"":""tablet"",""promo"":""WELCOME10""}","2026-08-01"
"1974","174","2026-08-01 22:14:41.437","DELIVERED","281.62","web","{""device"":""desktop"",""promo"":""SPRING15""}","2026-08-01"
"1975","175","2026-08-01 21:37:41.437","CANCELLED","281.75","app","{""device"":""mobile"",""promo"":""LOYALTY5""}","2026-08-01"
"1976","176","2026-08-01 21:00:41.437","PLACED","281.88","store","{""device"":""tablet"",""promo"":""NONE""}","2026-08-01"
"1977","177","2026-08-01 20:23:41.437","SHIPPED","282.01","web","{""device"":""desktop"",""promo"":""WELCOME10""}","2026-08-01"
"1978","178","2026-08-01 19:46:41.437","DELIVERED","282.14","app","{""device"":""mobile"",""promo"":""SPRING15""}","2026-08-01"
"1979","179","2026-08-01 19:09:41.437","CANCELLED","282.27","store","{""device"":""tablet"",""promo"":""LOYALTY5""}","2026-08-01"
"1980","180","2026-08-01 18:32:41.437","PLACED","282.40","web","{""device"":""desktop"",""promo"":""NONE""}","2026-08-01"
"1981","181","2026-08-01 17:55:41.437","SHIPPED","282.53","app","{""device"":""mobile"",""promo"":""WELCOME10""}","2026-08-01"
"1982","182","2026-08-01 17:18:41.437","DELIVERED","282.66","store","{""device"":""tablet"",""promo"":""SPRING15""}","2026-08-01"
"1983","183","2026-08-01 16:41:41.437","CANCELLED","282.79","web","{""device"":""desktop"",""promo"":""LOYALTY5""}","2026-08-01"
"1984","184","2026-08-01 16:04:41.437","PLACED","282.92","app","{""device"":""mobile"",""promo"":""NONE""}","2026-08-01"
"1985","185","2026-08-01 15:27:41.437","SHIPPED","283.05","store","{""device"":""tablet"",""promo"":""WELCOME10""}","2026-08-01"
"1986","186","2026-08-01 14:50:41.437","DELIVERED","283.18","web","{""device"":""desktop"",""promo"":""SPRING15""}","2026-08-01"
"1987","187","2026-08-01 14:13:41.437","CANCELLED","283.31","app","{""device"":""mobile"",""promo"":""LOYALTY5""}","2026-08-01"
"1988","188","2026-08-01 13:36:41.437","PLACED","283.44","store","{""device"":""tablet"",""promo"":""NONE""}","2026-08-01"
"1989","189","2026-08-01 12:59:41.437","SHIPPED","283.57","web","{""device"":""desktop"",""promo"":""WELCOME10""}","2026-08-01"
"1990","190","2026-08-01 12:22:41.437","DELIVERED","283.70","app","{""device"":""mobile"",""promo"":""SPRING15""}","2026-08-01"
"1991","191","2026-08-01 11:45:41.437","CANCELLED","283.83","store","{""device"":""tablet"",""promo"":""LOYALTY5""}","2026-08-01"
"1992","192","2026-08-01 11:08:41.437","PLACED","283.96","web","{""device"":""desktop"",""promo"":""NONE""}","2026-08-01"
"1993","193","2026-08-01 10:31:41.437","SHIPPED","284.09","app","{""device"":""mobile"",""promo"":""WELCOME10""}","2026-08-01"
"1994","194","2026-08-01 09:54:41.437","DELIVERED","284.22","store","{""device"":""tablet"",""promo"":""SPRING15""}","2026-08-01"
"1995","195","2026-08-01 09:17:41.437","CANCELLED","284.35","web","{""device"":""desktop"",""promo"":""LOYALTY5""}","2026-08-01"
"1996","196","2026-08-01 08:40:41.437","PLACED","284.48","app","{""device"":""mobile"",""promo"":""NONE""}","2026-08-01"
"1997","197","2026-08-01 08:03:41.437","SHIPPED","284.61","store","{""device"":""tablet"",""promo"":""WELCOME10""}","2026-08-01"
"1998","198","2026-08-01 07:26:41.437","DELIVERED","284.74","web","{""device"":""desktop"",""promo"":""SPRING15""}","2026-08-01"
"1999","199","2026-08-01 06:49:41.437","CANCELLED","284.87","app","{""device"":""mobile"",""promo"":""LOYALTY5""}","2026-08-01"
"2000","200","2026-08-01 06:12:41.437","PLACED","285.00","store","{""device"":""tablet"",""promo"":""NONE""}","2026-08-01"
"2001","1","2026-08-01 05:35:41.437","SHIPPED","285.13","web","{""device"":""desktop"",""promo"":""WELCOME10""}","2026-08-01"
"2002","2","2026-08-01 04:58:41.437","DELIVERED","285.26","app","{""device"":""mobile"",""promo"":""SPRING15""}","2026-08-01"
"2003","3","2026-08-01 04:21:41.437","CANCELLED","285.39","store","{""device"":""tablet"",""promo"":""LOYALTY5""}","2026-08-01"
"2004","4","2026-08-01 03:44:41.437","PLACED","285.52","web","{""device"":""desktop"",""promo"":""NONE""}","2026-08-01"
"2005","5","2026-08-01 03:07:41.437","SHIPPED","285.65","app","{""device"":""mobile"",""promo"":""WELCOME10""}","2026-08-01"
"2006","6","2026-08-01 02:30:41.437","DELIVERED","285.78","store","{""device"":""tablet"",""promo"":""SPRING15""}","2026-08-01"
"2007","7","2026-08-01 01:53:41.437","CANCELLED","285.91","web","{""device"":""desktop"",""promo"":""LOYALTY5""}","2026-08-01"
"2008","8","2026-08-01 01:16:41.437","PLACED","286.04","app","{""device"":""mobile"",""promo"":""NONE""}","2026-08-01"
"2009","9","2026-08-01 00:39:41.437","SHIPPED","286.17","store","{""device"":""tablet"",""promo"":""WELCOME10""}","2026-08-01"
"2010","10","2026-08-01 00:02:41.437","DELIVERED","286.30","web","{""device"":""desktop"",""promo"":""SPRING15""}","2026-08-01"
"2011","11","2026-07-31 23:25:41.437","CANCELLED","286.43","app","{""device"":""mobile"",""promo"":""LOYALTY5""}","2026-07-31"
"2012","12","2026-07-31 22:48:41.437","PLACED","286.56","store","{""device"":""tablet"",""promo"":""NONE""}","2026-07-31"
"2013","13","2026-07-31 22:11:41.437","SHIPPED","286.69","web","{""device"":""desktop"",""promo"":""WELCOME10""}","2026-07-31"
"2014","14","2026-07-31 21:34:41.437","DELIVERED","286.82","app","{""device"":""mobile"",""promo"":""SPRING15""}","2026-07-31"
"2015","15","2026-07-31 20:57:41.437","CANCELLED","286.95","store","{""device"":""tablet"",""promo"":""LOYALTY5""}","2026-07-31"
"2016","16","2026-07-31 20:20:41.437","PLACED","287.08","web","{""device"":""desktop"",""promo"":""NONE""}","2026-07-31"
"2017","17","2026-07-31 19:43:41.437","SHIPPED","287.21","app","{""device"":""mobile"",""promo"":""WELCOME10""}","2026-07-31"
"2018","18","2026-07-31 19:06:41.437","DELIVERED","287.34","store","{""device"":""tablet"",""promo"":""SPRING15""}","2026-07-31"
"2019","19","2026-07-31 18:29:41.437","CANCELLED","287.47","web","{""device"":""desktop"",""promo"":""LOYALTY5""}","2026-07-31"
"2020","20","2026-07-31 17:52:41.437","PLACED","287.60","app","{""device"":""mobile"",""promo"":""NONE""}","2026-07-31"
"2021","21","2026-07-31 17:15:41.437","SHIPPED","287.73","store","{""device"":""tablet"",""promo"":""WELCOME10""}","2026-07-31"
"2022","22","2026-07-31 16:38:41.437","DELIVERED","287.86","web","{""device"":""desktop"",""promo"":""SPRING15""}","2026-07-31"
"2023","23","2026-07-31 16:01:41.437","CANCELLED","287.99","app","{""device"":""mobile"",""promo"":""LOYALTY5""}","2026-07-31"
"2024","24","2026-07-31 15:24:41.437","PLACED","288.12","store","{""device"":""tablet"",""promo"":""NONE""}","2026-07-31"
"2025","25","2026-07-31 14:47:41.437","SHIPPED","288.25","web","{""device"":""desktop"",""promo"":""WELCOME10""}","2026-07-31"
"2026","26","2026-07-31 14:10:41.437","DELIVERED","288.38","app","{""device"":""mobile"",""promo"":""SPRING15""}","2026-07-31"
"2027","27","2026-07-31 13:33:41.437","CANCELLED","288.51","store","{""device"":""tablet"",""promo"":""LOYALTY5""}","2026-07-31"
"2028","28","2026-07-31 12:56:41.437","PLACED","288.64","web","{""device"":""desktop"",""promo"":""NONE""}","2026-07-31"
"2029","29","2026-07-31 12:19:41.437","SHIPPED","288.77","app","{""device"":""mobile"",""promo"":""WELCOME10""}","2026-07-31"
"2030","30","2026-07-31 11:42:41.437","DELIVERED","288.90","store","{""device"":""tablet"",""promo"":""SPRING15""}","2026-07-31"
"2031","31","2026-07-31 11:05:41.437","CANCELLED","289.03","web","{""device"":""desktop"",""promo"":""LOYALTY5""}","2026-07-31"
"2032","32","2026-07-31 10:28:41.437","PLACED","289.16","app","{""device"":""mobile"",""promo"":""NONE""}","2026-07-31"
"2033","33","2026-07-31 09:51:41.437","SHIPPED","289.29","store","{""device"":""tablet"",""promo"":""WELCOME10""}","2026-07-31"
"2034","34","2026-07-31 09:14:41.437","DELIVERED","289.42","web","{""device"":""desktop"",""promo"":""SPRING15""}","2026-07-31"
"2035","35","2026-07-31 08:37:41.437","CANCELLED","289.55","app","{""device"":""mobile"",""promo"":""LOYALTY5""}","2026-07-31"
"2036","36","2026-07-31 08:00:41.437","PLACED","289.68","store","{""device"":""tablet"",""promo"":""NONE""}","2026-07-31"
"2037","37","2026-07-31 07:23:41.437","SHIPPED","289.81","web","{""device"":""desktop"",""promo"":""WELCOME10""}","2026-07-31"
"2038","38","2026-07-31 06:46:41.437","DELIVERED","289.94","app","{""device"":""mobile"",""promo"":""SPRING15""}","2026-07-31"
"2039","39","2026-07-31 06:09:41.437","CANCELLED","290.07","store","{""device"":""tablet"",""promo"":""LOYALTY5""}","2026-07-31"
"2040","40","2026-07-31 05:32:41.437","PLACED","290.20","web","{""device"":""desktop"",""promo"":""NONE""}","2026-07-31"
"2041","41","2026-07-31 04:55:41.437","SHIPPED","290.33","app","{""device"":""mobile"",""promo"":""WELCOME10""}","2026-07-31"
"2042","42","2026-07-31 04:18:41.437","DELIVERED","290.46","store","{""device"":""tablet"",""promo"":""SPRING15""}","2026-07-31"
"2043","43","2026-07-31 03:41:41.437","CANCELLED","290.59","web","{""device"":""desktop"",""promo"":""LOYALTY5""}","2026-07-31"
"2044","44","2026-07-31 03:04:41.437","PLACED","290.72","app","{""device"":""mobile"",""promo"":""NONE""}","2026-07-31"
"2045","45","2026-07-31 02:27:41.437","SHIPPED","290.85","store","{""device"":""tablet"",""promo"":""WELCOME10""}","2026-07-31"
"2046","46","2026-07-31 01:50:41.437","DELIVERED","290.98","web","{""device"":""desktop"",""promo"":""SPRING15""}","2026-07-31"
"2047","47","2026-07-31 01:13:41.437","CANCELLED","291.11","app","{""device"":""mobile"",""promo"":""LOYALTY5""}","2026-07-31"
"2048","48","2026-07-31 00:36:41.437","PLACED","291.24","store","{""device"":""tablet"",""promo"":""NONE""}","2026-07-31"
"2049","49","2026-07-30 23:59:41.437","SHIPPED","291.37","web","{""device"":""desktop"",""promo"":""WELCOME10""}","2026-07-30"
"2050","50","2026-07-30 23:22:41.437","DELIVERED","291.50","app","{""device"":""mobile"",""promo"":""SPRING15""}","2026-07-30"
"2051","51","2026-07-30 22:45:41.437","CANCELLED","291.63","store","{""device"":""tablet"",""promo"":""LOYALTY5""}","2026-07-30"
"2052","52","2026-07-30 22:08:41.437","PLACED","291.76","web","{""device"":""desktop"",""promo"":""NONE""}","2026-07-30"
"2053","53","2026-07-30 21:31:41.437","SHIPPED","291.89","app","{""device"":""mobile"",""promo"":""WELCOME10""}","2026-07-30"
"2054","54","2026-07-30 20:54:41.437","DELIVERED","292.02","store","{""device"":""tablet"",""promo"":""SPRING15""}","2026-07-30"
"2055","55","2026-07-30 20:17:41.437","CANCELLED","292.15","web","{""device"":""desktop"",""promo"":""LOYALTY5""}","2026-07-30"
"2056","56","2026-07-30 19:40:41.437","PLACED","292.28","app","{""device"":""mobile"",""promo"":""NONE""}","2026-07-30"
"2057","57","2026-07-30 19:03:41.437","SHIPPED","292.41","store","{""device"":""tablet"",""promo"":""WELCOME10""}","2026-07-30"
"2058","58","2026-07-30 18:26:41.437","DELIVERED","292.54","web","{""device"":""desktop"",""promo"":""SPRING15""}","2026-07-30"
"2059","59","2026-07-30 17:49:41.437","CANCELLED","292.67","app","{""device"":""mobile"",""promo"":""LOYALTY5""}","2026-07-30"
"2060","60","2026-07-30 17:12:41.437","PLACED","292.80","store","{""device"":""tablet"",""promo"":""NONE""}","2026-07-30"
"2061","61","2026-07-30 16:35:41.437","SHIPPED","292.93","web","{""device"":""desktop"",""promo"":""WELCOME10""}","2026-07-30"
"2062","62","2026-07-30 15:58:41.437","DELIVERED","293.06","app","{""device"":""mobile"",""promo"":""SPRING15""}","2026-07-30"
"2063","63","2026-07-30 15:21:41.437","CANCELLED","293.19","store","{""device"":""tablet"",""promo"":""LOYALTY5""}","2026-07-30"
"2064","64","2026-07-30 14:44:41.437","PLACED","293.32","web","{""device"":""desktop"",""promo"":""NONE""}","2026-07-30"
"2065","65","2026-07-30 14:07:41.437","SHIPPED","293.45","app","{""device"":""mobile"",""promo"":""WELCOME10""}","2026-07-30"
"2066","66","2026-07-30 13:30:41.437","DELIVERED","293.58","store","{""device"":""tablet"",""promo"":""SPRING15""}","2026-07-30"
"2067","67","2026-07-30 12:53:41.437","CANCELLED","293.71","web","{""device"":""desktop"",""promo"":""LOYALTY5""}","2026-07-30"
"2068","68","2026-07-30 12:16:41.437","PLACED","293.84","app","{""device"":""mobile"",""promo"":""NONE""}","2026-07-30"
"2069","69","2026-07-30 11:39:41.437","SHIPPED","293.97","store","{""device"":""tablet"",""promo"":""WELCOME10""}","2026-07-30"
"2070","70","2026-07-30 11:02:41.437","DELIVERED","294.10","web","{""device"":""desktop"",""promo"":""SPRING15""}","2026-07-30"
"2071","71","2026-07-30 10:25:41.437","CANCELLED","294.23","app","{""device"":""mobile"",""promo"":""LOYALTY5""}","2026-07-30"
"2072","72","2026-07-30 09:48:41.437","PLACED","294.36","store","{""device"":""tablet"",""promo"":""NONE""}","2026-07-30"
"2073","73","2026-07-30 09:11:41.437","SHIPPED","294.49","web","{""device"":""desktop"",""promo"":""WELCOME10""}","2026-07-30"
"2074","74","2026-07-30 08:34:41.437","DELIVERED","294.62","app","{""device"":""mobile"",""promo"":""SPRING15""}","2026-07-30"
"2075","75","2026-07-30 07:57:41.437","CANCELLED","294.75","store","{""device"":""tablet"",""promo"":""LOYALTY5""}","2026-07-30"
"2076","76","2026-07-30 07:20:41.437","PLACED","294.88","web","{""device"":""desktop"",""promo"":""NONE""}","2026-07-30"
"2077","77","2026-07-30 06:43:41.437","SHIPPED","295.01","app","{""device"":""mobile"",""promo"":""WELCOME10""}","2026-07-30"
"2078","78","2026-07-30 06:06:41.437","DELIVERED","295.14","store","{""device"":""tablet"",""promo"":""SPRING15""}","2026-07-30"
"2079","79","2026-07-30 05:29:41.437","CANCELLED","295.27","web","{""device"":""desktop"",""promo"":""LOYALTY5""}","2026-07-30"
"2080","80","2026-07-30 04:52:41.437","PLACED","295.40","app","{""device"":""mobile"",""promo"":""NONE""}","2026-07-30"
"2081","81","2026-07-30 04:15:41.437","SHIPPED","295.53","store","{""device"":""tablet"",""promo"":""WELCOME10""}","2026-07-30"
"2082","82","2026-07-30 03:38:41.437","DELIVERED","295.66","web","{""device"":""desktop"",""promo"":""SPRING15""}","2026-07-30"
"2083","83","2026-07-30 03:01:41.437","CANCELLED","295.79","app","{""device"":""mobile"",""promo"":""LOYALTY5""}","2026-07-30"
"2084","84","2026-07-30 02:24:41.437","PLACED","295.92","store","{""device"":""tablet"",""promo"":""NONE""}","2026-07-30"
"2085","85","2026-07-30 01:47:41.437","SHIPPED","296.05","web","{""device"":""desktop"",""promo"":""WELCOME10""}","2026-07-30"
"2086","86","2026-07-30 01:10:41.437","DELIVERED","296.18","app","{""device"":""mobile"",""promo"":""SPRING15""}","2026-07-30"
"2087","87","2026-07-30 00:33:41.437","CANCELLED","296.31","store","{""device"":""tablet"",""promo"":""LOYALTY5""}","2026-07-30"
"2088","88","2026-07-29 23:56:41.437","PLACED","296.44","web","{""device"":""desktop"",""promo"":""NONE""}","2026-07-29"
"2089","89","2026-07-29 23:19:41.437","SHIPPED","296.57","app","{""device"":""mobile"",""promo"":""WELCOME10""}","2026-07-29"
"2090","90","2026-07-29 22:42:41.437","DELIVERED","296.70","store","{""device"":""tablet"",""promo"":""SPRING15""}","2026-07-29"
"2091","91","2026-07-29 22:05:41.437","CANCELLED","296.83","web","{""device"":""desktop"",""promo"":""LOYALTY5""}","2026-07-29"
"2092","92","2026-07-29 21:28:41.437","PLACED","296.96","app","{""device"":""mobile"",""promo"":""NONE""}","2026-07-29"
"2093","93","2026-07-29 20:51:41.437","SHIPPED","297.09","store","{""device"":""tablet"",""promo"":""WELCOME10""}","2026-07-29"
"2094","94","2026-07-29 20:14:41.437","DELIVERED","297.22","web","{""device"":""desktop"",""promo"":""SPRING15""}","2026-07-29"
"2095","95","2026-07-29 19:37:41.437","CANCELLED","297.35","app","{""device"":""mobile"",""promo"":""LOYALTY5""}","2026-07-29"
"2096","96","2026-07-29 19:00:41.437","PLACED","297.48","store","{""device"":""tablet"",""promo"":""NONE""}","2026-07-29"
"2097","97","2026-07-29 18:23:41.437","SHIPPED","297.61","web","{""device"":""desktop"",""promo"":""WELCOME10""}","2026-07-29"
"2098","98","2026-07-29 17:46:41.437","DELIVERED","297.74","app","{""device"":""mobile"",""promo"":""SPRING15""}","2026-07-29"
"2099","99","2026-07-29 17:09:41.437","CANCELLED","297.87","store","{""device"":""tablet"",""promo"":""LOYALTY5""}","2026-07-29"
"2100","100","2026-07-29 16:32:41.437","PLACED","298.00","web","{""device"":""desktop"",""promo"":""NONE""}","2026-07-29"
"2101","101","2026-07-29 15:55:41.437","SHIPPED","298.13","app","{""device"":""mobile"",""promo"":""WELCOME10""}","2026-07-29"
"2102","102","2026-07-29 15:18:41.437","DELIVERED","298.26","store","{""device"":""tablet"",""promo"":""SPRING15""}","2026-07-29"
"2103","103","2026-07-29 14:41:41.437","CANCELLED","298.39","web","{""device"":""desktop"",""promo"":""LOYALTY5""}","2026-07-29"
"2104","104","2026-07-29 14:04:41.437","PLACED","298.52","app","{""device"":""mobile"",""promo"":""NONE""}","2026-07-29"
"2105","105","2026-07-29 13:27:41.437","SHIPPED","298.65","store","{""device"":""tablet"",""promo"":""WELCOME10""}","2026-07-29"
"2106","106","2026-07-29 12:50:41.437","DELIVERED","298.78","web","{""device"":""desktop"",""promo"":""SPRING15""}","2026-07-29"
"2107","107","2026-07-29 12:13:41.437","CANCELLED","298.91","app","{""device"":""mobile"",""promo"":""LOYALTY5""}","2026-07-29"
"2108","108","2026-07-29 11:36:41.437","PLACED","299.04","store","{""device"":""tablet"",""promo"":""NONE""}","2026-07-29"
"2109","109","2026-07-29 10:59:41.437","SHIPPED","299.17","web","{""device"":""desktop"",""promo"":""WELCOME10""}","2026-07-29"
"2110","110","2026-07-29 10:22:41.437","DELIVERED","299.30","app","{""device"":""mobile"",""promo"":""SPRING15""}","2026-07-29"
"2111","111","2026-07-29 09:45:41.437","CANCELLED","299.43","store","{""device"":""tablet"",""promo"":""LOYALTY5""}","2026-07-29"
"2112","112","2026-07-29 09:08:41.437","PLACED","299.56","web","{""device"":""desktop"",""promo"":""NONE""}","2026-07-29"
"2113","113","2026-07-29 08:31:41.437","SHIPPED","299.69","app","{""device"":""mobile"",""promo"":""WELCOME10""}","2026-07-29"
"2114","114","2026-07-29 07:54:41.437","DELIVERED","299.82","store","{""device"":""tablet"",""promo"":""SPRING15""}","2026-07-29"
"2115","115","2026-07-29 07:17:41.437","CANCELLED","299.95","web","{""device"":""desktop"",""promo"":""LOYALTY5""}","2026-07-29"
"2116","116","2026-07-29 06:40:41.437","PLACED","300.08","app","{""device"":""mobile"",""promo"":""NONE""}","2026-07-29"
"2117","117","2026-07-29 06:03:41.437","SHIPPED","300.21","store","{""device"":""tablet"",""promo"":""WELCOME10""}","2026-07-29"
"2118","118","2026-07-29 05:26:41.437","DELIVERED","300.34","web","{""device"":""desktop"",""promo"":""SPRING15""}","2026-07-29"
"2119","119","2026-07-29 04:49:41.437","CANCELLED","300.47","app","{""device"":""mobile"",""promo"":""LOYALTY5""}","2026-07-29"
"2120","120","2026-07-29 04:12:41.437","PLACED","300.60","store","{""device"":""tablet"",""promo"":""NONE""}","2026-07-29"
"2121","121","2026-07-29 03:35:41.437","SHIPPED","300.73","web","{""device"":""desktop"",""promo"":""WELCOME10""}","2026-07-29"
"2122","122","2026-07-29 02:58:41.437","DELIVERED","300.86","app","{""device"":""mobile"",""promo"":""SPRING15""}","2026-07-29"
"2123","123","2026-07-29 02:21:41.437","CANCELLED","300.99","store","{""device"":""tablet"",""promo"":""LOYALTY5""}","2026-07-29"
"2124","124","2026-07-29 01:44:41.437","PLACED","301.12","web","{""device"":""desktop"",""promo"":""NONE""}","2026-07-29"
"2125","125","2026-07-29 01:07:41.437","SHIPPED","301.25","app","{""device"":""mobile"",""promo"":""WELCOME10""}","2026-07-29"
"2126","126","2026-07-29 00:30:41.437","DELIVERED","301.38","store","{""device"":""tablet"",""promo"":""SPRING15""}","2026-07-29"
"2127","127","2026-07-28 23:53:41.437","CANCELLED","301.51","web","{""device"":""desktop"",""promo"":""LOYALTY5""}","2026-07-28"
"2128","128","2026-07-28 23:16:41.437","PLACED","301.64","app","{""device"":""mobile"",""promo"":""NONE""}","2026-07-28"
"2129","129","2026-07-28 22:39:41.437","SHIPPED","301.77","store","{""device"":""tablet"",""promo"":""WELCOME10""}","2026-07-28"
"2130","130","2026-07-28 22:02:41.437","DELIVERED","301.90","web","{""device"":""desktop"",""promo"":""SPRING15""}","2026-07-28"
"2131","131","2026-07-28 21:25:41.437","CANCELLED","302.03","app","{""device"":""mobile"",""promo"":""LOYALTY5""}","2026-07-28"
"2132","132","2026-07-28 20:48:41.437","PLACED","302.16","store","{""device"":""tablet"",""promo"":""NONE""}","2026-07-28"
"2133","133","2026-07-28 20:11:41.437","SHIPPED","302.29","web","{""device"":""desktop"",""promo"":""WELCOME10""}","2026-07-28"
"2134","134","2026-07-28 19:34:41.437","DELIVERED","302.42","app","{""device"":""mobile"",""promo"":""SPRING15""}","2026-07-28"
"2135","135","2026-07-28 18:57:41.437","CANCELLED","302.55","store","{""device"":""tablet"",""promo"":""LOYALTY5""}","2026-07-28"
"2136","136","2026-07-28 18:20:41.437","PLACED","302.68","web","{""device"":""desktop"",""promo"":""NONE""}","2026-07-28"
"2137","137","2026-07-28 17:43:41.437","SHIPPED","302.81","app","{""device"":""mobile"",""promo"":""WELCOME10""}","2026-07-28"
"2138","138","2026-07-28 17:06:41.437","DELIVERED","302.94","store","{""device"":""tablet"",""promo"":""SPRING15""}","2026-07-28"
"2139","139","2026-07-28 16:29:41.437","CANCELLED","303.07","web","{""device"":""desktop"",""promo"":""LOYALTY5""}","2026-07-28"
"2140","140","2026-07-28 15:52:41.437","PLACED","303.20","app","{""device"":""mobile"",""promo"":""NONE""}","2026-07-28"
"2141","141","2026-07-28 15:15:41.437","SHIPPED","303.33","store","{""device"":""tablet"",""promo"":""WELCOME10""}","2026-07-28"
"2142","142","2026-07-28 14:38:41.437","DELIVERED","303.46","web","{""device"":""desktop"",""promo"":""SPRING15""}","2026-07-28"
"2143","143","2026-07-28 14:01:41.437","CANCELLED","303.59","app","{""device"":""mobile"",""promo"":""LOYALTY5""}","2026-07-28"
"2144","144","2026-07-28 13:24:41.437","PLACED","303.72","store","{""device"":""tablet"",""promo"":""NONE""}","2026-07-28"
"2145","145","2026-07-28 12:47:41.437","SHIPPED","303.85","web","{""device"":""desktop"",""promo"":""WELCOME10""}","2026-07-28"
"2146","146","2026-07-28 12:10:41.437","DELIVERED","303.98","app","{""device"":""mobile"",""promo"":""SPRING15""}","2026-07-28"
"2147","147","2026-07-28 11:33:41.437","CANCELLED","304.11","store","{""device"":""tablet"",""promo"":""LOYALTY5""}","2026-07-28"
"2148","148","2026-07-28 10:56:41.437","PLACED","304.24","web","{""device"":""desktop"",""promo"":""NONE""}","2026-07-28"
"2149","149","2026-07-28 10:19:41.437","SHIPPED","304.37","app","{""device"":""mobile"",""promo"":""WELCOME10""}","2026-07-28"
"2150","150","2026-07-28 09:42:41.437","DELIVERED","304.50","store","{""device"":""tablet"",""promo"":""SPRING15""}","2026-07-28"
"2151","151","2026-07-28 09:05:41.437","CANCELLED","304.63","web","{""device"":""desktop"",""promo"":""LOYALTY5""}","2026-07-28"
"2152","152","2026-07-28 08:28:41.437","PLACED","304.76","app","{""device"":""mobile"",""promo"":""NONE""}","2026-07-28"
"2153","153","2026-07-28 07:51:41.437","SHIPPED","304.89","store","{""device"":""tablet"",""promo"":""WELCOME10""}","2026-07-28"
"2154","154","2026-07-28 07:14:41.437","DELIVERED","305.02","web","{""device"":""desktop"",""promo"":""SPRING15""}","2026-07-28"
"2155","155","2026-07-28 06:37:41.437","CANCELLED","305.15","app","{""device"":""mobile"",""promo"":""LOYALTY5""}","2026-07-28"
"2156","156","2026-07-28 06:00:41.437","PLACED","305.28","store","{""device"":""tablet"",""promo"":""NONE""}","2026-07-28"
"2157","157","2026-07-28 05:23:41.437","SHIPPED","305.41","web","{""device"":""desktop"",""promo"":""WELCOME10""}","2026-07-28"
"2158","158","2026-07-28 04:46:41.437","DELIVERED","305.54","app","{""device"":""mobile"",""promo"":""SPRING15""}","2026-07-28"
"2159","159","2026-07-28 04:09:41.437","CANCELLED","305.67","store","{""device"":""tablet"",""promo"":""LOYALTY5""}","2026-07-28"
"2160","160","2026-07-28 03:32:41.437","PLACED","305.80","web","{""device"":""desktop"",""promo"":""NONE""}","2026-07-28"
"2161","161","2026-07-28 02:55:41.437","SHIPPED","305.93","app","{""device"":""mobile"",""promo"":""WELCOME10""}","2026-07-28"
"2162","162","2026-07-28 02:18:41.437","DELIVERED","306.06","store","{""device"":""tablet"",""promo"":""SPRING15""}","2026-07-28"
"2163","163","2026-07-28 01:41:41.437","CANCELLED","306.19","web","{""device"":""desktop"",""promo"":""LOYALTY5""}","2026-07-28"
"2164","164","2026-07-28 01:04:41.437","PLACED","306.32","app","{""device"":""mobile"",""promo"":""NONE""}","2026-07-28"
"2165","165","2026-07-28 00:27:41.437","SHIPPED","306.45","store","{""device"":""tablet"",""promo"":""WELCOME10""}","2026-07-28"
"2166","166","2026-07-27 23:50:41.437","DELIVERED","306.58","web","{""device"":""desktop"",""promo"":""SPRING15""}","2026-07-27"
"2167","167","2026-07-27 23:13:41.437","CANCELLED","306.71","app","{""device"":""mobile"",""promo"":""LOYALTY5""}","2026-07-27"
"2168","168","2026-07-27 22:36:41.437","PLACED","306.84","store","{""device"":""tablet"",""promo"":""NONE""}","2026-07-27"
"2169","169","2026-07-27 21:59:41.437","SHIPPED","306.97","web","{""device"":""desktop"",""promo"":""WELCOME10""}","2026-07-27"
"2170","170","2026-07-27 21:22:41.437","DELIVERED","307.10","app","{""device"":""mobile"",""promo"":""SPRING15""}","2026-07-27"
"2171","171","2026-07-27 20:45:41.437","CANCELLED","307.23","store","{""device"":""tablet"",""promo"":""LOYALTY5""}","2026-07-27"
"2172","172","2026-07-27 20:08:41.437","PLACED","307.36","web","{""device"":""desktop"",""promo"":""NONE""}","2026-07-27"
"2173","173","2026-07-27 19:31:41.437","SHIPPED","307.49","app","{""device"":""mobile"",""promo"":""WELCOME10""}","2026-07-27"
"2174","174","2026-07-27 18:54:41.437","DELIVERED","307.62","store","{""device"":""tablet"",""promo"":""SPRING15""}","2026-07-27"
"2175","175","2026-07-27 18:17:41.437","CANCELLED","307.75","web","{""device"":""desktop"",""promo"":""LOYALTY5""}","2026-07-27"
"2176","176","2026-07-27 17:40:41.437","PLACED","307.88","app","{""device"":""mobile"",""promo"":""NONE""}","2026-07-27"
"2177","177","2026-07-27 17:03:41.437","SHIPPED","308.01","store","{""device"":""tablet"",""promo"":""WELCOME10""}","2026-07-27"
"2178","178","2026-07-27 16:26:41.437","DELIVERED","308.14","web","{""device"":""desktop"",""promo"":""SPRING15""}","2026-07-27"
"2179","179","2026-07-27 15:49:41.437","CANCELLED","308.27","app","{""device"":""mobile"",""promo"":""LOYALTY5""}","2026-07-27"
"2180","180","2026-07-27 15:12:41.437","PLACED","308.40","store","{""device"":""tablet"",""promo"":""NONE""}","2026-07-27"
"2181","181","2026-07-27 14:35:41.437","SHIPPED","308.53","web","{""device"":""desktop"",""promo"":""WELCOME10""}","2026-07-27"
"2182","182","2026-07-27 13:58:41.437","DELIVERED","308.66","app","{""device"":""mobile"",""promo"":""SPRING15""}","2026-07-27"
"2183","183","2026-07-27 13:21:41.437","CANCELLED","308.79","store","{""device"":""tablet"",""promo"":""LOYALTY5""}","2026-07-27"
"2184","184","2026-07-27 12:44:41.437","PLACED","308.92","web","{""device"":""desktop"",""promo"":""NONE""}","2026-07-27"
"2185","185","2026-07-27 12:07:41.437","SHIPPED","309.05","app","{""device"":""mobile"",""promo"":""WELCOME10""}","2026-07-27"
"2186","186","2026-07-27 11:30:41.437","DELIVERED","309.18","store","{""device"":""tablet"",""promo"":""SPRING15""}","2026-07-27"
"2187","187","2026-07-27 10:53:41.437","CANCELLED","309.31","web","{""device"":""desktop"",""promo"":""LOYALTY5""}","2026-07-27"
"2188","188","2026-07-27 10:16:41.437","PLACED","309.44","app","{""device"":""mobile"",""promo"":""NONE""}","2026-07-27"
"2189","189","2026-07-27 09:39:41.437","SHIPPED","309.57","store","{""device"":""tablet"",""promo"":""WELCOME10""}","2026-07-27"
"2190","190","2026-07-27 09:02:41.437","DELIVERED","309.70","web","{""device"":""desktop"",""promo"":""SPRING15""}","2026-07-27"
"2191","191","2026-07-27 08:25:41.437","CANCELLED","309.83","app","{""device"":""mobile"",""promo"":""LOYALTY5""}","2026-07-27"
"2192","192","2026-07-27 07:48:41.437","PLACED","309.96","store","{""device"":""tablet"",""promo"":""NONE""}","2026-07-27"
"2193","193","2026-07-27 07:11:41.437","SHIPPED","310.09","web","{""device"":""desktop"",""promo"":""WELCOME10""}","2026-07-27"
"2194","194","2026-07-27 06:34:41.437","DELIVERED","310.22","app","{""device"":""mobile"",""promo"":""SPRING15""}","2026-07-27"
"2195","195","2026-07-27 05:57:41.437","CANCELLED","310.35","store","{""device"":""tablet"",""promo"":""LOYALTY5""}","2026-07-27"
"2196","196","2026-07-27 05:20:41.437","PLACED","310.48","web","{""device"":""desktop"",""promo"":""NONE""}","2026-07-27"
"2197","197","2026-07-27 04:43:41.437","SHIPPED","310.61","app","{""device"":""mobile"",""promo"":""WELCOME10""}","2026-07-27"
"2198","198","2026-07-27 04:06:41.437","DELIVERED","310.74","store","{""device"":""tablet"",""promo"":""SPRING15""}","2026-07-27"
"2199","199","2026-07-27 03:29:41.437","CANCELLED","310.87","web","{""device"":""desktop"",""promo"":""LOYALTY5""}","2026-07-27"
"2200","200","2026-07-27 02:52:41.437","PLACED","311.00","app","{""device"":""mobile"",""promo"":""NONE""}","2026-07-27"
"2201","1","2026-07-27 02:15:41.437","SHIPPED","311.13","store","{""device"":""tablet"",""promo"":""WELCOME10""}","2026-07-27"
"2202","2","2026-07-27 01:38:41.437","DELIVERED","311.26","web","{""device"":""desktop"",""promo"":""SPRING15""}","2026-07-27"
"2203","3","2026-07-27 01:01:41.437","CANCELLED","311.39","app","{""device"":""mobile"",""promo"":""LOYALTY5""}","2026-07-27"
"2204","4","2026-07-27 00:24:41.437","PLACED","311.52","store","{""device"":""tablet"",""promo"":""NONE""}","2026-07-27"
"2205","5","2026-07-26 23:47:41.437","SHIPPED","311.65","web","{""device"":""desktop"",""promo"":""WELCOME10""}","2026-07-26"
"2206","6","2026-07-26 23:10:41.437","DELIVERED","311.78","app","{""device"":""mobile"",""promo"":""SPRING15""}","2026-07-26"
"2207","7","2026-07-26 22:33:41.437","CANCELLED","311.91","store","{""device"":""tablet"",""promo"":""LOYALTY5""}","2026-07-26"
"2208","8","2026-07-26 21:56:41.437","PLACED","312.04","web","{""device"":""desktop"",""promo"":""NONE""}","2026-07-26"
"2209","9","2026-07-26 21:19:41.437","SHIPPED","312.17","app","{""device"":""mobile"",""promo"":""WELCOME10""}","2026-07-26"
"2210","10","2026-07-26 20:42:41.437","DELIVERED","312.30","store","{""device"":""tablet"",""promo"":""SPRING15""}","2026-07-26"
"2211","11","2026-07-26 20:05:41.437","CANCELLED","312.43","web","{""device"":""desktop"",""promo"":""LOYALTY5""}","2026-07-26"
"2212","12","2026-07-26 19:28:41.437","PLACED","312.56","app","{""device"":""mobile"",""promo"":""NONE""}","2026-07-26"
"2213","13","2026-07-26 18:51:41.437","SHIPPED","312.69","store","{""device"":""tablet"",""promo"":""WELCOME10""}","2026-07-26"
"2214","14","2026-07-26 18:14:41.437","DELIVERED","312.82","web","{""device"":""desktop"",""promo"":""SPRING15""}","2026-07-26"
"2215","15","2026-07-26 17:37:41.437","CANCELLED","312.95","app","{""device"":""mobile"",""promo"":""LOYALTY5""}","2026-07-26"
"2216","16","2026-07-26 17:00:41.437","PLACED","313.08","store","{""device"":""tablet"",""promo"":""NONE""}","2026-07-26"
"2217","17","2026-07-26 16:23:41.437","SHIPPED","313.21","web","{""device"":""desktop"",""promo"":""WELCOME10""}","2026-07-26"
"2218","18","2026-07-26 15:46:41.437","DELIVERED","313.34","app","{""device"":""mobile"",""promo"":""SPRING15""}","2026-07-26"
"2219","19","2026-07-26 15:09:41.437","CANCELLED","313.47","store","{""device"":""tablet"",""promo"":""LOYALTY5""}","2026-07-26"
"2220","20","2026-07-26 14:32:41.437","PLACED","313.60","web","{""device"":""desktop"",""promo"":""NONE""}","2026-07-26"
"2221","21","2026-07-26 13:55:41.437","SHIPPED","313.73","app","{""device"":""mobile"",""promo"":""WELCOME10""}","2026-07-26"
"2222","22","2026-07-26 13:18:41.437","DELIVERED","313.86","store","{""device"":""tablet"",""promo"":""SPRING15""}","2026-07-26"
"2223","23","2026-07-26 12:41:41.437","CANCELLED","313.99","web","{""device"":""desktop"",""promo"":""LOYALTY5""}","2026-07-26"
"2224","24","2026-07-26 12:04:41.437","PLACED","314.12","app","{""device"":""mobile"",""promo"":""NONE""}","2026-07-26"
"2225","25","2026-07-26 11:27:41.437","SHIPPED","314.25","store","{""device"":""tablet"",""promo"":""WELCOME10""}","2026-07-26"
"2226","26","2026-07-26 10:50:41.437","DELIVERED","314.38","web","{""device"":""desktop"",""promo"":""SPRING15""}","2026-07-26"
"2227","27","2026-07-26 10:13:41.437","CANCELLED","314.51","app","{""device"":""mobile"",""promo"":""LOYALTY5""}","2026-07-26"
"2228","28","2026-07-26 09:36:41.437","PLACED","314.64","store","{""device"":""tablet"",""promo"":""NONE""}","2026-07-26"
"2229","29","2026-07-26 08:59:41.437","SHIPPED","314.77","web","{""device"":""desktop"",""promo"":""WELCOME10""}","2026-07-26"
"2230","30","2026-07-26 08:22:41.437","DELIVERED","314.90","app","{""device"":""mobile"",""promo"":""SPRING15""}","2026-07-26"
"2231","31","2026-07-26 07:45:41.437","CANCELLED","315.03","store","{""device"":""tablet"",""promo"":""LOYALTY5""}","2026-07-26"
"2232","32","2026-07-26 07:08:41.437","PLACED","315.16","web","{""device"":""desktop"",""promo"":""NONE""}","2026-07-26"
"2233","33","2026-07-26 06:31:41.437","SHIPPED","315.29","app","{""device"":""mobile"",""promo"":""WELCOME10""}","2026-07-26"
"2234","34","2026-07-26 05:54:41.437","DELIVERED","315.42","store","{""device"":""tablet"",""promo"":""SPRING15""}","2026-07-26"
"2235","35","2026-07-26 05:17:41.437","CANCELLED","315.55","web","{""device"":""desktop"",""promo"":""LOYALTY5""}","2026-07-26"
"2236","36","2026-07-26 04:40:41.437","PLACED","315.68","app","{""device"":""mobile"",""promo"":""NONE""}","2026-07-26"
"2237","37","2026-07-26 04:03:41.437","SHIPPED","315.81","store","{""device"":""tablet"",""promo"":""WELCOME10""}","2026-07-26"
"2238","38","2026-07-26 03:26:41.437","DELIVERED","315.94","web","{""device"":""desktop"",""promo"":""SPRING15""}","2026-07-26"
"2239","39","2026-07-26 02:49:41.437","CANCELLED","316.07","app","{""device"":""mobile"",""promo"":""LOYALTY5""}","2026-07-26"
"2240","40","2026-07-26 02:12:41.437","PLACED","316.20","store","{""device"":""tablet"",""promo"":""NONE""}","2026-07-26"
"2241","41","2026-07-26 01:35:41.437","SHIPPED","316.33","web","{""device"":""desktop"",""promo"":""WELCOME10""}","2026-07-26"
"2242","42","2026-07-26 00:58:41.437","DELIVERED","316.46","app","{""device"":""mobile"",""promo"":""SPRING15""}","2026-07-26"
"2243","43","2026-07-26 00:21:41.437","CANCELLED","316.59","store","{""device"":""tablet"",""promo"":""LOYALTY5""}","2026-07-26"
"2244","44","2026-07-25 23:44:41.437","PLACED","316.72","web","{""device"":""desktop"",""promo"":""NONE""}","2026-07-25"
"2245","45","2026-07-25 23:07:41.437","SHIPPED","316.85","app","{""device"":""mobile"",""promo"":""WELCOME10""}","2026-07-25"
"2246","46","2026-07-25 22:30:41.437","DELIVERED","316.98","store","{""device"":""tablet"",""promo"":""SPRING15""}","2026-07-25"
"2247","47","2026-07-25 21:53:41.437","CANCELLED","317.11","web","{""device"":""desktop"",""promo"":""LOYALTY5""}","2026-07-25"
"2248","48","2026-07-25 21:16:41.437","PLACED","317.24","app","{""device"":""mobile"",""promo"":""NONE""}","2026-07-25"
"2249","49","2026-07-25 20:39:41.437","SHIPPED","317.37","store","{""device"":""tablet"",""promo"":""WELCOME10""}","2026-07-25"
"2250","50","2026-07-25 20:02:41.437","DELIVERED","317.50","web","{""device"":""desktop"",""promo"":""SPRING15""}","2026-07-25"
"2251","51","2026-07-25 19:25:41.437","CANCELLED","317.63","app","{""device"":""mobile"",""promo"":""LOYALTY5""}","2026-07-25"
"2252","52","2026-07-25 18:48:41.437","PLACED","317.76","store","{""device"":""tablet"",""promo"":""NONE""}","2026-07-25"
"2253","53","2026-07-25 18:11:41.437","SHIPPED","317.89","web","{""device"":""desktop"",""promo"":""WELCOME10""}","2026-07-25"
"2254","54","2026-07-25 17:34:41.437","DELIVERED","318.02","app","{""device"":""mobile"",""promo"":""SPRING15""}","2026-07-25"
"2255","55","2026-07-25 16:57:41.437","CANCELLED","318.15","store","{""device"":""tablet"",""promo"":""LOYALTY5""}","2026-07-25"
"2256","56","2026-07-25 16:20:41.437","PLACED","318.28","web","{""device"":""desktop"",""promo"":""NONE""}","2026-07-25"
"2257","57","2026-07-25 15:43:41.437","SHIPPED","318.41","app","{""device"":""mobile"",""promo"":""WELCOME10""}","2026-07-25"
"2258","58","2026-07-25 15:06:41.437","DELIVERED","318.54","store","{""device"":""tablet"",""promo"":""SPRING15""}","2026-07-25"
"2259","59","2026-07-25 14:29:41.437","CANCELLED","318.67","web","{""device"":""desktop"",""promo"":""LOYALTY5""}","2026-07-25"
"2260","60","2026-07-25 13:52:41.437","PLACED","318.80","app","{""device"":""mobile"",""promo"":""NONE""}","2026-07-25"
"2261","61","2026-07-25 13:15:41.437","SHIPPED","318.93","store","{""device"":""tablet"",""promo"":""WELCOME10""}","2026-07-25"
"2262","62","2026-07-25 12:38:41.437","DELIVERED","319.06","web","{""device"":""desktop"",""promo"":""SPRING15""}","2026-07-25"
"2263","63","2026-07-25 12:01:41.437","CANCELLED","319.19","app","{""device"":""mobile"",""promo"":""LOYALTY5""}","2026-07-25"
"2264","64","2026-07-25 11:24:41.437","PLACED","319.32","store","{""device"":""tablet"",""promo"":""NONE""}","2026-07-25"
"2265","65","2026-07-25 10:47:41.437","SHIPPED","319.45","web","{""device"":""desktop"",""promo"":""WELCOME10""}","2026-07-25"
"2266","66","2026-07-25 10:10:41.437","DELIVERED","319.58","app","{""device"":""mobile"",""promo"":""SPRING15""}","2026-07-25"
"2267","67","2026-07-25 09:33:41.437","CANCELLED","319.71","store","{""device"":""tablet"",""promo"":""LOYALTY5""}","2026-07-25"
"2268","68","2026-07-25 08:56:41.437","PLACED","319.84","web","{""device"":""desktop"",""promo"":""NONE""}","2026-07-25"
"2269","69","2026-07-25 08:19:41.437","SHIPPED","319.97","app","{""device"":""mobile"",""promo"":""WELCOME10""}","2026-07-25"
"2270","70","2026-07-25 07:42:41.437","DELIVERED","320.10","store","{""device"":""tablet"",""promo"":""SPRING15""}","2026-07-25"
"2271","71","2026-07-25 07:05:41.437","CANCELLED","320.23","web","{""device"":""desktop"",""promo"":""LOYALTY5""}","2026-07-25"
"2272","72","2026-07-25 06:28:41.437","PLACED","320.36","app","{""device"":""mobile"",""promo"":""NONE""}","2026-07-25"
"2273","73","2026-07-25 05:51:41.437","SHIPPED","320.49","store","{""device"":""tablet"",""promo"":""WELCOME10""}","2026-07-25"
"2274","74","2026-07-25 05:14:41.437","DELIVERED","320.62","web","{""device"":""desktop"",""promo"":""SPRING15""}","2026-07-25"
"2275","75","2026-07-25 04:37:41.437","CANCELLED","320.75","app","{""device"":""mobile"",""promo"":""LOYALTY5""}","2026-07-25"
"2276","76","2026-07-25 04:00:41.437","PLACED","320.88","store","{""device"":""tablet"",""promo"":""NONE""}","2026-07-25"
"2277","77","2026-07-25 03:23:41.437","SHIPPED","321.01","web","{""device"":""desktop"",""promo"":""WELCOME10""}","2026-07-25"
"2278","78","2026-07-25 02:46:41.437","DELIVERED","321.14","app","{""device"":""mobile"",""promo"":""SPRING15""}","2026-07-25"
"2279","79","2026-07-25 02:09:41.437","CANCELLED","321.27","store","{""device"":""tablet"",""promo"":""LOYALTY5""}","2026-07-25"
"2280","80","2026-07-25 01:32:41.437","PLACED","321.40","web","{""device"":""desktop"",""promo"":""NONE""}","2026-07-25"
"2281","81","2026-07-25 00:55:41.437","SHIPPED","321.53","app","{""device"":""mobile"",""promo"":""WELCOME10""}","2026-07-25"
"2282","82","2026-07-25 00:18:41.437","DELIVERED","321.66","store","{""device"":""tablet"",""promo"":""SPRING15""}","2026-07-25"
"2283","83","2026-07-24 23:41:41.437","CANCELLED","321.79","web","{""device"":""desktop"",""promo"":""LOYALTY5""}","2026-07-24"
"2284","84","2026-07-24 23:04:41.437","PLACED","321.92","app","{""device"":""mobile"",""promo"":""NONE""}","2026-07-24"
"2285","85","2026-07-24 22:27:41.437","SHIPPED","322.05","store","{""device"":""tablet"",""promo"":""WELCOME10""}","2026-07-24"
"2286","86","2026-07-24 21:50:41.437","DELIVERED","322.18","web","{""device"":""desktop"",""promo"":""SPRING15""}","2026-07-24"
"2287","87","2026-07-24 21:13:41.437","CANCELLED","322.31","app","{""device"":""mobile"",""promo"":""LOYALTY5""}","2026-07-24"
"2288","88","2026-07-24 20:36:41.437","PLACED","322.44","store","{""device"":""tablet"",""promo"":""NONE""}","2026-07-24"
"2289","89","2026-07-24 19:59:41.437","SHIPPED","322.57","web","{""device"":""desktop"",""promo"":""WELCOME10""}","2026-07-24"
"2290","90","2026-07-24 19:22:41.437","DELIVERED","322.70","app","{""device"":""mobile"",""promo"":""SPRING15""}","2026-07-24"
"2291","91","2026-07-24 18:45:41.437","CANCELLED","322.83","store","{""device"":""tablet"",""promo"":""LOYALTY5""}","2026-07-24"
"2292","92","2026-07-24 18:08:41.437","PLACED","322.96","web","{""device"":""desktop"",""promo"":""NONE""}","2026-07-24"
"2293","93","2026-07-24 17:31:41.437","SHIPPED","323.09","app","{""device"":""mobile"",""promo"":""WELCOME10""}","2026-07-24"
"2294","94","2026-07-24 16:54:41.437","DELIVERED","323.22","store","{""device"":""tablet"",""promo"":""SPRING15""}","2026-07-24"
"2295","95","2026-07-24 16:17:41.437","CANCELLED","323.35","web","{""device"":""desktop"",""promo"":""LOYALTY5""}","2026-07-24"
"2296","96","2026-07-24 15:40:41.437","PLACED","323.48","app","{""device"":""mobile"",""promo"":""NONE""}","2026-07-24"
"2297","97","2026-07-24 15:03:41.437","SHIPPED","323.61","store","{""device"":""tablet"",""promo"":""WELCOME10""}","2026-07-24"
"2298","98","2026-07-24 14:26:41.437","DELIVERED","323.74","web","{""device"":""desktop"",""promo"":""SPRING15""}","2026-07-24"
"2299","99","2026-07-24 13:49:41.437","CANCELLED","323.87","app","{""device"":""mobile"",""promo"":""LOYALTY5""}","2026-07-24"
"2300","100","2026-07-24 13:12:41.437","PLACED","324.00","store","{""device"":""tablet"",""promo"":""NONE""}","2026-07-24"
"2301","101","2026-07-24 12:35:41.437","SHIPPED","324.13","web","{""device"":""desktop"",""promo"":""WELCOME10""}","2026-07-24"
"2302","102","2026-07-24 11:58:41.437","DELIVERED","324.26","app","{""device"":""mobile"",""promo"":""SPRING15""}","2026-07-24"
"2303","103","2026-07-24 11:21:41.437","CANCELLED","324.39","store","{""device"":""tablet"",""promo"":""LOYALTY5""}","2026-07-24"
"2304","104","2026-07-24 10:44:41.437","PLACED","324.52","web","{""device"":""desktop"",""promo"":""NONE""}","2026-07-24"
"2305","105","2026-07-24 10:07:41.437","SHIPPED","324.65","app","{""device"":""mobile"",""promo"":""WELCOME10""}","2026-07-24"
"2306","106","2026-07-24 09:30:41.437","DELIVERED","324.78","store","{""device"":""tablet"",""promo"":""SPRING15""}","2026-07-24"
"2307","107","2026-07-24 08:53:41.437","CANCELLED","324.91","web","{""device"":""desktop"",""promo"":""LOYALTY5""}","2026-07-24"
"2308","108","2026-07-24 08:16:41.437","PLACED","325.04","app","{""device"":""mobile"",""promo"":""NONE""}","2026-07-24"
"2309","109","2026-07-24 07:39:41.437","SHIPPED","325.17","store","{""device"":""tablet"",""promo"":""WELCOME10""}","2026-07-24"
"2310","110","2026-07-24 07:02:41.437","DELIVERED","325.30","web","{""device"":""desktop"",""promo"":""SPRING15""}","2026-07-24"
"2311","111","2026-07-24 06:25:41.437","CANCELLED","325.43","app","{""device"":""mobile"",""promo"":""LOYALTY5""}","2026-07-24"
"2312","112","2026-07-24 05:48:41.437","PLACED","325.56","store","{""device"":""tablet"",""promo"":""NONE""}","2026-07-24"
"2313","113","2026-07-24 05:11:41.437","SHIPPED","325.69","web","{""device"":""desktop"",""promo"":""WELCOME10""}","2026-07-24"
"2314","114","2026-07-24 04:34:41.437","DELIVERED","325.82","app","{""device"":""mobile"",""promo"":""SPRING15""}","2026-07-24"
"2315","115","2026-07-24 03:57:41.437","CANCELLED","325.95","store","{""device"":""tablet"",""promo"":""LOYALTY5""}","2026-07-24"
"2316","116","2026-07-24 03:20:41.437","PLACED","326.08","web","{""device"":""desktop"",""promo"":""NONE""}","2026-07-24"
"2317","117","2026-07-24 02:43:41.437","SHIPPED","326.21","app","{""device"":""mobile"",""promo"":""WELCOME10""}","2026-07-24"
"2318","118","2026-07-24 02:06:41.437","DELIVERED","326.34","store","{""device"":""tablet"",""promo"":""SPRING15""}","2026-07-24"
"2319","119","2026-07-24 01:29:41.437","CANCELLED","326.47","web","{""device"":""desktop"",""promo"":""LOYALTY5""}","2026-07-24"
"2320","120","2026-07-24 00:52:41.437","PLACED","326.60","app","{""device"":""mobile"",""promo"":""NONE""}","2026-07-24"
"2321","121","2026-07-24 00:15:41.437","SHIPPED","326.73","store","{""device"":""tablet"",""promo"":""WELCOME10""}","2026-07-24"
"2322","122","2026-07-23 23:38:41.437","DELIVERED","326.86","web","{""device"":""desktop"",""promo"":""SPRING15""}","2026-07-23"
"2323","123","2026-07-23 23:01:41.437","CANCELLED","326.99","app","{""device"":""mobile"",""promo"":""LOYALTY5""}","2026-07-23"
"2324","124","2026-07-23 22:24:41.437","PLACED","327.12","store","{""device"":""tablet"",""promo"":""NONE""}","2026-07-23"
"2325","125","2026-07-23 21:47:41.437","SHIPPED","327.25","web","{""device"":""desktop"",""promo"":""WELCOME10""}","2026-07-23"
"2326","126","2026-07-23 21:10:41.437","DELIVERED","327.38","app","{""device"":""mobile"",""promo"":""SPRING15""}","2026-07-23"
"2327","127","2026-07-23 20:33:41.437","CANCELLED","327.51","store","{""device"":""tablet"",""promo"":""LOYALTY5""}","2026-07-23"
"2328","128","2026-07-23 19:56:41.437","PLACED","327.64","web","{""device"":""desktop"",""promo"":""NONE""}","2026-07-23"
"2329","129","2026-07-23 19:19:41.437","SHIPPED","327.77","app","{""device"":""mobile"",""promo"":""WELCOME10""}","2026-07-23"
"2330","130","2026-07-23 18:42:41.437","DELIVERED","327.90","store","{""device"":""tablet"",""promo"":""SPRING15""}","2026-07-23"
"2331","131","2026-07-23 18:05:41.437","CANCELLED","328.03","web","{""device"":""desktop"",""promo"":""LOYALTY5""}","2026-07-23"
"2332","132","2026-07-23 17:28:41.437","PLACED","328.16","app","{""device"":""mobile"",""promo"":""NONE""}","2026-07-23"
"2333","133","2026-07-23 16:51:41.437","SHIPPED","328.29","store","{""device"":""tablet"",""promo"":""WELCOME10""}","2026-07-23"
"2334","134","2026-07-23 16:14:41.437","DELIVERED","328.42","web","{""device"":""desktop"",""promo"":""SPRING15""}","2026-07-23"
"2335","135","2026-07-23 15:37:41.437","CANCELLED","328.55","app","{""device"":""mobile"",""promo"":""LOYALTY5""}","2026-07-23"
"2336","136","2026-07-23 15:00:41.437","PLACED","328.68","store","{""device"":""tablet"",""promo"":""NONE""}","2026-07-23"
"2337","137","2026-07-23 14:23:41.437","SHIPPED","328.81","web","{""device"":""desktop"",""promo"":""WELCOME10""}","2026-07-23"
"2338","138","2026-07-23 13:46:41.437","DELIVERED","328.94","app","{""device"":""mobile"",""promo"":""SPRING15""}","2026-07-23"
"2339","139","2026-07-23 13:09:41.437","CANCELLED","329.07","store","{""device"":""tablet"",""promo"":""LOYALTY5""}","2026-07-23"
"2340","140","2026-07-23 12:32:41.437","PLACED","329.20","web","{""device"":""desktop"",""promo"":""NONE""}","2026-07-23"
"2341","141","2026-07-23 11:55:41.437","SHIPPED","329.33","app","{""device"":""mobile"",""promo"":""WELCOME10""}","2026-07-23"
"2342","142","2026-07-23 11:18:41.437","DELIVERED","329.46","store","{""device"":""tablet"",""promo"":""SPRING15""}","2026-07-23"
"2343","143","2026-07-23 10:41:41.437","CANCELLED","329.59","web","{""device"":""desktop"",""promo"":""LOYALTY5""}","2026-07-23"
"2344","144","2026-07-23 10:04:41.437","PLACED","329.72","app","{""device"":""mobile"",""promo"":""NONE""}","2026-07-23"
"2345","145","2026-07-23 09:27:41.437","SHIPPED","329.85","store","{""device"":""tablet"",""promo"":""WELCOME10""}","2026-07-23"
"2346","146","2026-07-23 08:50:41.437","DELIVERED","329.98","web","{""device"":""desktop"",""promo"":""SPRING15""}","2026-07-23"
"2347","147","2026-07-23 08:13:41.437","CANCELLED","330.11","app","{""device"":""mobile"",""promo"":""LOYALTY5""}","2026-07-23"
"2348","148","2026-07-23 07:36:41.437","PLACED","330.24","store","{""device"":""tablet"",""promo"":""NONE""}","2026-07-23"
"2349","149","2026-07-23 06:59:41.437","SHIPPED","330.37","web","{""device"":""desktop"",""promo"":""WELCOME10""}","2026-07-23"
"2350","150","2026-07-23 06:22:41.437","DELIVERED","330.50","app","{""device"":""mobile"",""promo"":""SPRING15""}","2026-07-23"
"2351","151","2026-07-23 05:45:41.437","CANCELLED","330.63","store","{""device"":""tablet"",""promo"":""LOYALTY5""}","2026-07-23"
"2352","152","2026-07-23 05:08:41.437","PLACED","330.76","web","{""device"":""desktop"",""promo"":""NONE""}","2026-07-23"
"2353","153","2026-07-23 04:31:41.437","SHIPPED","330.89","app","{""device"":""mobile"",""promo"":""WELCOME10""}","2026-07-23"
"2354","154","2026-07-23 03:54:41.437","DELIVERED","331.02","store","{""device"":""tablet"",""promo"":""SPRING15""}","2026-07-23"
"2355","155","2026-07-23 03:17:41.437","CANCELLED","331.15","web","{""device"":""desktop"",""promo"":""LOYALTY5""}","2026-07-23"
"2356","156","2026-07-23 02:40:41.437","PLACED","331.28","app","{""device"":""mobile"",""promo"":""NONE""}","2026-07-23"
"2357","157","2026-07-23 02:03:41.437","SHIPPED","331.41","store","{""device"":""tablet"",""promo"":""WELCOME10""}","2026-07-23"
"2358","158","2026-07-23 01:26:41.437","DELIVERED","331.54","web","{""device"":""desktop"",""promo"":""SPRING15""}","2026-07-23"
"2359","159","2026-07-23 00:49:41.437","CANCELLED","331.67","app","{""device"":""mobile"",""promo"":""LOYALTY5""}","2026-07-23"
"2360","160","2026-07-23 00:12:41.437","PLACED","331.80","store","{""device"":""tablet"",""promo"":""NONE""}","2026-07-23"
"2361","161","2026-07-22 23:35:41.437","SHIPPED","331.93","web","{""device"":""desktop"",""promo"":""WELCOME10""}","2026-07-22"
"2362","162","2026-07-22 22:58:41.437","DELIVERED","332.06","app","{""device"":""mobile"",""promo"":""SPRING15""}","2026-07-22"
"2363","163","2026-07-22 22:21:41.437","CANCELLED","332.19","store","{""device"":""tablet"",""promo"":""LOYALTY5""}","2026-07-22"
"2364","164","2026-07-22 21:44:41.437","PLACED","332.32","web","{""device"":""desktop"",""promo"":""NONE""}","2026-07-22"
"2365","165","2026-07-22 21:07:41.437","SHIPPED","332.45","app","{""device"":""mobile"",""promo"":""WELCOME10""}","2026-07-22"
"2366","166","2026-07-22 20:30:41.437","DELIVERED","332.58","store","{""device"":""tablet"",""promo"":""SPRING15""}","2026-07-22"
"2367","167","2026-07-22 19:53:41.437","CANCELLED","332.71","web","{""device"":""desktop"",""promo"":""LOYALTY5""}","2026-07-22"
"2368","168","2026-07-22 19:16:41.437","PLACED","332.84","app","{""device"":""mobile"",""promo"":""NONE""}","2026-07-22"
"2369","169","2026-07-22 18:39:41.437","SHIPPED","332.97","store","{""device"":""tablet"",""promo"":""WELCOME10""}","2026-07-22"
"2370","170","2026-07-22 18:02:41.437","DELIVERED","333.10","web","{""device"":""desktop"",""promo"":""SPRING15""}","2026-07-22"
"2371","171","2026-07-22 17:25:41.437","CANCELLED","333.23","app","{""device"":""mobile"",""promo"":""LOYALTY5""}","2026-07-22"
"2372","172","2026-07-22 16:48:41.437","PLACED","333.36","store","{""device"":""tablet"",""promo"":""NONE""}","2026-07-22"
"2373","173","2026-07-22 16:11:41.437","SHIPPED","333.49","web","{""device"":""desktop"",""promo"":""WELCOME10""}","2026-07-22"
"2374","174","2026-07-22 15:34:41.437","DELIVERED","333.62","app","{""device"":""mobile"",""promo"":""SPRING15""}","2026-07-22"
"2375","175","2026-07-22 14:57:41.437","CANCELLED","333.75","store","{""device"":""tablet"",""promo"":""LOYALTY5""}","2026-07-22"
"2376","176","2026-07-22 14:20:41.437","PLACED","333.88","web","{""device"":""desktop"",""promo"":""NONE""}","2026-07-22"
"2377","177","2026-07-22 13:43:41.437","SHIPPED","334.01","app","{""device"":""mobile"",""promo"":""WELCOME10""}","2026-07-22"
"2378","178","2026-07-22 13:06:41.437","DELIVERED","334.14","store","{""device"":""tablet"",""promo"":""SPRING15""}","2026-07-22"
"2379","179","2026-07-22 12:29:41.437","CANCELLED","334.27","web","{""device"":""desktop"",""promo"":""LOYALTY5""}","2026-07-22"
"2380","180","2026-07-22 11:52:41.437","PLACED","334.40","app","{""device"":""mobile"",""promo"":""NONE""}","2026-07-22"
"2381","181","2026-07-22 11:15:41.437","SHIPPED","334.53","store","{""device"":""tablet"",""promo"":""WELCOME10""}","2026-07-22"
"2382","182","2026-07-22 10:38:41.437","DELIVERED","334.66","web","{""device"":""desktop"",""promo"":""SPRING15""}","2026-07-22"
"2383","183","2026-07-22 10:01:41.437","CANCELLED","334.79","app","{""device"":""mobile"",""promo"":""LOYALTY5""}","2026-07-22"
"2384","184","2026-07-22 09:24:41.437","PLACED","334.92","store","{""device"":""tablet"",""promo"":""NONE""}","2026-07-22"
"2385","185","2026-07-22 08:47:41.437","SHIPPED","335.05","web","{""device"":""desktop"",""promo"":""WELCOME10""}","2026-07-22"
"2386","186","2026-07-22 08:10:41.437","DELIVERED","335.18","app","{""device"":""mobile"",""promo"":""SPRING15""}","2026-07-22"
"2387","187","2026-07-22 07:33:41.437","CANCELLED","335.31","store","{""device"":""tablet"",""promo"":""LOYALTY5""}","2026-07-22"
"2388","188","2026-07-22 06:56:41.437","PLACED","335.44","web","{""device"":""desktop"",""promo"":""NONE""}","2026-07-22"
"2389","189","2026-07-22 06:19:41.437","SHIPPED","335.57","app","{""device"":""mobile"",""promo"":""WELCOME10""}","2026-07-22"
"2390","190","2026-07-22 05:42:41.437","DELIVERED","335.70","store","{""device"":""tablet"",""promo"":""SPRING15""}","2026-07-22"
"2391","191","2026-07-22 05:05:41.437","CANCELLED","335.83","web","{""device"":""desktop"",""promo"":""LOYALTY5""}","2026-07-22"
"2392","192","2026-07-22 04:28:41.437","PLACED","335.96","app","{""device"":""mobile"",""promo"":""NONE""}","2026-07-22"
"2393","193","2026-07-22 03:51:41.437","SHIPPED","336.09","store","{""device"":""tablet"",""promo"":""WELCOME10""}","2026-07-22"
"2394","194","2026-07-22 03:14:41.437","DELIVERED","336.22","web","{""device"":""desktop"",""promo"":""SPRING15""}","2026-07-22"
"2395","195","2026-07-22 02:37:41.437","CANCELLED","336.35","app","{""device"":""mobile"",""promo"":""LOYALTY5""}","2026-07-22"
"2396","196","2026-07-22 02:00:41.437","PLACED","336.48","store","{""device"":""tablet"",""promo"":""NONE""}","2026-07-22"
"2397","197","2026-07-22 01:23:41.437","SHIPPED","336.61","web","{""device"":""desktop"",""promo"":""WELCOME10""}","2026-07-22"
"2398","198","2026-07-22 00:46:41.437","DELIVERED","336.74","app","{""device"":""mobile"",""promo"":""SPRING15""}","2026-07-22"
"2399","199","2026-07-22 00:09:41.437","CANCELLED","336.87","store","{""device"":""tablet"",""promo"":""LOYALTY5""}","2026-07-22"
"2400","200","2026-07-21 23:32:41.437","PLACED","337.00","web","{""device"":""desktop"",""promo"":""NONE""}","2026-07-21"
"2401","1","2026-07-21 22:55:41.437","SHIPPED","337.13","app","{""device"":""mobile"",""promo"":""WELCOME10""}","2026-07-21"
"2402","2","2026-07-21 22:18:41.437","DELIVERED","337.26","store","{""device"":""tablet"",""promo"":""SPRING15""}","2026-07-21"
"2403","3","2026-07-21 21:41:41.437","CANCELLED","337.39","web","{""device"":""desktop"",""promo"":""LOYALTY5""}","2026-07-21"
"2404","4","2026-07-21 21:04:41.437","PLACED","337.52","app","{""device"":""mobile"",""promo"":""NONE""}","2026-07-21"
"2405","5","2026-07-21 20:27:41.437","SHIPPED","337.65","store","{""device"":""tablet"",""promo"":""WELCOME10""}","2026-07-21"
"2406","6","2026-07-21 19:50:41.437","DELIVERED","337.78","web","{""device"":""desktop"",""promo"":""SPRING15""}","2026-07-21"
"2407","7","2026-07-21 19:13:41.437","CANCELLED","337.91","app","{""device"":""mobile"",""promo"":""LOYALTY5""}","2026-07-21"
"2408","8","2026-07-21 18:36:41.437","PLACED","338.04","store","{""device"":""tablet"",""promo"":""NONE""}","2026-07-21"
"2409","9","2026-07-21 17:59:41.437","SHIPPED","338.17","web","{""device"":""desktop"",""promo"":""WELCOME10""}","2026-07-21"
"2410","10","2026-07-21 17:22:41.437","DELIVERED","338.30","app","{""device"":""mobile"",""promo"":""SPRING15""}","2026-07-21"
"2411","11","2026-07-21 16:45:41.437","CANCELLED","338.43","store","{""device"":""tablet"",""promo"":""LOYALTY5""}","2026-07-21"
"2412","12","2026-07-21 16:08:41.437","PLACED","338.56","web","{""device"":""desktop"",""promo"":""NONE""}","2026-07-21"
"2413","13","2026-07-21 15:31:41.437","SHIPPED","338.69","app","{""device"":""mobile"",""promo"":""WELCOME10""}","2026-07-21"
"2414","14","2026-07-21 14:54:41.437","DELIVERED","338.82","store","{""device"":""tablet"",""promo"":""SPRING15""}","2026-07-21"
"2415","15","2026-07-21 14:17:41.437","CANCELLED","338.95","web","{""device"":""desktop"",""promo"":""LOYALTY5""}","2026-07-21"
"2416","16","2026-07-21 13:40:41.437","PLACED","339.08","app","{""device"":""mobile"",""promo"":""NONE""}","2026-07-21"
"2417","17","2026-07-21 13:03:41.437","SHIPPED","339.21","store","{""device"":""tablet"",""promo"":""WELCOME10""}","2026-07-21"
"2418","18","2026-07-21 12:26:41.437","DELIVERED","339.34","web","{""device"":""desktop"",""promo"":""SPRING15""}","2026-07-21"
"2419","19","2026-07-21 11:49:41.437","CANCELLED","339.47","app","{""device"":""mobile"",""promo"":""LOYALTY5""}","2026-07-21"
"2420","20","2026-07-21 11:12:41.437","PLACED","339.60","store","{""device"":""tablet"",""promo"":""NONE""}","2026-07-21"
"2421","21","2026-07-21 10:35:41.437","SHIPPED","339.73","web","{""device"":""desktop"",""promo"":""WELCOME10""}","2026-07-21"
"2422","22","2026-07-21 09:58:41.437","DELIVERED","339.86","app","{""device"":""mobile"",""promo"":""SPRING15""}","2026-07-21"
"2423","23","2026-07-21 09:21:41.437","CANCELLED","339.99","store","{""device"":""tablet"",""promo"":""LOYALTY5""}","2026-07-21"
"2424","24","2026-07-21 08:44:41.437","PLACED","340.12","web","{""device"":""desktop"",""promo"":""NONE""}","2026-07-21"
"2425","25","2026-07-21 08:07:41.437","SHIPPED","340.25","app","{""device"":""mobile"",""promo"":""WELCOME10""}","2026-07-21"
"2426","26","2026-07-21 07:30:41.437","DELIVERED","340.38","store","{""device"":""tablet"",""promo"":""SPRING15""}","2026-07-21"
"2427","27","2026-07-21 06:53:41.437","CANCELLED","340.51","web","{""device"":""desktop"",""promo"":""LOYALTY5""}","2026-07-21"
"2428","28","2026-07-21 06:16:41.437","PLACED","340.64","app","{""device"":""mobile"",""promo"":""NONE""}","2026-07-21"
"2429","29","2026-07-21 05:39:41.437","SHIPPED","340.77","store","{""device"":""tablet"",""promo"":""WELCOME10""}","2026-07-21"
"2430","30","2026-07-21 05:02:41.437","DELIVERED","340.90","web","{""device"":""desktop"",""promo"":""SPRING15""}","2026-07-21"
"2431","31","2026-07-21 04:25:41.437","CANCELLED","341.03","app","{""device"":""mobile"",""promo"":""LOYALTY5""}","2026-07-21"
"2432","32","2026-07-21 03:48:41.437","PLACED","341.16","store","{""device"":""tablet"",""promo"":""NONE""}","2026-07-21"
"2433","33","2026-07-21 03:11:41.437","SHIPPED","341.29","web","{""device"":""desktop"",""promo"":""WELCOME10""}","2026-07-21"
"2434","34","2026-07-21 02:34:41.437","DELIVERED","341.42","app","{""device"":""mobile"",""promo"":""SPRING15""}","2026-07-21"
"2435","35","2026-07-21 01:57:41.437","CANCELLED","341.55","store","{""device"":""tablet"",""promo"":""LOYALTY5""}","2026-07-21"
"2436","36","2026-07-21 01:20:41.437","PLACED","341.68","web","{""device"":""desktop"",""promo"":""NONE""}","2026-07-21"
"2437","37","2026-07-21 00:43:41.437","SHIPPED","341.81","app","{""device"":""mobile"",""promo"":""WELCOME10""}","2026-07-21"
"2438","38","2026-07-21 00:06:41.437","DELIVERED","341.94","store","{""device"":""tablet"",""promo"":""SPRING15""}","2026-07-21"
"2439","39","2026-07-20 23:29:41.437","CANCELLED","342.07","web","{""device"":""desktop"",""promo"":""LOYALTY5""}","2026-07-20"
"2440","40","2026-07-20 22:52:41.437","PLACED","342.20","app","{""device"":""mobile"",""promo"":""NONE""}","2026-07-20"
"2441","41","2026-07-20 22:15:41.437","SHIPPED","342.33","store","{""device"":""tablet"",""promo"":""WELCOME10""}","2026-07-20"
"2442","42","2026-07-20 21:38:41.437","DELIVERED","342.46","web","{""device"":""desktop"",""promo"":""SPRING15""}","2026-07-20"
"2443","43","2026-07-20 21:01:41.437","CANCELLED","342.59","app","{""device"":""mobile"",""promo"":""LOYALTY5""}","2026-07-20"
"2444","44","2026-07-20 20:24:41.437","PLACED","342.72","store","{""device"":""tablet"",""promo"":""NONE""}","2026-07-20"
"2445","45","2026-07-20 19:47:41.437","SHIPPED","342.85","web","{""device"":""desktop"",""promo"":""WELCOME10""}","2026-07-20"
"2446","46","2026-07-20 19:10:41.437","DELIVERED","342.98","app","{""device"":""mobile"",""promo"":""SPRING15""}","2026-07-20"
"2447","47","2026-07-20 18:33:41.437","CANCELLED","343.11","store","{""device"":""tablet"",""promo"":""LOYALTY5""}","2026-07-20"
"2448","48","2026-07-20 17:56:41.437","PLACED","343.24","web","{""device"":""desktop"",""promo"":""NONE""}","2026-07-20"
"2449","49","2026-07-20 17:19:41.437","SHIPPED","343.37","app","{""device"":""mobile"",""promo"":""WELCOME10""}","2026-07-20"
"2450","50","2026-07-20 16:42:41.437","DELIVERED","343.50","store","{""device"":""tablet"",""promo"":""SPRING15""}","2026-07-20"
"2451","51","2026-07-20 16:05:41.437","CANCELLED","343.63","web","{""device"":""desktop"",""promo"":""LOYALTY5""}","2026-07-20"
"2452","52","2026-07-20 15:28:41.437","PLACED","343.76","app","{""device"":""mobile"",""promo"":""NONE""}","2026-07-20"
"2453","53","2026-07-20 14:51:41.437","SHIPPED","343.89","store","{""device"":""tablet"",""promo"":""WELCOME10""}","2026-07-20"
"2454","54","2026-07-20 14:14:41.437","DELIVERED","344.02","web","{""device"":""desktop"",""promo"":""SPRING15""}","2026-07-20"
"2455","55","2026-07-20 13:37:41.437","CANCELLED","344.15","app","{""device"":""mobile"",""promo"":""LOYALTY5""}","2026-07-20"
"2456","56","2026-07-20 13:00:41.437","PLACED","344.28","store","{""device"":""tablet"",""promo"":""NONE""}","2026-07-20"
"2457","57","2026-07-20 12:23:41.437","SHIPPED","344.41","web","{""device"":""desktop"",""promo"":""WELCOME10""}","2026-07-20"
"2458","58","2026-07-20 11:46:41.437","DELIVERED","344.54","app","{""device"":""mobile"",""promo"":""SPRING15""}","2026-07-20"
"2459","59","2026-07-20 11:09:41.437","CANCELLED","344.67","store","{""device"":""tablet"",""promo"":""LOYALTY5""}","2026-07-20"
"2460","60","2026-07-20 10:32:41.437","PLACED","344.80","web","{""device"":""desktop"",""promo"":""NONE""}","2026-07-20"
"2461","61","2026-07-20 09:55:41.437","SHIPPED","344.93","app","{""device"":""mobile"",""promo"":""WELCOME10""}","2026-07-20"
"2462","62","2026-07-20 09:18:41.437","DELIVERED","345.06","store","{""device"":""tablet"",""promo"":""SPRING15""}","2026-07-20"
"2463","63","2026-07-20 08:41:41.437","CANCELLED","345.19","web","{""device"":""desktop"",""promo"":""LOYALTY5""}","2026-07-20"
"2464","64","2026-07-20 08:04:41.437","PLACED","345.32","app","{""device"":""mobile"",""promo"":""NONE""}","2026-07-20"
"2465","65","2026-07-20 07:27:41.437","SHIPPED","345.45","store","{""device"":""tablet"",""promo"":""WELCOME10""}","2026-07-20"
"2466","66","2026-07-20 06:50:41.437","DELIVERED","345.58","web","{""device"":""desktop"",""promo"":""SPRING15""}","2026-07-20"
"2467","67","2026-07-20 06:13:41.437","CANCELLED","345.71","app","{""device"":""mobile"",""promo"":""LOYALTY5""}","2026-07-20"
"2468","68","2026-07-20 05:36:41.437","PLACED","345.84","store","{""device"":""tablet"",""promo"":""NONE""}","2026-07-20"
"2469","69","2026-07-20 04:59:41.437","SHIPPED","345.97","web","{""device"":""desktop"",""promo"":""WELCOME10""}","2026-07-20"
"2470","70","2026-07-20 04:22:41.437","DELIVERED","346.10","app","{""device"":""mobile"",""promo"":""SPRING15""}","2026-07-20"
"2471","71","2026-07-20 03:45:41.437","CANCELLED","346.23","store","{""device"":""tablet"",""promo"":""LOYALTY5""}","2026-07-20"
"2472","72","2026-07-20 03:08:41.437","PLACED","346.36","web","{""device"":""desktop"",""promo"":""NONE""}","2026-07-20"
"2473","73","2026-07-20 02:31:41.437","SHIPPED","346.49","app","{""device"":""mobile"",""promo"":""WELCOME10""}","2026-07-20"
"2474","74","2026-07-20 01:54:41.437","DELIVERED","346.62","store","{""device"":""tablet"",""promo"":""SPRING15""}","2026-07-20"
"2475","75","2026-07-20 01:17:41.437","CANCELLED","346.75","web","{""device"":""desktop"",""promo"":""LOYALTY5""}","2026-07-20"
"2476","76","2026-07-20 00:40:41.437","PLACED","346.88","app","{""device"":""mobile"",""promo"":""NONE""}","2026-07-20"
"2477","77","2026-07-20 00:03:41.437","SHIPPED","347.01","store","{""device"":""tablet"",""promo"":""WELCOME10""}","2026-07-20"
"2478","78","2026-07-19 23:26:41.437","DELIVERED","347.14","web","{""device"":""desktop"",""promo"":""SPRING15""}","2026-07-19"
"2479","79","2026-07-19 22:49:41.437","CANCELLED","347.27","app","{""device"":""mobile"",""promo"":""LOYALTY5""}","2026-07-19"
"2480","80","2026-07-19 22:12:41.437","PLACED","347.40","store","{""device"":""tablet"",""promo"":""NONE""}","2026-07-19"
"2481","81","2026-07-19 21:35:41.437","SHIPPED","347.53","web","{""device"":""desktop"",""promo"":""WELCOME10""}","2026-07-19"
"2482","82","2026-07-19 20:58:41.437","DELIVERED","347.66","app","{""device"":""mobile"",""promo"":""SPRING15""}","2026-07-19"
"2483","83","2026-07-19 20:21:41.437","CANCELLED","347.79","store","{""device"":""tablet"",""promo"":""LOYALTY5""}","2026-07-19"
"2484","84","2026-07-19 19:44:41.437","PLACED","347.92","web","{""device"":""desktop"",""promo"":""NONE""}","2026-07-19"
"2485","85","2026-07-19 19:07:41.437","SHIPPED","348.05","app","{""device"":""mobile"",""promo"":""WELCOME10""}","2026-07-19"
"2486","86","2026-07-19 18:30:41.437","DELIVERED","348.18","store","{""device"":""tablet"",""promo"":""SPRING15""}","2026-07-19"
"2487","87","2026-07-19 17:53:41.437","CANCELLED","348.31","web","{""device"":""desktop"",""promo"":""LOYALTY5""}","2026-07-19"
"2488","88","2026-07-19 17:16:41.437","PLACED","348.44","app","{""device"":""mobile"",""promo"":""NONE""}","2026-07-19"
"2489","89","2026-07-19 16:39:41.437","SHIPPED","348.57","store","{""device"":""tablet"",""promo"":""WELCOME10""}","2026-07-19"
"2490","90","2026-07-19 16:02:41.437","DELIVERED","348.70","web","{""device"":""desktop"",""promo"":""SPRING15""}","2026-07-19"
"2491","91","2026-07-19 15:25:41.437","CANCELLED","348.83","app","{""device"":""mobile"",""promo"":""LOYALTY5""}","2026-07-19"
"2492","92","2026-07-19 14:48:41.437","PLACED","348.96","store","{""device"":""tablet"",""promo"":""NONE""}","2026-07-19"
"2493","93","2026-07-19 14:11:41.437","SHIPPED","349.09","web","{""device"":""desktop"",""promo"":""WELCOME10""}","2026-07-19"
"2494","94","2026-07-19 13:34:41.437","DELIVERED","349.22","app","{""device"":""mobile"",""promo"":""SPRING15""}","2026-07-19"
"2495","95","2026-07-19 12:57:41.437","CANCELLED","349.35","store","{""device"":""tablet"",""promo"":""LOYALTY5""}","2026-07-19"
"2496","96","2026-07-19 12:20:41.437","PLACED","349.48","web","{""device"":""desktop"",""promo"":""NONE""}","2026-07-19"
"2497","97","2026-07-19 11:43:41.437","SHIPPED","349.61","app","{""device"":""mobile"",""promo"":""WELCOME10""}","2026-07-19"
"2498","98","2026-07-19 11:06:41.437","DELIVERED","349.74","store","{""device"":""tablet"",""promo"":""SPRING15""}","2026-07-19"
"2499","99","2026-07-19 10:29:41.437","CANCELLED","349.87","web","{""device"":""desktop"",""promo"":""LOYALTY5""}","2026-07-19"
"2500","100","2026-07-19 09:52:41.437","PLACED","350.00","app","{""device"":""mobile"",""promo"":""NONE""}","2026-07-19"
"2501","101","2026-07-19 09:15:41.437","SHIPPED","350.13","store","{""device"":""tablet"",""promo"":""WELCOME10""}","2026-07-19"
"2502","102","2026-07-19 08:38:41.437","DELIVERED","350.26","web","{""device"":""desktop"",""promo"":""SPRING15""}","2026-07-19"
"2503","103","2026-07-19 08:01:41.437","CANCELLED","350.39","app","{""device"":""mobile"",""promo"":""LOYALTY5""}","2026-07-19"
"2504","104","2026-07-19 07:24:41.437","PLACED","350.52","store","{""device"":""tablet"",""promo"":""NONE""}","2026-07-19"
"2505","105","2026-07-19 06:47:41.437","SHIPPED","350.65","web","{""device"":""desktop"",""promo"":""WELCOME10""}","2026-07-19"
"2506","106","2026-07-19 06:10:41.437","DELIVERED","350.78","app","{""device"":""mobile"",""promo"":""SPRING15""}","2026-07-19"
"2507","107","2026-07-19 05:33:41.437","CANCELLED","350.91","store","{""device"":""tablet"",""promo"":""LOYALTY5""}","2026-07-19"
"2508","108","2026-07-19 04:56:41.437","PLACED","351.04","web","{""device"":""desktop"",""promo"":""NONE""}","2026-07-19"
"2509","109","2026-07-19 04:19:41.437","SHIPPED","351.17","app","{""device"":""mobile"",""promo"":""WELCOME10""}","2026-07-19"
"2510","110","2026-07-19 03:42:41.437","DELIVERED","351.30","store","{""device"":""tablet"",""promo"":""SPRING15""}","2026-07-19"
"2511","111","2026-07-19 03:05:41.437","CANCELLED","351.43","web","{""device"":""desktop"",""promo"":""LOYALTY5""}","2026-07-19"
"2512","112","2026-07-19 02:28:41.437","PLACED","351.56","app","{""device"":""mobile"",""promo"":""NONE""}","2026-07-19"
"2513","113","2026-07-19 01:51:41.437","SHIPPED","351.69","store","{""device"":""tablet"",""promo"":""WELCOME10""}","2026-07-19"
"2514","114","2026-07-19 01:14:41.437","DELIVERED","351.82","web","{""device"":""desktop"",""promo"":""SPRING15""}","2026-07-19"
"2515","115","2026-07-19 00:37:41.437","CANCELLED","351.95","app","{""device"":""mobile"",""promo"":""LOYALTY5""}","2026-07-19"
"2516","116","2026-07-19 00:00:41.437","PLACED","352.08","store","{""device"":""tablet"",""promo"":""NONE""}","2026-07-19"
"2517","117","2026-07-18 23:23:41.437","SHIPPED","352.21","web","{""device"":""desktop"",""promo"":""WELCOME10""}","2026-07-18"
"2518","118","2026-07-18 22:46:41.437","DELIVERED","352.34","app","{""device"":""mobile"",""promo"":""SPRING15""}","2026-07-18"
"2519","119","2026-07-18 22:09:41.437","CANCELLED","352.47","store","{""device"":""tablet"",""promo"":""LOYALTY5""}","2026-07-18"
"2520","120","2026-07-18 21:32:41.437","PLACED","352.60","web","{""device"":""desktop"",""promo"":""NONE""}","2026-07-18"
"2521","121","2026-07-18 20:55:41.437","SHIPPED","352.73","app","{""device"":""mobile"",""promo"":""WELCOME10""}","2026-07-18"
"2522","122","2026-07-18 20:18:41.437","DELIVERED","352.86","store","{""device"":""tablet"",""promo"":""SPRING15""}","2026-07-18"
"2523","123","2026-07-18 19:41:41.437","CANCELLED","352.99","web","{""device"":""desktop"",""promo"":""LOYALTY5""}","2026-07-18"
"2524","124","2026-07-18 19:04:41.437","PLACED","353.12","app","{""device"":""mobile"",""promo"":""NONE""}","2026-07-18"
"2525","125","2026-07-18 18:27:41.437","SHIPPED","353.25","store","{""device"":""tablet"",""promo"":""WELCOME10""}","2026-07-18"
"2526","126","2026-07-18 17:50:41.437","DELIVERED","353.38","web","{""device"":""desktop"",""promo"":""SPRING15""}","2026-07-18"
"2527","127","2026-07-18 17:13:41.437","CANCELLED","353.51","app","{""device"":""mobile"",""promo"":""LOYALTY5""}","2026-07-18"
"2528","128","2026-07-18 16:36:41.437","PLACED","353.64","store","{""device"":""tablet"",""promo"":""NONE""}","2026-07-18"
"2529","129","2026-07-18 15:59:41.437","SHIPPED","353.77","web","{""device"":""desktop"",""promo"":""WELCOME10""}","2026-07-18"
"2530","130","2026-07-18 15:22:41.437","DELIVERED","353.90","app","{""device"":""mobile"",""promo"":""SPRING15""}","2026-07-18"
"2531","131","2026-07-18 14:45:41.437","CANCELLED","354.03","store","{""device"":""tablet"",""promo"":""LOYALTY5""}","2026-07-18"
"2532","132","2026-07-18 14:08:41.437","PLACED","354.16","web","{""device"":""desktop"",""promo"":""NONE""}","2026-07-18"
"2533","133","2026-07-18 13:31:41.437","SHIPPED","354.29","app","{""device"":""mobile"",""promo"":""WELCOME10""}","2026-07-18"
"2534","134","2026-07-18 12:54:41.437","DELIVERED","354.42","store","{""device"":""tablet"",""promo"":""SPRING15""}","2026-07-18"
"2535","135","2026-07-18 12:17:41.437","CANCELLED","354.55","web","{""device"":""desktop"",""promo"":""LOYALTY5""}","2026-07-18"
"2536","136","2026-07-18 11:40:41.437","PLACED","354.68","app","{""device"":""mobile"",""promo"":""NONE""}","2026-07-18"
"2537","137","2026-07-18 11:03:41.437","SHIPPED","354.81","store","{""device"":""tablet"",""promo"":""WELCOME10""}","2026-07-18"
"2538","138","2026-07-18 10:26:41.437","DELIVERED","354.94","web","{""device"":""desktop"",""promo"":""SPRING15""}","2026-07-18"
"2539","139","2026-07-18 09:49:41.437","CANCELLED","355.07","app","{""device"":""mobile"",""promo"":""LOYALTY5""}","2026-07-18"
"2540","140","2026-07-18 09:12:41.437","PLACED","355.20","store","{""device"":""tablet"",""promo"":""NONE""}","2026-07-18"
"2541","141","2026-07-18 08:35:41.437","SHIPPED","355.33","web","{""device"":""desktop"",""promo"":""WELCOME10""}","2026-07-18"
"2542","142","2026-07-18 07:58:41.437","DELIVERED","355.46","app","{""device"":""mobile"",""promo"":""SPRING15""}","2026-07-18"
"2543","143","2026-07-18 07:21:41.437","CANCELLED","355.59","store","{""device"":""tablet"",""promo"":""LOYALTY5""}","2026-07-18"
"2544","144","2026-07-18 06:44:41.437","PLACED","355.72","web","{""device"":""desktop"",""promo"":""NONE""}","2026-07-18"
"2545","145","2026-07-18 06:07:41.437","SHIPPED","355.85","app","{""device"":""mobile"",""promo"":""WELCOME10""}","2026-07-18"
"2546","146","2026-07-18 05:30:41.437","DELIVERED","355.98","store","{""device"":""tablet"",""promo"":""SPRING15""}","2026-07-18"
"2547","147","2026-07-18 04:53:41.437","CANCELLED","356.11","web","{""device"":""desktop"",""promo"":""LOYALTY5""}","2026-07-18"
"2548","148","2026-07-18 04:16:41.437","PLACED","356.24","app","{""device"":""mobile"",""promo"":""NONE""}","2026-07-18"
"2549","149","2026-07-18 03:39:41.437","SHIPPED","356.37","store","{""device"":""tablet"",""promo"":""WELCOME10""}","2026-07-18"
"2550","150","2026-07-18 03:02:41.437","DELIVERED","356.50","web","{""device"":""desktop"",""promo"":""SPRING15""}","2026-07-18"
"2551","151","2026-07-18 02:25:41.437","CANCELLED","356.63","app","{""device"":""mobile"",""promo"":""LOYALTY5""}","2026-07-18"
"2552","152","2026-07-18 01:48:41.437","PLACED","356.76","store","{""device"":""tablet"",""promo"":""NONE""}","2026-07-18"
"2553","153","2026-07-18 01:11:41.437","SHIPPED","356.89","web","{""device"":""desktop"",""promo"":""WELCOME10""}","2026-07-18"
"2554","154","2026-07-18 00:34:41.437","DELIVERED","357.02","app","{""device"":""mobile"",""promo"":""SPRING15""}","2026-07-18"
"2555","155","2026-07-17 23:57:41.437","CANCELLED","357.15","store","{""device"":""tablet"",""promo"":""LOYALTY5""}","2026-07-17"
"2556","156","2026-07-17 23:20:41.437","PLACED","357.28","web","{""device"":""desktop"",""promo"":""NONE""}","2026-07-17"
"2557","157","2026-07-17 22:43:41.437","SHIPPED","357.41","app","{""device"":""mobile"",""promo"":""WELCOME10""}","2026-07-17"
"2558","158","2026-07-17 22:06:41.437","DELIVERED","357.54","store","{""device"":""tablet"",""promo"":""SPRING15""}","2026-07-17"
"2559","159","2026-07-17 21:29:41.437","CANCELLED","357.67","web","{""device"":""desktop"",""promo"":""LOYALTY5""}","2026-07-17"
"2560","160","2026-07-17 20:52:41.437","PLACED","357.80","app","{""device"":""mobile"",""promo"":""NONE""}","2026-07-17"
"2561","161","2026-07-17 20:15:41.437","SHIPPED","357.93","store","{""device"":""tablet"",""promo"":""WELCOME10""}","2026-07-17"
"2562","162","2026-07-17 19:38:41.437","DELIVERED","358.06","web","{""device"":""desktop"",""promo"":""SPRING15""}","2026-07-17"
"2563","163","2026-07-17 19:01:41.437","CANCELLED","358.19","app","{""device"":""mobile"",""promo"":""LOYALTY5""}","2026-07-17"
"2564","164","2026-07-17 18:24:41.437","PLACED","358.32","store","{""device"":""tablet"",""promo"":""NONE""}","2026-07-17"
"2565","165","2026-07-17 17:47:41.437","SHIPPED","358.45","web","{""device"":""desktop"",""promo"":""WELCOME10""}","2026-07-17"
"2566","166","2026-07-17 17:10:41.437","DELIVERED","358.58","app","{""device"":""mobile"",""promo"":""SPRING15""}","2026-07-17"
"2567","167","2026-07-17 16:33:41.437","CANCELLED","358.71","store","{""device"":""tablet"",""promo"":""LOYALTY5""}","2026-07-17"
"2568","168","2026-07-17 15:56:41.437","PLACED","358.84","web","{""device"":""desktop"",""promo"":""NONE""}","2026-07-17"
"2569","169","2026-07-17 15:19:41.437","SHIPPED","358.97","app","{""device"":""mobile"",""promo"":""WELCOME10""}","2026-07-17"
"2570","170","2026-07-17 14:42:41.437","DELIVERED","359.10","store","{""device"":""tablet"",""promo"":""SPRING15""}","2026-07-17"
"2571","171","2026-07-17 14:05:41.437","CANCELLED","359.23","web","{""device"":""desktop"",""promo"":""LOYALTY5""}","2026-07-17"
"2572","172","2026-07-17 13:28:41.437","PLACED","359.36","app","{""device"":""mobile"",""promo"":""NONE""}","2026-07-17"
"2573","173","2026-07-17 12:51:41.437","SHIPPED","359.49","store","{""device"":""tablet"",""promo"":""WELCOME10""}","2026-07-17"
"2574","174","2026-07-17 12:14:41.437","DELIVERED","359.62","web","{""device"":""desktop"",""promo"":""SPRING15""}","2026-07-17"
"2575","175","2026-07-17 11:37:41.437","CANCELLED","359.75","app","{""device"":""mobile"",""promo"":""LOYALTY5""}","2026-07-17"
"2576","176","2026-07-17 11:00:41.437","PLACED","359.88","store","{""device"":""tablet"",""promo"":""NONE""}","2026-07-17"
"2577","177","2026-07-17 10:23:41.437","SHIPPED","360.01","web","{""device"":""desktop"",""promo"":""WELCOME10""}","2026-07-17"
"2578","178","2026-07-17 09:46:41.437","DELIVERED","360.14","app","{""device"":""mobile"",""promo"":""SPRING15""}","2026-07-17"
"2579","179","2026-07-17 09:09:41.437","CANCELLED","360.27","store","{""device"":""tablet"",""promo"":""LOYALTY5""}","2026-07-17"
"2580","180","2026-07-17 08:32:41.437","PLACED","360.40","web","{""device"":""desktop"",""promo"":""NONE""}","2026-07-17"
"2581","181","2026-07-17 07:55:41.437","SHIPPED","360.53","app","{""device"":""mobile"",""promo"":""WELCOME10""}","2026-07-17"
"2582","182","2026-07-17 07:18:41.437","DELIVERED","360.66","store","{""device"":""tablet"",""promo"":""SPRING15""}","2026-07-17"
"2583","183","2026-07-17 06:41:41.437","CANCELLED","360.79","web","{""device"":""desktop"",""promo"":""LOYALTY5""}","2026-07-17"
"2584","184","2026-07-17 06:04:41.437","PLACED","360.92","app","{""device"":""mobile"",""promo"":""NONE""}","2026-07-17"
"2585","185","2026-07-17 05:27:41.437","SHIPPED","361.05","store","{""device"":""tablet"",""promo"":""WELCOME10""}","2026-07-17"
"2586","186","2026-07-17 04:50:41.437","DELIVERED","361.18","web","{""device"":""desktop"",""promo"":""SPRING15""}","2026-07-17"
"2587","187","2026-07-17 04:13:41.437","CANCELLED","361.31","app","{""device"":""mobile"",""promo"":""LOYALTY5""}","2026-07-17"
"2588","188","2026-07-17 03:36:41.437","PLACED","361.44","store","{""device"":""tablet"",""promo"":""NONE""}","2026-07-17"
"2589","189","2026-07-17 02:59:41.437","SHIPPED","361.57","web","{""device"":""desktop"",""promo"":""WELCOME10""}","2026-07-17"
"2590","190","2026-07-17 02:22:41.437","DELIVERED","361.70","app","{""device"":""mobile"",""promo"":""SPRING15""}","2026-07-17"
"2591","191","2026-07-17 01:45:41.437","CANCELLED","361.83","store","{""device"":""tablet"",""promo"":""LOYALTY5""}","2026-07-17"
"2592","192","2026-07-17 01:08:41.437","PLACED","361.96","web","{""device"":""desktop"",""promo"":""NONE""}","2026-07-17"
"2593","193","2026-07-17 00:31:41.437","SHIPPED","362.09","app","{""device"":""mobile"",""promo"":""WELCOME10""}","2026-07-17"
"2594","194","2026-07-16 23:54:41.437","DELIVERED","362.22","store","{""device"":""tablet"",""promo"":""SPRING15""}","2026-07-16"
"2595","195","2026-07-16 23:17:41.437","CANCELLED","362.35","web","{""device"":""desktop"",""promo"":""LOYALTY5""}","2026-07-16"
"2596","196","2026-07-16 22:40:41.437","PLACED","362.48","app","{""device"":""mobile"",""promo"":""NONE""}","2026-07-16"
"2597","197","2026-07-16 22:03:41.437","SHIPPED","362.61","store","{""device"":""tablet"",""promo"":""WELCOME10""}","2026-07-16"
"2598","198","2026-07-16 21:26:41.437","DELIVERED","362.74","web","{""device"":""desktop"",""promo"":""SPRING15""}","2026-07-16"
"2599","199","2026-07-16 20:49:41.437","CANCELLED","362.87","app","{""device"":""mobile"",""promo"":""LOYALTY5""}","2026-07-16"
"2600","200","2026-07-16 20:12:41.437","PLACED","363.00","store","{""device"":""tablet"",""promo"":""NONE""}","2026-07-16"
"2601","1","2026-07-16 19:35:41.437","SHIPPED","363.13","web","{""device"":""desktop"",""promo"":""WELCOME10""}","2026-07-16"
"2602","2","2026-07-16 18:58:41.437","DELIVERED","363.26","app","{""device"":""mobile"",""promo"":""SPRING15""}","2026-07-16"
"2603","3","2026-07-16 18:21:41.437","CANCELLED","363.39","store","{""device"":""tablet"",""promo"":""LOYALTY5""}","2026-07-16"
"2604","4","2026-07-16 17:44:41.437","PLACED","363.52","web","{""device"":""desktop"",""promo"":""NONE""}","2026-07-16"
"2605","5","2026-07-16 17:07:41.437","SHIPPED","363.65","app","{""device"":""mobile"",""promo"":""WELCOME10""}","2026-07-16"
"2606","6","2026-07-16 16:30:41.437","DELIVERED","363.78","store","{""device"":""tablet"",""promo"":""SPRING15""}","2026-07-16"
"2607","7","2026-07-16 15:53:41.437","CANCELLED","363.91","web","{""device"":""desktop"",""promo"":""LOYALTY5""}","2026-07-16"
"2608","8","2026-07-16 15:16:41.437","PLACED","364.04","app","{""device"":""mobile"",""promo"":""NONE""}","2026-07-16"
"2609","9","2026-07-16 14:39:41.437","SHIPPED","364.17","store","{""device"":""tablet"",""promo"":""WELCOME10""}","2026-07-16"
"2610","10","2026-07-16 14:02:41.437","DELIVERED","364.30","web","{""device"":""desktop"",""promo"":""SPRING15""}","2026-07-16"
"2611","11","2026-07-16 13:25:41.437","CANCELLED","364.43","app","{""device"":""mobile"",""promo"":""LOYALTY5""}","2026-07-16"
"2612","12","2026-07-16 12:48:41.437","PLACED","364.56","store","{""device"":""tablet"",""promo"":""NONE""}","2026-07-16"
"2613","13","2026-07-16 12:11:41.437","SHIPPED","364.69","web","{""device"":""desktop"",""promo"":""WELCOME10""}","2026-07-16"
"2614","14","2026-07-16 11:34:41.437","DELIVERED","364.82","app","{""device"":""mobile"",""promo"":""SPRING15""}","2026-07-16"
"2615","15","2026-07-16 10:57:41.437","CANCELLED","364.95","store","{""device"":""tablet"",""promo"":""LOYALTY5""}","2026-07-16"
"2616","16","2026-07-16 10:20:41.437","PLACED","365.08","web","{""device"":""desktop"",""promo"":""NONE""}","2026-07-16"
"2617","17","2026-07-16 09:43:41.437","SHIPPED","365.21","app","{""device"":""mobile"",""promo"":""WELCOME10""}","2026-07-16"
"2618","18","2026-07-16 09:06:41.437","DELIVERED","365.34","store","{""device"":""tablet"",""promo"":""SPRING15""}","2026-07-16"
"2619","19","2026-07-16 08:29:41.437","CANCELLED","365.47","web","{""device"":""desktop"",""promo"":""LOYALTY5""}","2026-07-16"
"2620","20","2026-07-16 07:52:41.437","PLACED","365.60","app","{""device"":""mobile"",""promo"":""NONE""}","2026-07-16"
"2621","21","2026-07-16 07:15:41.437","SHIPPED","365.73","store","{""device"":""tablet"",""promo"":""WELCOME10""}","2026-07-16"
"2622","22","2026-07-16 06:38:41.437","DELIVERED","365.86","web","{""device"":""desktop"",""promo"":""SPRING15""}","2026-07-16"
"2623","23","2026-07-16 06:01:41.437","CANCELLED","365.99","app","{""device"":""mobile"",""promo"":""LOYALTY5""}","2026-07-16"
"2624","24","2026-07-16 05:24:41.437","PLACED","366.12","store","{""device"":""tablet"",""promo"":""NONE""}","2026-07-16"
"2625","25","2026-07-16 04:47:41.437","SHIPPED","366.25","web","{""device"":""desktop"",""promo"":""WELCOME10""}","2026-07-16"
"2626","26","2026-07-16 04:10:41.437","DELIVERED","366.38","app","{""device"":""mobile"",""promo"":""SPRING15""}","2026-07-16"
"2627","27","2026-07-16 03:33:41.437","CANCELLED","366.51","store","{""device"":""tablet"",""promo"":""LOYALTY5""}","2026-07-16"
"2628","28","2026-07-16 02:56:41.437","PLACED","366.64","web","{""device"":""desktop"",""promo"":""NONE""}","2026-07-16"
"2629","29","2026-07-16 02:19:41.437","SHIPPED","366.77","app","{""device"":""mobile"",""promo"":""WELCOME10""}","2026-07-16"
"2630","30","2026-07-16 01:42:41.437","DELIVERED","366.90","store","{""device"":""tablet"",""promo"":""SPRING15""}","2026-07-16"
"2631","31","2026-07-16 01:05:41.437","CANCELLED","367.03","web","{""device"":""desktop"",""promo"":""LOYALTY5""}","2026-07-16"
"2632","32","2026-07-16 00:28:41.437","PLACED","367.16","app","{""device"":""mobile"",""promo"":""NONE""}","2026-07-16"
"2633","33","2026-07-15 23:51:41.437","SHIPPED","367.29","store","{""device"":""tablet"",""promo"":""WELCOME10""}","2026-07-15"
"2634","34","2026-07-15 23:14:41.437","DELIVERED","367.42","web","{""device"":""desktop"",""promo"":""SPRING15""}","2026-07-15"
"2635","35","2026-07-15 22:37:41.437","CANCELLED","367.55","app","{""device"":""mobile"",""promo"":""LOYALTY5""}","2026-07-15"
"2636","36","2026-07-15 22:00:41.437","PLACED","367.68","store","{""device"":""tablet"",""promo"":""NONE""}","2026-07-15"
"2637","37","2026-07-15 21:23:41.437","SHIPPED","367.81","web","{""device"":""desktop"",""promo"":""WELCOME10""}","2026-07-15"
"2638","38","2026-07-15 20:46:41.437","DELIVERED","367.94","app","{""device"":""mobile"",""promo"":""SPRING15""}","2026-07-15"
"2639","39","2026-07-15 20:09:41.437","CANCELLED","368.07","store","{""device"":""tablet"",""promo"":""LOYALTY5""}","2026-07-15"
"2640","40","2026-07-15 19:32:41.437","PLACED","368.20","web","{""device"":""desktop"",""promo"":""NONE""}","2026-07-15"
"2641","41","2026-07-15 18:55:41.437","SHIPPED","368.33","app","{""device"":""mobile"",""promo"":""WELCOME10""}","2026-07-15"
"2642","42","2026-07-15 18:18:41.437","DELIVERED","368.46","store","{""device"":""tablet"",""promo"":""SPRING15""}","2026-07-15"
"2643","43","2026-07-15 17:41:41.437","CANCELLED","368.59","web","{""device"":""desktop"",""promo"":""LOYALTY5""}","2026-07-15"
"2644","44","2026-07-15 17:04:41.437","PLACED","368.72","app","{""device"":""mobile"",""promo"":""NONE""}","2026-07-15"
"2645","45","2026-07-15 16:27:41.437","SHIPPED","368.85","store","{""device"":""tablet"",""promo"":""WELCOME10""}","2026-07-15"
"2646","46","2026-07-15 15:50:41.437","DELIVERED","368.98","web","{""device"":""desktop"",""promo"":""SPRING15""}","2026-07-15"
"2647","47","2026-07-15 15:13:41.437","CANCELLED","369.11","app","{""device"":""mobile"",""promo"":""LOYALTY5""}","2026-07-15"
"2648","48","2026-07-15 14:36:41.437","PLACED","369.24","store","{""device"":""tablet"",""promo"":""NONE""}","2026-07-15"
"2649","49","2026-07-15 13:59:41.437","SHIPPED","369.37","web","{""device"":""desktop"",""promo"":""WELCOME10""}","2026-07-15"
"2650","50","2026-07-15 13:22:41.437","DELIVERED","369.50","app","{""device"":""mobile"",""promo"":""SPRING15""}","2026-07-15"
"2651","51","2026-07-15 12:45:41.437","CANCELLED","369.63","store","{""device"":""tablet"",""promo"":""LOYALTY5""}","2026-07-15"
"2652","52","2026-07-15 12:08:41.437","PLACED","369.76","web","{""device"":""desktop"",""promo"":""NONE""}","2026-07-15"
"2653","53","2026-07-15 11:31:41.437","SHIPPED","369.89","app","{""device"":""mobile"",""promo"":""WELCOME10""}","2026-07-15"
"2654","54","2026-07-15 10:54:41.437","DELIVERED","370.02","store","{""device"":""tablet"",""promo"":""SPRING15""}","2026-07-15"
"2655","55","2026-07-15 10:17:41.437","CANCELLED","370.15","web","{""device"":""desktop"",""promo"":""LOYALTY5""}","2026-07-15"
"2656","56","2026-07-15 09:40:41.437","PLACED","370.28","app","{""device"":""mobile"",""promo"":""NONE""}","2026-07-15"
"2657","57","2026-07-15 09:03:41.437","SHIPPED","370.41","store","{""device"":""tablet"",""promo"":""WELCOME10""}","2026-07-15"
"2658","58","2026-07-15 08:26:41.437","DELIVERED","370.54","web","{""device"":""desktop"",""promo"":""SPRING15""}","2026-07-15"
"2659","59","2026-07-15 07:49:41.437","CANCELLED","370.67","app","{""device"":""mobile"",""promo"":""LOYALTY5""}","2026-07-15"
"2660","60","2026-07-15 07:12:41.437","PLACED","370.80","store","{""device"":""tablet"",""promo"":""NONE""}","2026-07-15"
"2661","61","2026-07-15 06:35:41.437","SHIPPED","370.93","web","{""device"":""desktop"",""promo"":""WELCOME10""}","2026-07-15"
"2662","62","2026-07-15 05:58:41.437","DELIVERED","371.06","app","{""device"":""mobile"",""promo"":""SPRING15""}","2026-07-15"
"2663","63","2026-07-15 05:21:41.437","CANCELLED","371.19","store","{""device"":""tablet"",""promo"":""LOYALTY5""}","2026-07-15"
"2664","64","2026-07-15 04:44:41.437","PLACED","371.32","web","{""device"":""desktop"",""promo"":""NONE""}","2026-07-15"
"2665","65","2026-07-15 04:07:41.437","SHIPPED","371.45","app","{""device"":""mobile"",""promo"":""WELCOME10""}","2026-07-15"
"2666","66","2026-07-15 03:30:41.437","DELIVERED","371.58","store","{""device"":""tablet"",""promo"":""SPRING15""}","2026-07-15"
"2667","67","2026-07-15 02:53:41.437","CANCELLED","371.71","web","{""device"":""desktop"",""promo"":""LOYALTY5""}","2026-07-15"
"2668","68","2026-07-15 02:16:41.437","PLACED","371.84","app","{""device"":""mobile"",""promo"":""NONE""}","2026-07-15"
"2669","69","2026-07-15 01:39:41.437","SHIPPED","371.97","store","{""device"":""tablet"",""promo"":""WELCOME10""}","2026-07-15"
"2670","70","2026-07-15 01:02:41.437","DELIVERED","372.10","web","{""device"":""desktop"",""promo"":""SPRING15""}","2026-07-15"
"2671","71","2026-07-15 00:25:41.437","CANCELLED","372.23","app","{""device"":""mobile"",""promo"":""LOYALTY5""}","2026-07-15"
"2672","72","2026-07-14 23:48:41.437","PLACED","372.36","store","{""device"":""tablet"",""promo"":""NONE""}","2026-07-14"
"2673","73","2026-07-14 23:11:41.437","SHIPPED","372.49","web","{""device"":""desktop"",""promo"":""WELCOME10""}","2026-07-14"
"2674","74","2026-07-14 22:34:41.437","DELIVERED","372.62","app","{""device"":""mobile"",""promo"":""SPRING15""}","2026-07-14"
"2675","75","2026-07-14 21:57:41.437","CANCELLED","372.75","store","{""device"":""tablet"",""promo"":""LOYALTY5""}","2026-07-14"
"2676","76","2026-07-14 21:20:41.437","PLACED","372.88","web","{""device"":""desktop"",""promo"":""NONE""}","2026-07-14"
"2677","77","2026-07-14 20:43:41.437","SHIPPED","373.01","app","{""device"":""mobile"",""promo"":""WELCOME10""}","2026-07-14"
"2678","78","2026-07-14 20:06:41.437","DELIVERED","373.14","store","{""device"":""tablet"",""promo"":""SPRING15""}","2026-07-14"
"2679","79","2026-07-14 19:29:41.437","CANCELLED","373.27","web","{""device"":""desktop"",""promo"":""LOYALTY5""}","2026-07-14"
"2680","80","2026-07-14 18:52:41.437","PLACED","373.40","app","{""device"":""mobile"",""promo"":""NONE""}","2026-07-14"
"2681","81","2026-07-14 18:15:41.437","SHIPPED","373.53","store","{""device"":""tablet"",""promo"":""WELCOME10""}","2026-07-14"
"2682","82","2026-07-14 17:38:41.437","DELIVERED","373.66","web","{""device"":""desktop"",""promo"":""SPRING15""}","2026-07-14"
"2683","83","2026-07-14 17:01:41.437","CANCELLED","373.79","app","{""device"":""mobile"",""promo"":""LOYALTY5""}","2026-07-14"
"2684","84","2026-07-14 16:24:41.437","PLACED","373.92","store","{""device"":""tablet"",""promo"":""NONE""}","2026-07-14"
"2685","85","2026-07-14 15:47:41.437","SHIPPED","374.05","web","{""device"":""desktop"",""promo"":""WELCOME10""}","2026-07-14"
"2686","86","2026-07-14 15:10:41.437","DELIVERED","374.18","app","{""device"":""mobile"",""promo"":""SPRING15""}","2026-07-14"
"2687","87","2026-07-14 14:33:41.437","CANCELLED","374.31","store","{""device"":""tablet"",""promo"":""LOYALTY5""}","2026-07-14"
"2688","88","2026-07-14 13:56:41.437","PLACED","374.44","web","{""device"":""desktop"",""promo"":""NONE""}","2026-07-14"
"2689","89","2026-07-14 13:19:41.437","SHIPPED","374.57","app","{""device"":""mobile"",""promo"":""WELCOME10""}","2026-07-14"
"2690","90","2026-07-14 12:42:41.437","DELIVERED","374.70","store","{""device"":""tablet"",""promo"":""SPRING15""}","2026-07-14"
"2691","91","2026-07-14 12:05:41.437","CANCELLED","374.83","web","{""device"":""desktop"",""promo"":""LOYALTY5""}","2026-07-14"
"2692","92","2026-07-14 11:28:41.437","PLACED","374.96","app","{""device"":""mobile"",""promo"":""NONE""}","2026-07-14"
"2693","93","2026-07-14 10:51:41.437","SHIPPED","375.09","store","{""device"":""tablet"",""promo"":""WELCOME10""}","2026-07-14"
"2694","94","2026-07-14 10:14:41.437","DELIVERED","375.22","web","{""device"":""desktop"",""promo"":""SPRING15""}","2026-07-14"
"2695","95","2026-07-14 09:37:41.437","CANCELLED","375.35","app","{""device"":""mobile"",""promo"":""LOYALTY5""}","2026-07-14"
"2696","96","2026-07-14 09:00:41.437","PLACED","375.48","store","{""device"":""tablet"",""promo"":""NONE""}","2026-07-14"
"2697","97","2026-07-14 08:23:41.437","SHIPPED","375.61","web","{""device"":""desktop"",""promo"":""WELCOME10""}","2026-07-14"
"2698","98","2026-07-14 07:46:41.437","DELIVERED","375.74","app","{""device"":""mobile"",""promo"":""SPRING15""}","2026-07-14"
"2699","99","2026-07-14 07:09:41.437","CANCELLED","375.87","store","{""device"":""tablet"",""promo"":""LOYALTY5""}","2026-07-14"
"2700","100","2026-07-14 06:32:41.437","PLACED","376.00","web","{""device"":""desktop"",""promo"":""NONE""}","2026-07-14"
"2701","101","2026-07-14 05:55:41.437","SHIPPED","376.13","app","{""device"":""mobile"",""promo"":""WELCOME10""}","2026-07-14"
"2702","102","2026-07-14 05:18:41.437","DELIVERED","376.26","store","{""device"":""tablet"",""promo"":""SPRING15""}","2026-07-14"
"2703","103","2026-07-14 04:41:41.437","CANCELLED","376.39","web","{""device"":""desktop"",""promo"":""LOYALTY5""}","2026-07-14"
"2704","104","2026-07-14 04:04:41.437","PLACED","376.52","app","{""device"":""mobile"",""promo"":""NONE""}","2026-07-14"
"2705","105","2026-07-14 03:27:41.437","SHIPPED","376.65","store","{""device"":""tablet"",""promo"":""WELCOME10""}","2026-07-14"
"2706","106","2026-07-14 02:50:41.437","DELIVERED","376.78","web","{""device"":""desktop"",""promo"":""SPRING15""}","2026-07-14"
"2707","107","2026-07-14 02:13:41.437","CANCELLED","376.91","app","{""device"":""mobile"",""promo"":""LOYALTY5""}","2026-07-14"
"2708","108","2026-07-14 01:36:41.437","PLACED","377.04","store","{""device"":""tablet"",""promo"":""NONE""}","2026-07-14"
"2709","109","2026-07-14 00:59:41.437","SHIPPED","377.17","web","{""device"":""desktop"",""promo"":""WELCOME10""}","2026-07-14"
"2710","110","2026-07-14 00:22:41.437","DELIVERED","377.30","app","{""device"":""mobile"",""promo"":""SPRING15""}","2026-07-14"
"2711","111","2026-07-13 23:45:41.437","CANCELLED","377.43","store","{""device"":""tablet"",""promo"":""LOYALTY5""}","2026-07-13"
"2712","112","2026-07-13 23:08:41.437","PLACED","377.56","web","{""device"":""desktop"",""promo"":""NONE""}","2026-07-13"
"2713","113","2026-07-13 22:31:41.437","SHIPPED","377.69","app","{""device"":""mobile"",""promo"":""WELCOME10""}","2026-07-13"
"2714","114","2026-07-13 21:54:41.437","DELIVERED","377.82","store","{""device"":""tablet"",""promo"":""SPRING15""}","2026-07-13"
"2715","115","2026-07-13 21:17:41.437","CANCELLED","377.95","web","{""device"":""desktop"",""promo"":""LOYALTY5""}","2026-07-13"
"2716","116","2026-07-13 20:40:41.437","PLACED","378.08","app","{""device"":""mobile"",""promo"":""NONE""}","2026-07-13"
"2717","117","2026-07-13 20:03:41.437","SHIPPED","378.21","store","{""device"":""tablet"",""promo"":""WELCOME10""}","2026-07-13"
"2718","118","2026-07-13 19:26:41.437","DELIVERED","378.34","web","{""device"":""desktop"",""promo"":""SPRING15""}","2026-07-13"
"2719","119","2026-07-13 18:49:41.437","CANCELLED","378.47","app","{""device"":""mobile"",""promo"":""LOYALTY5""}","2026-07-13"
"2720","120","2026-07-13 18:12:41.437","PLACED","378.60","store","{""device"":""tablet"",""promo"":""NONE""}","2026-07-13"
"2721","121","2026-07-13 17:35:41.437","SHIPPED","378.73","web","{""device"":""desktop"",""promo"":""WELCOME10""}","2026-07-13"
"2722","122","2026-07-13 16:58:41.437","DELIVERED","378.86","app","{""device"":""mobile"",""promo"":""SPRING15""}","2026-07-13"
"2723","123","2026-07-13 16:21:41.437","CANCELLED","378.99","store","{""device"":""tablet"",""promo"":""LOYALTY5""}","2026-07-13"
"2724","124","2026-07-13 15:44:41.437","PLACED","379.12","web","{""device"":""desktop"",""promo"":""NONE""}","2026-07-13"
"2725","125","2026-07-13 15:07:41.437","SHIPPED","379.25","app","{""device"":""mobile"",""promo"":""WELCOME10""}","2026-07-13"
"2726","126","2026-07-13 14:30:41.437","DELIVERED","379.38","store","{""device"":""tablet"",""promo"":""SPRING15""}","2026-07-13"
"2727","127","2026-07-13 13:53:41.437","CANCELLED","379.51","web","{""device"":""desktop"",""promo"":""LOYALTY5""}","2026-07-13"
"2728","128","2026-07-13 13:16:41.437","PLACED","379.64","app","{""device"":""mobile"",""promo"":""NONE""}","2026-07-13"
"2729","129","2026-07-13 12:39:41.437","SHIPPED","379.77","store","{""device"":""tablet"",""promo"":""WELCOME10""}","2026-07-13"
"2730","130","2026-07-13 12:02:41.437","DELIVERED","379.90","web","{""device"":""desktop"",""promo"":""SPRING15""}","2026-07-13"
"2731","131","2026-07-13 11:25:41.437","CANCELLED","380.03","app","{""device"":""mobile"",""promo"":""LOYALTY5""}","2026-07-13"
"2732","132","2026-07-13 10:48:41.437","PLACED","380.16","store","{""device"":""tablet"",""promo"":""NONE""}","2026-07-13"
"2733","133","2026-07-13 10:11:41.437","SHIPPED","380.29","web","{""device"":""desktop"",""promo"":""WELCOME10""}","2026-07-13"
"2734","134","2026-07-13 09:34:41.437","DELIVERED","380.42","app","{""device"":""mobile"",""promo"":""SPRING15""}","2026-07-13"
"2735","135","2026-07-13 08:57:41.437","CANCELLED","380.55","store","{""device"":""tablet"",""promo"":""LOYALTY5""}","2026-07-13"
"2736","136","2026-07-13 08:20:41.437","PLACED","380.68","web","{""device"":""desktop"",""promo"":""NONE""}","2026-07-13"
"2737","137","2026-07-13 07:43:41.437","SHIPPED","380.81","app","{""device"":""mobile"",""promo"":""WELCOME10""}","2026-07-13"
"2738","138","2026-07-13 07:06:41.437","DELIVERED","380.94","store","{""device"":""tablet"",""promo"":""SPRING15""}","2026-07-13"
"2739","139","2026-07-13 06:29:41.437","CANCELLED","381.07","web","{""device"":""desktop"",""promo"":""LOYALTY5""}","2026-07-13"
"2740","140","2026-07-13 05:52:41.437","PLACED","381.20","app","{""device"":""mobile"",""promo"":""NONE""}","2026-07-13"
"2741","141","2026-07-13 05:15:41.437","SHIPPED","381.33","store","{""device"":""tablet"",""promo"":""WELCOME10""}","2026-07-13"
"2742","142","2026-07-13 04:38:41.437","DELIVERED","381.46","web","{""device"":""desktop"",""promo"":""SPRING15""}","2026-07-13"
"2743","143","2026-07-13 04:01:41.437","CANCELLED","381.59","app","{""device"":""mobile"",""promo"":""LOYALTY5""}","2026-07-13"
"2744","144","2026-07-13 03:24:41.437","PLACED","381.72","store","{""device"":""tablet"",""promo"":""NONE""}","2026-07-13"
"2745","145","2026-07-13 02:47:41.437","SHIPPED","381.85","web","{""device"":""desktop"",""promo"":""WELCOME10""}","2026-07-13"
"2746","146","2026-07-13 02:10:41.437","DELIVERED","381.98","app","{""device"":""mobile"",""promo"":""SPRING15""}","2026-07-13"
"2747","147","2026-07-13 01:33:41.437","CANCELLED","382.11","store","{""device"":""tablet"",""promo"":""LOYALTY5""}","2026-07-13"
"2748","148","2026-07-13 00:56:41.437","PLACED","382.24","web","{""device"":""desktop"",""promo"":""NONE""}","2026-07-13"
"2749","149","2026-07-13 00:19:41.437","SHIPPED","382.37","app","{""device"":""mobile"",""promo"":""WELCOME10""}","2026-07-13"
"2750","150","2026-07-12 23:42:41.437","DELIVERED","382.50","store","{""device"":""tablet"",""promo"":""SPRING15""}","2026-07-12"
"2751","151","2026-07-12 23:05:41.437","CANCELLED","382.63","web","{""device"":""desktop"",""promo"":""LOYALTY5""}","2026-07-12"
"2752","152","2026-07-12 22:28:41.437","PLACED","382.76","app","{""device"":""mobile"",""promo"":""NONE""}","2026-07-12"
"2753","153","2026-07-12 21:51:41.437","SHIPPED","382.89","store","{""device"":""tablet"",""promo"":""WELCOME10""}","2026-07-12"
"2754","154","2026-07-12 21:14:41.437","DELIVERED","383.02","web","{""device"":""desktop"",""promo"":""SPRING15""}","2026-07-12"
"2755","155","2026-07-12 20:37:41.437","CANCELLED","383.15","app","{""device"":""mobile"",""promo"":""LOYALTY5""}","2026-07-12"
"2756","156","2026-07-12 20:00:41.437","PLACED","383.28","store","{""device"":""tablet"",""promo"":""NONE""}","2026-07-12"
"2757","157","2026-07-12 19:23:41.437","SHIPPED","383.41","web","{""device"":""desktop"",""promo"":""WELCOME10""}","2026-07-12"
"2758","158","2026-07-12 18:46:41.437","DELIVERED","383.54","app","{""device"":""mobile"",""promo"":""SPRING15""}","2026-07-12"
"2759","159","2026-07-12 18:09:41.437","CANCELLED","383.67","store","{""device"":""tablet"",""promo"":""LOYALTY5""}","2026-07-12"
"2760","160","2026-07-12 17:32:41.437","PLACED","383.80","web","{""device"":""desktop"",""promo"":""NONE""}","2026-07-12"
"2761","161","2026-07-12 16:55:41.437","SHIPPED","383.93","app","{""device"":""mobile"",""promo"":""WELCOME10""}","2026-07-12"
"2762","162","2026-07-12 16:18:41.437","DELIVERED","384.06","store","{""device"":""tablet"",""promo"":""SPRING15""}","2026-07-12"
"2763","163","2026-07-12 15:41:41.437","CANCELLED","384.19","web","{""device"":""desktop"",""promo"":""LOYALTY5""}","2026-07-12"
"2764","164","2026-07-12 15:04:41.437","PLACED","384.32","app","{""device"":""mobile"",""promo"":""NONE""}","2026-07-12"
"2765","165","2026-07-12 14:27:41.437","SHIPPED","384.45","store","{""device"":""tablet"",""promo"":""WELCOME10""}","2026-07-12"
"2766","166","2026-07-12 13:50:41.437","DELIVERED","384.58","web","{""device"":""desktop"",""promo"":""SPRING15""}","2026-07-12"
"2767","167","2026-07-12 13:13:41.437","CANCELLED","384.71","app","{""device"":""mobile"",""promo"":""LOYALTY5""}","2026-07-12"
"2768","168","2026-07-12 12:36:41.437","PLACED","384.84","store","{""device"":""tablet"",""promo"":""NONE""}","2026-07-12"
"2769","169","2026-07-12 11:59:41.437","SHIPPED","384.97","web","{""device"":""desktop"",""promo"":""WELCOME10""}","2026-07-12"
"2770","170","2026-07-12 11:22:41.437","DELIVERED","385.10","app","{""device"":""mobile"",""promo"":""SPRING15""}","2026-07-12"
"2771","171","2026-07-12 10:45:41.437","CANCELLED","385.23","store","{""device"":""tablet"",""promo"":""LOYALTY5""}","2026-07-12"
"2772","172","2026-07-12 10:08:41.437","PLACED","385.36","web","{""device"":""desktop"",""promo"":""NONE""}","2026-07-12"
"2773","173","2026-07-12 09:31:41.437","SHIPPED","385.49","app","{""device"":""mobile"",""promo"":""WELCOME10""}","2026-07-12"
"2774","174","2026-07-12 08:54:41.437","DELIVERED","385.62","store","{""device"":""tablet"",""promo"":""SPRING15""}","2026-07-12"
"2775","175","2026-07-12 08:17:41.437","CANCELLED","385.75","web","{""device"":""desktop"",""promo"":""LOYALTY5""}","2026-07-12"
"2776","176","2026-07-12 07:40:41.437","PLACED","385.88","app","{""device"":""mobile"",""promo"":""NONE""}","2026-07-12"
"2777","177","2026-07-12 07:03:41.437","SHIPPED","386.01","store","{""device"":""tablet"",""promo"":""WELCOME10""}","2026-07-12"
"2778","178","2026-07-12 06:26:41.437","DELIVERED","386.14","web","{""device"":""desktop"",""promo"":""SPRING15""}","2026-07-12"
"2779","179","2026-07-12 05:49:41.437","CANCELLED","386.27","app","{""device"":""mobile"",""promo"":""LOYALTY5""}","2026-07-12"
"2780","180","2026-07-12 05:12:41.437","PLACED","386.40","store","{""device"":""tablet"",""promo"":""NONE""}","2026-07-12"
"2781","181","2026-07-12 04:35:41.437","SHIPPED","386.53","web","{""device"":""desktop"",""promo"":""WELCOME10""}","2026-07-12"
"2782","182","2026-07-12 03:58:41.437","DELIVERED","386.66","app","{""device"":""mobile"",""promo"":""SPRING15""}","2026-07-12"
"2783","183","2026-07-12 03:21:41.437","CANCELLED","386.79","store","{""device"":""tablet"",""promo"":""LOYALTY5""}","2026-07-12"
"2784","184","2026-07-12 02:44:41.437","PLACED","386.92","web","{""device"":""desktop"",""promo"":""NONE""}","2026-07-12"
"2785","185","2026-07-12 02:07:41.437","SHIPPED","387.05","app","{""device"":""mobile"",""promo"":""WELCOME10""}","2026-07-12"
"2786","186","2026-07-12 01:30:41.437","DELIVERED","387.18","store","{""device"":""tablet"",""promo"":""SPRING15""}","2026-07-12"
"2787","187","2026-07-12 00:53:41.437","CANCELLED","387.31","web","{""device"":""desktop"",""promo"":""LOYALTY5""}","2026-07-12"
"2788","188","2026-07-12 00:16:41.437","PLACED","387.44","app","{""device"":""mobile"",""promo"":""NONE""}","2026-07-12"
"2789","189","2026-07-11 23:39:41.437","SHIPPED","387.57","store","{""device"":""tablet"",""promo"":""WELCOME10""}","2026-07-11"
"2790","190","2026-07-11 23:02:41.437","DELIVERED","387.70","web","{""device"":""desktop"",""promo"":""SPRING15""}","2026-07-11"
"2791","191","2026-07-11 22:25:41.437","CANCELLED","387.83","app","{""device"":""mobile"",""promo"":""LOYALTY5""}","2026-07-11"
"2792","192","2026-07-11 21:48:41.437","PLACED","387.96","store","{""device"":""tablet"",""promo"":""NONE""}","2026-07-11"
"2793","193","2026-07-11 21:11:41.437","SHIPPED","388.09","web","{""device"":""desktop"",""promo"":""WELCOME10""}","2026-07-11"
"2794","194","2026-07-11 20:34:41.437","DELIVERED","388.22","app","{""device"":""mobile"",""promo"":""SPRING15""}","2026-07-11"
"2795","195","2026-07-11 19:57:41.437","CANCELLED","388.35","store","{""device"":""tablet"",""promo"":""LOYALTY5""}","2026-07-11"
"2796","196","2026-07-11 19:20:41.437","PLACED","388.48","web","{""device"":""desktop"",""promo"":""NONE""}","2026-07-11"
"2797","197","2026-07-11 18:43:41.437","SHIPPED","388.61","app","{""device"":""mobile"",""promo"":""WELCOME10""}","2026-07-11"
"2798","198","2026-07-11 18:06:41.437","DELIVERED","388.74","store","{""device"":""tablet"",""promo"":""SPRING15""}","2026-07-11"
"2799","199","2026-07-11 17:29:41.437","CANCELLED","388.87","web","{""device"":""desktop"",""promo"":""LOYALTY5""}","2026-07-11"
"2800","200","2026-07-11 16:52:41.437","PLACED","389.00","app","{""device"":""mobile"",""promo"":""NONE""}","2026-07-11"
"2801","1","2026-07-11 16:15:41.437","SHIPPED","389.13","store","{""device"":""tablet"",""promo"":""WELCOME10""}","2026-07-11"
"2802","2","2026-07-11 15:38:41.437","DELIVERED","389.26","web","{""device"":""desktop"",""promo"":""SPRING15""}","2026-07-11"
"2803","3","2026-07-11 15:01:41.437","CANCELLED","389.39","app","{""device"":""mobile"",""promo"":""LOYALTY5""}","2026-07-11"
"2804","4","2026-07-11 14:24:41.437","PLACED","389.52","store","{""device"":""tablet"",""promo"":""NONE""}","2026-07-11"
"2805","5","2026-07-11 13:47:41.437","SHIPPED","389.65","web","{""device"":""desktop"",""promo"":""WELCOME10""}","2026-07-11"
"2806","6","2026-07-11 13:10:41.437","DELIVERED","389.78","app","{""device"":""mobile"",""promo"":""SPRING15""}","2026-07-11"
"2807","7","2026-07-11 12:33:41.437","CANCELLED","389.91","store","{""device"":""tablet"",""promo"":""LOYALTY5""}","2026-07-11"
"2808","8","2026-07-11 11:56:41.437","PLACED","390.04","web","{""device"":""desktop"",""promo"":""NONE""}","2026-07-11"
"2809","9","2026-07-11 11:19:41.437","SHIPPED","390.17","app","{""device"":""mobile"",""promo"":""WELCOME10""}","2026-07-11"
"2810","10","2026-07-11 10:42:41.437","DELIVERED","390.30","store","{""device"":""tablet"",""promo"":""SPRING15""}","2026-07-11"
"2811","11","2026-07-11 10:05:41.437","CANCELLED","390.43","web","{""device"":""desktop"",""promo"":""LOYALTY5""}","2026-07-11"
"2812","12","2026-07-11 09:28:41.437","PLACED","390.56","app","{""device"":""mobile"",""promo"":""NONE""}","2026-07-11"
"2813","13","2026-07-11 08:51:41.437","SHIPPED","390.69","store","{""device"":""tablet"",""promo"":""WELCOME10""}","2026-07-11"
"2814","14","2026-07-11 08:14:41.437","DELIVERED","390.82","web","{""device"":""desktop"",""promo"":""SPRING15""}","2026-07-11"
"2815","15","2026-07-11 07:37:41.437","CANCELLED","390.95","app","{""device"":""mobile"",""promo"":""LOYALTY5""}","2026-07-11"
"2816","16","2026-07-11 07:00:41.437","PLACED","391.08","store","{""device"":""tablet"",""promo"":""NONE""}","2026-07-11"
"2817","17","2026-07-11 06:23:41.437","SHIPPED","391.21","web","{""device"":""desktop"",""promo"":""WELCOME10""}","2026-07-11"
"2818","18","2026-07-11 05:46:41.437","DELIVERED","391.34","app","{""device"":""mobile"",""promo"":""SPRING15""}","2026-07-11"
"2819","19","2026-07-11 05:09:41.437","CANCELLED","391.47","store","{""device"":""tablet"",""promo"":""LOYALTY5""}","2026-07-11"
"2820","20","2026-07-11 04:32:41.437","PLACED","391.60","web","{""device"":""desktop"",""promo"":""NONE""}","2026-07-11"
"2821","21","2026-07-11 03:55:41.437","SHIPPED","391.73","app","{""device"":""mobile"",""promo"":""WELCOME10""}","2026-07-11"
"2822","22","2026-07-11 03:18:41.437","DELIVERED","391.86","store","{""device"":""tablet"",""promo"":""SPRING15""}","2026-07-11"
"2823","23","2026-07-11 02:41:41.437","CANCELLED","391.99","web","{""device"":""desktop"",""promo"":""LOYALTY5""}","2026-07-11"
"2824","24","2026-07-11 02:04:41.437","PLACED","392.12","app","{""device"":""mobile"",""promo"":""NONE""}","2026-07-11"
"2825","25","2026-07-11 01:27:41.437","SHIPPED","392.25","store","{""device"":""tablet"",""promo"":""WELCOME10""}","2026-07-11"
"2826","26","2026-07-11 00:50:41.437","DELIVERED","392.38","web","{""device"":""desktop"",""promo"":""SPRING15""}","2026-07-11"
"2827","27","2026-07-11 00:13:41.437","CANCELLED","392.51","app","{""device"":""mobile"",""promo"":""LOYALTY5""}","2026-07-11"
"2828","28","2026-07-10 23:36:41.437","PLACED","392.64","store","{""device"":""tablet"",""promo"":""NONE""}","2026-07-10"
"2829","29","2026-07-10 22:59:41.437","SHIPPED","392.77","web","{""device"":""desktop"",""promo"":""WELCOME10""}","2026-07-10"
"2830","30","2026-07-10 22:22:41.437","DELIVERED","392.90","app","{""device"":""mobile"",""promo"":""SPRING15""}","2026-07-10"
"2831","31","2026-07-10 21:45:41.437","CANCELLED","393.03","store","{""device"":""tablet"",""promo"":""LOYALTY5""}","2026-07-10"
"2832","32","2026-07-10 21:08:41.437","PLACED","393.16","web","{""device"":""desktop"",""promo"":""NONE""}","2026-07-10"
"2833","33","2026-07-10 20:31:41.437","SHIPPED","393.29","app","{""device"":""mobile"",""promo"":""WELCOME10""}","2026-07-10"
"2834","34","2026-07-10 19:54:41.437","DELIVERED","393.42","store","{""device"":""tablet"",""promo"":""SPRING15""}","2026-07-10"
"2835","35","2026-07-10 19:17:41.437","CANCELLED","393.55","web","{""device"":""desktop"",""promo"":""LOYALTY5""}","2026-07-10"
"2836","36","2026-07-10 18:40:41.437","PLACED","393.68","app","{""device"":""mobile"",""promo"":""NONE""}","2026-07-10"
"2837","37","2026-07-10 18:03:41.437","SHIPPED","393.81","store","{""device"":""tablet"",""promo"":""WELCOME10""}","2026-07-10"
"2838","38","2026-07-10 17:26:41.437","DELIVERED","393.94","web","{""device"":""desktop"",""promo"":""SPRING15""}","2026-07-10"
"2839","39","2026-07-10 16:49:41.437","CANCELLED","394.07","app","{""device"":""mobile"",""promo"":""LOYALTY5""}","2026-07-10"
"2840","40","2026-07-10 16:12:41.437","PLACED","394.20","store","{""device"":""tablet"",""promo"":""NONE""}","2026-07-10"
"2841","41","2026-07-10 15:35:41.437","SHIPPED","394.33","web","{""device"":""desktop"",""promo"":""WELCOME10""}","2026-07-10"
"2842","42","2026-07-10 14:58:41.437","DELIVERED","394.46","app","{""device"":""mobile"",""promo"":""SPRING15""}","2026-07-10"
"2843","43","2026-07-10 14:21:41.437","CANCELLED","394.59","store","{""device"":""tablet"",""promo"":""LOYALTY5""}","2026-07-10"
"2844","44","2026-07-10 13:44:41.437","PLACED","394.72","web","{""device"":""desktop"",""promo"":""NONE""}","2026-07-10"
"2845","45","2026-07-10 13:07:41.437","SHIPPED","394.85","app","{""device"":""mobile"",""promo"":""WELCOME10""}","2026-07-10"
"2846","46","2026-07-10 12:30:41.437","DELIVERED","394.98","store","{""device"":""tablet"",""promo"":""SPRING15""}","2026-07-10"
"2847","47","2026-07-10 11:53:41.437","CANCELLED","395.11","web","{""device"":""desktop"",""promo"":""LOYALTY5""}","2026-07-10"
"2848","48","2026-07-10 11:16:41.437","PLACED","395.24","app","{""device"":""mobile"",""promo"":""NONE""}","2026-07-10"
"2849","49","2026-07-10 10:39:41.437","SHIPPED","395.37","store","{""device"":""tablet"",""promo"":""WELCOME10""}","2026-07-10"
"2850","50","2026-07-10 10:02:41.437","DELIVERED","395.50","web","{""device"":""desktop"",""promo"":""SPRING15""}","2026-07-10"
"2851","51","2026-07-10 09:25:41.437","CANCELLED","395.63","app","{""device"":""mobile"",""promo"":""LOYALTY5""}","2026-07-10"
"2852","52","2026-07-10 08:48:41.437","PLACED","395.76","store","{""device"":""tablet"",""promo"":""NONE""}","2026-07-10"
"2853","53","2026-07-10 08:11:41.437","SHIPPED","395.89","web","{""device"":""desktop"",""promo"":""WELCOME10""}","2026-07-10"
"2854","54","2026-07-10 07:34:41.437","DELIVERED","396.02","app","{""device"":""mobile"",""promo"":""SPRING15""}","2026-07-10"
"2855","55","2026-07-10 06:57:41.437","CANCELLED","396.15","store","{""device"":""tablet"",""promo"":""LOYALTY5""}","2026-07-10"
"2856","56","2026-07-10 06:20:41.437","PLACED","396.28","web","{""device"":""desktop"",""promo"":""NONE""}","2026-07-10"
"2857","57","2026-07-10 05:43:41.437","SHIPPED","396.41","app","{""device"":""mobile"",""promo"":""WELCOME10""}","2026-07-10"
"2858","58","2026-07-10 05:06:41.437","DELIVERED","396.54","store","{""device"":""tablet"",""promo"":""SPRING15""}","2026-07-10"
"2859","59","2026-07-10 04:29:41.437","CANCELLED","396.67","web","{""device"":""desktop"",""promo"":""LOYALTY5""}","2026-07-10"
"2860","60","2026-07-10 03:52:41.437","PLACED","396.80","app","{""device"":""mobile"",""promo"":""NONE""}","2026-07-10"
"2861","61","2026-07-10 03:15:41.437","SHIPPED","396.93","store","{""device"":""tablet"",""promo"":""WELCOME10""}","2026-07-10"
"2862","62","2026-07-10 02:38:41.437","DELIVERED","397.06","web","{""device"":""desktop"",""promo"":""SPRING15""}","2026-07-10"
"2863","63","2026-07-10 02:01:41.437","CANCELLED","397.19","app","{""device"":""mobile"",""promo"":""LOYALTY5""}","2026-07-10"
"2864","64","2026-07-10 01:24:41.437","PLACED","397.32","store","{""device"":""tablet"",""promo"":""NONE""}","2026-07-10"
"2865","65","2026-07-10 00:47:41.437","SHIPPED","397.45","web","{""device"":""desktop"",""promo"":""WELCOME10""}","2026-07-10"
"2866","66","2026-07-10 00:10:41.437","DELIVERED","397.58","app","{""device"":""mobile"",""promo"":""SPRING15""}","2026-07-10"
"2867","67","2026-07-09 23:33:41.437","CANCELLED","397.71","store","{""device"":""tablet"",""promo"":""LOYALTY5""}","2026-07-09"
"2868","68","2026-07-09 22:56:41.437","PLACED","397.84","web","{""device"":""desktop"",""promo"":""NONE""}","2026-07-09"
"2869","69","2026-07-09 22:19:41.437","SHIPPED","397.97","app","{""device"":""mobile"",""promo"":""WELCOME10""}","2026-07-09"
"2870","70","2026-07-09 21:42:41.437","DELIVERED","398.10","store","{""device"":""tablet"",""promo"":""SPRING15""}","2026-07-09"
"2871","71","2026-07-09 21:05:41.437","CANCELLED","398.23","web","{""device"":""desktop"",""promo"":""LOYALTY5""}","2026-07-09"
"2872","72","2026-07-09 20:28:41.437","PLACED","398.36","app","{""device"":""mobile"",""promo"":""NONE""}","2026-07-09"
"2873","73","2026-07-09 19:51:41.437","SHIPPED","398.49","store","{""device"":""tablet"",""promo"":""WELCOME10""}","2026-07-09"
"2874","74","2026-07-09 19:14:41.437","DELIVERED","398.62","web","{""device"":""desktop"",""promo"":""SPRING15""}","2026-07-09"
"2875","75","2026-07-09 18:37:41.437","CANCELLED","398.75","app","{""device"":""mobile"",""promo"":""LOYALTY5""}","2026-07-09"
"2876","76","2026-07-09 18:00:41.437","PLACED","398.88","store","{""device"":""tablet"",""promo"":""NONE""}","2026-07-09"
"2877","77","2026-07-09 17:23:41.437","SHIPPED","399.01","web","{""device"":""desktop"",""promo"":""WELCOME10""}","2026-07-09"
"2878","78","2026-07-09 16:46:41.437","DELIVERED","399.14","app","{""device"":""mobile"",""promo"":""SPRING15""}","2026-07-09"
"2879","79","2026-07-09 16:09:41.437","CANCELLED","399.27","store","{""device"":""tablet"",""promo"":""LOYALTY5""}","2026-07-09"
"2880","80","2026-07-09 15:32:41.437","PLACED","399.40","web","{""device"":""desktop"",""promo"":""NONE""}","2026-07-09"
"2881","81","2026-07-09 14:55:41.437","SHIPPED","399.53","app","{""device"":""mobile"",""promo"":""WELCOME10""}","2026-07-09"
"2882","82","2026-07-09 14:18:41.437","DELIVERED","399.66","store","{""device"":""tablet"",""promo"":""SPRING15""}","2026-07-09"
"2883","83","2026-07-09 13:41:41.437","CANCELLED","399.79","web","{""device"":""desktop"",""promo"":""LOYALTY5""}","2026-07-09"
"2884","84","2026-07-09 13:04:41.437","PLACED","399.92","app","{""device"":""mobile"",""promo"":""NONE""}","2026-07-09"
"2885","85","2026-07-09 12:27:41.437","SHIPPED","400.05","store","{""device"":""tablet"",""promo"":""WELCOME10""}","2026-07-09"
"2886","86","2026-07-09 11:50:41.437","DELIVERED","400.18","web","{""device"":""desktop"",""promo"":""SPRING15""}","2026-07-09"
"2887","87","2026-07-09 11:13:41.437","CANCELLED","400.31","app","{""device"":""mobile"",""promo"":""LOYALTY5""}","2026-07-09"
"2888","88","2026-07-09 10:36:41.437","PLACED","400.44","store","{""device"":""tablet"",""promo"":""NONE""}","2026-07-09"
"2889","89","2026-07-09 09:59:41.437","SHIPPED","400.57","web","{""device"":""desktop"",""promo"":""WELCOME10""}","2026-07-09"
"2890","90","2026-07-09 09:22:41.437","DELIVERED","400.70","app","{""device"":""mobile"",""promo"":""SPRING15""}","2026-07-09"
"2891","91","2026-07-09 08:45:41.437","CANCELLED","400.83","store","{""device"":""tablet"",""promo"":""LOYALTY5""}","2026-07-09"
"2892","92","2026-07-09 08:08:41.437","PLACED","400.96","web","{""device"":""desktop"",""promo"":""NONE""}","2026-07-09"
"2893","93","2026-07-09 07:31:41.437","SHIPPED","401.09","app","{""device"":""mobile"",""promo"":""WELCOME10""}","2026-07-09"
"2894","94","2026-07-09 06:54:41.437","DELIVERED","401.22","store","{""device"":""tablet"",""promo"":""SPRING15""}","2026-07-09"
"2895","95","2026-07-09 06:17:41.437","CANCELLED","401.35","web","{""device"":""desktop"",""promo"":""LOYALTY5""}","2026-07-09"
"2896","96","2026-07-09 05:40:41.437","PLACED","401.48","app","{""device"":""mobile"",""promo"":""NONE""}","2026-07-09"
"2897","97","2026-07-09 05:03:41.437","SHIPPED","401.61","store","{""device"":""tablet"",""promo"":""WELCOME10""}","2026-07-09"
"2898","98","2026-07-09 04:26:41.437","DELIVERED","401.74","web","{""device"":""desktop"",""promo"":""SPRING15""}","2026-07-09"
"2899","99","2026-07-09 03:49:41.437","CANCELLED","401.87","app","{""device"":""mobile"",""promo"":""LOYALTY5""}","2026-07-09"
"2900","100","2026-07-09 03:12:41.437","PLACED","402.00","store","{""device"":""tablet"",""promo"":""NONE""}","2026-07-09"
"2901","101","2026-07-09 02:35:41.437","SHIPPED","402.13","web","{""device"":""desktop"",""promo"":""WELCOME10""}","2026-07-09"
"2902","102","2026-07-09 01:58:41.437","DELIVERED","402.26","app","{""device"":""mobile"",""promo"":""SPRING15""}","2026-07-09"
"2903","103","2026-07-09 01:21:41.437","CANCELLED","402.39","store","{""device"":""tablet"",""promo"":""LOYALTY5""}","2026-07-09"
"2904","104","2026-07-09 00:44:41.437","PLACED","402.52","web","{""device"":""desktop"",""promo"":""NONE""}","2026-07-09"
"2905","105","2026-07-09 00:07:41.437","SHIPPED","402.65","app","{""device"":""mobile"",""promo"":""WELCOME10""}","2026-07-09"
"2906","106","2026-07-08 23:30:41.437","DELIVERED","402.78","store","{""device"":""tablet"",""promo"":""SPRING15""}","2026-07-08"
"2907","107","2026-07-08 22:53:41.437","CANCELLED","402.91","web","{""device"":""desktop"",""promo"":""LOYALTY5""}","2026-07-08"
"2908","108","2026-07-08 22:16:41.437","PLACED","403.04","app","{""device"":""mobile"",""promo"":""NONE""}","2026-07-08"
"2909","109","2026-07-08 21:39:41.437","SHIPPED","403.17","store","{""device"":""tablet"",""promo"":""WELCOME10""}","2026-07-08"
"2910","110","2026-07-08 21:02:41.437","DELIVERED","403.30","web","{""device"":""desktop"",""promo"":""SPRING15""}","2026-07-08"
"2911","111","2026-07-08 20:25:41.437","CANCELLED","403.43","app","{""device"":""mobile"",""promo"":""LOYALTY5""}","2026-07-08"
"2912","112","2026-07-08 19:48:41.437","PLACED","403.56","store","{""device"":""tablet"",""promo"":""NONE""}","2026-07-08"
"2913","113","2026-07-08 19:11:41.437","SHIPPED","403.69","web","{""device"":""desktop"",""promo"":""WELCOME10""}","2026-07-08"
"2914","114","2026-07-08 18:34:41.437","DELIVERED","403.82","app","{""device"":""mobile"",""promo"":""SPRING15""}","2026-07-08"
"2915","115","2026-07-08 17:57:41.437","CANCELLED","403.95","store","{""device"":""tablet"",""promo"":""LOYALTY5""}","2026-07-08"
"2916","116","2026-07-08 17:20:41.437","PLACED","404.08","web","{""device"":""desktop"",""promo"":""NONE""}","2026-07-08"
"2917","117","2026-07-08 16:43:41.437","SHIPPED","404.21","app","{""device"":""mobile"",""promo"":""WELCOME10""}","2026-07-08"
"2918","118","2026-07-08 16:06:41.437","DELIVERED","404.34","store","{""device"":""tablet"",""promo"":""SPRING15""}","2026-07-08"
"2919","119","2026-07-08 15:29:41.437","CANCELLED","404.47","web","{""device"":""desktop"",""promo"":""LOYALTY5""}","2026-07-08"
"2920","120","2026-07-08 14:52:41.437","PLACED","404.60","app","{""device"":""mobile"",""promo"":""NONE""}","2026-07-08"
"2921","121","2026-07-08 14:15:41.437","SHIPPED","404.73","store","{""device"":""tablet"",""promo"":""WELCOME10""}","2026-07-08"
"2922","122","2026-07-08 13:38:41.437","DELIVERED","404.86","web","{""device"":""desktop"",""promo"":""SPRING15""}","2026-07-08"
"2923","123","2026-07-08 13:01:41.437","CANCELLED","404.99","app","{""device"":""mobile"",""promo"":""LOYALTY5""}","2026-07-08"
"2924","124","2026-07-08 12:24:41.437","PLACED","405.12","store","{""device"":""tablet"",""promo"":""NONE""}","2026-07-08"
"2925","125","2026-07-08 11:47:41.437","SHIPPED","405.25","web","{""device"":""desktop"",""promo"":""WELCOME10""}","2026-07-08"
"2926","126","2026-07-08 11:10:41.437","DELIVERED","405.38","app","{""device"":""mobile"",""promo"":""SPRING15""}","2026-07-08"
"2927","127","2026-07-08 10:33:41.437","CANCELLED","405.51","store","{""device"":""tablet"",""promo"":""LOYALTY5""}","2026-07-08"
"2928","128","2026-07-08 09:56:41.437","PLACED","405.64","web","{""device"":""desktop"",""promo"":""NONE""}","2026-07-08"
"2929","129","2026-07-08 09:19:41.437","SHIPPED","405.77","app","{""device"":""mobile"",""promo"":""WELCOME10""}","2026-07-08"
"2930","130","2026-07-08 08:42:41.437","DELIVERED","405.90","store","{""device"":""tablet"",""promo"":""SPRING15""}","2026-07-08"
"2931","131","2026-07-08 08:05:41.437","CANCELLED","406.03","web","{""device"":""desktop"",""promo"":""LOYALTY5""}","2026-07-08"
"2932","132","2026-07-08 07:28:41.437","PLACED","406.16","app","{""device"":""mobile"",""promo"":""NONE""}","2026-07-08"
"2933","133","2026-07-08 06:51:41.437","SHIPPED","406.29","store","{""device"":""tablet"",""promo"":""WELCOME10""}","2026-07-08"
"2934","134","2026-07-08 06:14:41.437","DELIVERED","406.42","web","{""device"":""desktop"",""promo"":""SPRING15""}","2026-07-08"
"2935","135","2026-07-08 05:37:41.437","CANCELLED","406.55","app","{""device"":""mobile"",""promo"":""LOYALTY5""}","2026-07-08"
"2936","136","2026-07-08 05:00:41.437","PLACED","406.68","store","{""device"":""tablet"",""promo"":""NONE""}","2026-07-08"
"2937","137","2026-07-08 04:23:41.437","SHIPPED","406.81","web","{""device"":""desktop"",""promo"":""WELCOME10""}","2026-07-08"
"2938","138","2026-07-08 03:46:41.437","DELIVERED","406.94","app","{""device"":""mobile"",""promo"":""SPRING15""}","2026-07-08"
"2939","139","2026-07-08 03:09:41.437","CANCELLED","407.07","store","{""device"":""tablet"",""promo"":""LOYALTY5""}","2026-07-08"
"2940","140","2026-07-08 02:32:41.437","PLACED","407.20","web","{""device"":""desktop"",""promo"":""NONE""}","2026-07-08"
"2941","141","2026-07-08 01:55:41.437","SHIPPED","407.33","app","{""device"":""mobile"",""promo"":""WELCOME10""}","2026-07-08"
"2942","142","2026-07-08 01:18:41.437","DELIVERED","407.46","store","{""device"":""tablet"",""promo"":""SPRING15""}","2026-07-08"
"2943","143","2026-07-08 00:41:41.437","CANCELLED","407.59","web","{""device"":""desktop"",""promo"":""LOYALTY5""}","2026-07-08"
"2944","144","2026-07-08 00:04:41.437","PLACED","407.72","app","{""device"":""mobile"",""promo"":""NONE""}","2026-07-08"
"2945","145","2026-07-07 23:27:41.437","SHIPPED","407.85","store","{""device"":""tablet"",""promo"":""WELCOME10""}","2026-07-07"
"2946","146","2026-07-07 22:50:41.437","DELIVERED","407.98","web","{""device"":""desktop"",""promo"":""SPRING15""}","2026-07-07"
"2947","147","2026-07-07 22:13:41.437","CANCELLED","408.11","app","{""device"":""mobile"",""promo"":""LOYALTY5""}","2026-07-07"
"2948","148","2026-07-07 21:36:41.437","PLACED","408.24","store","{""device"":""tablet"",""promo"":""NONE""}","2026-07-07"
"2949","149","2026-07-07 20:59:41.437","SHIPPED","408.37","web","{""device"":""desktop"",""promo"":""WELCOME10""}","2026-07-07"
"2950","150","2026-07-07 20:22:41.437","DELIVERED","408.50","app","{""device"":""mobile"",""promo"":""SPRING15""}","2026-07-07"
"2951","151","2026-07-07 19:45:41.437","CANCELLED","408.63","store","{""device"":""tablet"",""promo"":""LOYALTY5""}","2026-07-07"
"2952","152","2026-07-07 19:08:41.437","PLACED","408.76","web","{""device"":""desktop"",""promo"":""NONE""}","2026-07-07"
"2953","153","2026-07-07 18:31:41.437","SHIPPED","408.89","app","{""device"":""mobile"",""promo"":""WELCOME10""}","2026-07-07"
"2954","154","2026-07-07 17:54:41.437","DELIVERED","409.02","store","{""device"":""tablet"",""promo"":""SPRING15""}","2026-07-07"
"2955","155","2026-07-07 17:17:41.437","CANCELLED","409.15","web","{""device"":""desktop"",""promo"":""LOYALTY5""}","2026-07-07"
"2956","156","2026-07-07 16:40:41.437","PLACED","409.28","app","{""device"":""mobile"",""promo"":""NONE""}","2026-07-07"
"2957","157","2026-07-07 16:03:41.437","SHIPPED","409.41","store","{""device"":""tablet"",""promo"":""WELCOME10""}","2026-07-07"
"2958","158","2026-07-07 15:26:41.437","DELIVERED","409.54","web","{""device"":""desktop"",""promo"":""SPRING15""}","2026-07-07"
"2959","159","2026-07-07 14:49:41.437","CANCELLED","409.67","app","{""device"":""mobile"",""promo"":""LOYALTY5""}","2026-07-07"
"2960","160","2026-07-07 14:12:41.437","PLACED","409.80","store","{""device"":""tablet"",""promo"":""NONE""}","2026-07-07"
"2961","161","2026-07-07 13:35:41.437","SHIPPED","409.93","web","{""device"":""desktop"",""promo"":""WELCOME10""}","2026-07-07"
"2962","162","2026-07-07 12:58:41.437","DELIVERED","410.06","app","{""device"":""mobile"",""promo"":""SPRING15""}","2026-07-07"
"2963","163","2026-07-07 12:21:41.437","CANCELLED","410.19","store","{""device"":""tablet"",""promo"":""LOYALTY5""}","2026-07-07"
"2964","164","2026-07-07 11:44:41.437","PLACED","410.32","web","{""device"":""desktop"",""promo"":""NONE""}","2026-07-07"
"2965","165","2026-07-07 11:07:41.437","SHIPPED","410.45","app","{""device"":""mobile"",""promo"":""WELCOME10""}","2026-07-07"
"2966","166","2026-07-07 10:30:41.437","DELIVERED","410.58","store","{""device"":""tablet"",""promo"":""SPRING15""}","2026-07-07"
"2967","167","2026-07-07 09:53:41.437","CANCELLED","410.71","web","{""device"":""desktop"",""promo"":""LOYALTY5""}","2026-07-07"
"2968","168","2026-07-07 09:16:41.437","PLACED","410.84","app","{""device"":""mobile"",""promo"":""NONE""}","2026-07-07"
"2969","169","2026-07-07 08:39:41.437","SHIPPED","410.97","store","{""device"":""tablet"",""promo"":""WELCOME10""}","2026-07-07"
"2970","170","2026-07-07 08:02:41.437","DELIVERED","411.10","web","{""device"":""desktop"",""promo"":""SPRING15""}","2026-07-07"
"2971","171","2026-07-07 07:25:41.437","CANCELLED","411.23","app","{""device"":""mobile"",""promo"":""LOYALTY5""}","2026-07-07"
"2972","172","2026-07-07 06:48:41.437","PLACED","411.36","store","{""device"":""tablet"",""promo"":""NONE""}","2026-07-07"
"2973","173","2026-07-07 06:11:41.437","SHIPPED","411.49","web","{""device"":""desktop"",""promo"":""WELCOME10""}","2026-07-07"
"2974","174","2026-07-07 05:34:41.437","DELIVERED","411.62","app","{""device"":""mobile"",""promo"":""SPRING15""}","2026-07-07"
"2975","175","2026-07-07 04:57:41.437","CANCELLED","411.75","store","{""device"":""tablet"",""promo"":""LOYALTY5""}","2026-07-07"
"2976","176","2026-07-07 04:20:41.437","PLACED","411.88","web","{""device"":""desktop"",""promo"":""NONE""}","2026-07-07"
"2977","177","2026-07-07 03:43:41.437","SHIPPED","412.01","app","{""device"":""mobile"",""promo"":""WELCOME10""}","2026-07-07"
"2978","178","2026-07-07 03:06:41.437","DELIVERED","412.14","store","{""device"":""tablet"",""promo"":""SPRING15""}","2026-07-07"
"2979","179","2026-07-07 02:29:41.437","CANCELLED","412.27","web","{""device"":""desktop"",""promo"":""LOYALTY5""}","2026-07-07"
"2980","180","2026-07-07 01:52:41.437","PLACED","412.40","app","{""device"":""mobile"",""promo"":""NONE""}","2026-07-07"
"2981","181","2026-07-07 01:15:41.437","SHIPPED","412.53","store","{""device"":""tablet"",""promo"":""WELCOME10""}","2026-07-07"
"2982","182","2026-07-07 00:38:41.437","DELIVERED","412.66","web","{""device"":""desktop"",""promo"":""SPRING15""}","2026-07-07"
"2983","183","2026-07-07 00:01:41.437","CANCELLED","412.79","app","{""device"":""mobile"",""promo"":""LOYALTY5""}","2026-07-07"
"2984","184","2026-07-06 23:24:41.437","PLACED","412.92","store","{""device"":""tablet"",""promo"":""NONE""}","2026-07-06"
"2985","185","2026-07-06 22:47:41.437","SHIPPED","413.05","web","{""device"":""desktop"",""promo"":""WELCOME10""}","2026-07-06"
"2986","186","2026-07-06 22:10:41.437","DELIVERED","413.18","app","{""device"":""mobile"",""promo"":""SPRING15""}","2026-07-06"
"2987","187","2026-07-06 21:33:41.437","CANCELLED","413.31","store","{""device"":""tablet"",""promo"":""LOYALTY5""}","2026-07-06"
"2988","188","2026-07-06 20:56:41.437","PLACED","413.44","web","{""device"":""desktop"",""promo"":""NONE""}","2026-07-06"
"2989","189","2026-07-06 20:19:41.437","SHIPPED","413.57","app","{""device"":""mobile"",""promo"":""WELCOME10""}","2026-07-06"
"2990","190","2026-07-06 19:42:41.437","DELIVERED","413.70","store","{""device"":""tablet"",""promo"":""SPRING15""}","2026-07-06"
"2991","191","2026-07-06 19:05:41.437","CANCELLED","413.83","web","{""device"":""desktop"",""promo"":""LOYALTY5""}","2026-07-06"
"2992","192","2026-07-06 18:28:41.437","PLACED","413.96","app","{""device"":""mobile"",""promo"":""NONE""}","2026-07-06"
"2993","193","2026-07-06 17:51:41.437","SHIPPED","414.09","store","{""device"":""tablet"",""promo"":""WELCOME10""}","2026-07-06"
"2994","194","2026-07-06 17:14:41.437","DELIVERED","414.22","web","{""device"":""desktop"",""promo"":""SPRING15""}","2026-07-06"
"2995","195","2026-07-06 16:37:41.437","CANCELLED","414.35","app","{""device"":""mobile"",""promo"":""LOYALTY5""}","2026-07-06"
"2996","196","2026-07-06 16:00:41.437","PLACED","414.48","store","{""device"":""tablet"",""promo"":""NONE""}","2026-07-06"
"2997","197","2026-07-06 15:23:41.437","SHIPPED","414.61","web","{""device"":""desktop"",""promo"":""WELCOME10""}","2026-07-06"
"2998","198","2026-07-06 14:46:41.437","DELIVERED","414.74","app","{""device"":""mobile"",""promo"":""SPRING15""}","2026-07-06"
"2999","199","2026-07-06 14:09:41.437","CANCELLED","414.87","store","{""device"":""tablet"",""promo"":""LOYALTY5""}","2026-07-06"
"3000","200","2026-07-06 13:32:41.437","PLACED","415.00","web","{""device"":""desktop"",""promo"":""NONE""}","2026-07-06"
"3001","1","2026-07-06 12:55:41.437","SHIPPED","415.13","app","{""device"":""mobile"",""promo"":""WELCOME10""}","2026-07-06"
"3002","2","2026-07-06 12:18:41.437","DELIVERED","415.26","store","{""device"":""tablet"",""promo"":""SPRING15""}","2026-07-06"
"3003","3","2026-07-06 11:41:41.437","CANCELLED","415.39","web","{""device"":""desktop"",""promo"":""LOYALTY5""}","2026-07-06"
"3004","4","2026-07-06 11:04:41.437","PLACED","415.52","app","{""device"":""mobile"",""promo"":""NONE""}","2026-07-06"
"3005","5","2026-07-06 10:27:41.437","SHIPPED","415.65","store","{""device"":""tablet"",""promo"":""WELCOME10""}","2026-07-06"
"3006","6","2026-07-06 09:50:41.437","DELIVERED","415.78","web","{""device"":""desktop"",""promo"":""SPRING15""}","2026-07-06"
"3007","7","2026-07-06 09:13:41.437","CANCELLED","415.91","app","{""device"":""mobile"",""promo"":""LOYALTY5""}","2026-07-06"
"3008","8","2026-07-06 08:36:41.437","PLACED","416.04","store","{""device"":""tablet"",""promo"":""NONE""}","2026-07-06"
"3009","9","2026-07-06 07:59:41.437","SHIPPED","416.17","web","{""device"":""desktop"",""promo"":""WELCOME10""}","2026-07-06"
"3010","10","2026-07-06 07:22:41.437","DELIVERED","416.30","app","{""device"":""mobile"",""promo"":""SPRING15""}","2026-07-06"
"3011","11","2026-07-06 06:45:41.437","CANCELLED","416.43","store","{""device"":""tablet"",""promo"":""LOYALTY5""}","2026-07-06"
"3012","12","2026-07-06 06:08:41.437","PLACED","416.56","web","{""device"":""desktop"",""promo"":""NONE""}","2026-07-06"
"3013","13","2026-07-06 05:31:41.437","SHIPPED","416.69","app","{""device"":""mobile"",""promo"":""WELCOME10""}","2026-07-06"
"3014","14","2026-07-06 04:54:41.437","DELIVERED","416.82","store","{""device"":""tablet"",""promo"":""SPRING15""}","2026-07-06"
"3015","15","2026-07-06 04:17:41.437","CANCELLED","416.95","web","{""device"":""desktop"",""promo"":""LOYALTY5""}","2026-07-06"
"3016","16","2026-07-06 03:40:41.437","PLACED","417.08","app","{""device"":""mobile"",""promo"":""NONE""}","2026-07-06"
"3017","17","2026-07-06 03:03:41.437","SHIPPED","417.21","store","{""device"":""tablet"",""promo"":""WELCOME10""}","2026-07-06"
"3018","18","2026-07-06 02:26:41.437","DELIVERED","417.34","web","{""device"":""desktop"",""promo"":""SPRING15""}","2026-07-06"
"3019","19","2026-07-06 01:49:41.437","CANCELLED","417.47","app","{""device"":""mobile"",""promo"":""LOYALTY5""}","2026-07-06"
"3020","20","2026-07-06 01:12:41.437","PLACED","417.60","store","{""device"":""tablet"",""promo"":""NONE""}","2026-07-06"
"3021","21","2026-07-06 00:35:41.437","SHIPPED","417.73","web","{""device"":""desktop"",""promo"":""WELCOME10""}","2026-07-06"
"3022","22","2026-07-05 23:58:41.437","DELIVERED","417.86","app","{""device"":""mobile"",""promo"":""SPRING15""}","2026-07-05"
"3023","23","2026-07-05 23:21:41.437","CANCELLED","417.99","store","{""device"":""tablet"",""promo"":""LOYALTY5""}","2026-07-05"
"3024","24","2026-07-05 22:44:41.437","PLACED","418.12","web","{""device"":""desktop"",""promo"":""NONE""}","2026-07-05"
"3025","25","2026-07-05 22:07:41.437","SHIPPED","418.25","app","{""device"":""mobile"",""promo"":""WELCOME10""}","2026-07-05"
"3026","26","2026-07-05 21:30:41.437","DELIVERED","418.38","store","{""device"":""tablet"",""promo"":""SPRING15""}","2026-07-05"
"3027","27","2026-07-05 20:53:41.437","CANCELLED","418.51","web","{""device"":""desktop"",""promo"":""LOYALTY5""}","2026-07-05"
"3028","28","2026-07-05 20:16:41.437","PLACED","418.64","app","{""device"":""mobile"",""promo"":""NONE""}","2026-07-05"
"3029","29","2026-07-05 19:39:41.437","SHIPPED","418.77","store","{""device"":""tablet"",""promo"":""WELCOME10""}","2026-07-05"
"3030","30","2026-07-05 19:02:41.437","DELIVERED","418.90","web","{""device"":""desktop"",""promo"":""SPRING15""}","2026-07-05"
"3031","31","2026-07-05 18:25:41.437","CANCELLED","419.03","app","{""device"":""mobile"",""promo"":""LOYALTY5""}","2026-07-05"
"3032","32","2026-07-05 17:48:41.437","PLACED","419.16","store","{""device"":""tablet"",""promo"":""NONE""}","2026-07-05"
"3033","33","2026-07-05 17:11:41.437","SHIPPED","419.29","web","{""device"":""desktop"",""promo"":""WELCOME10""}","2026-07-05"
"3034","34","2026-07-05 16:34:41.437","DELIVERED","419.42","app","{""device"":""mobile"",""promo"":""SPRING15""}","2026-07-05"
"3035","35","2026-07-05 15:57:41.437","CANCELLED","419.55","store","{""device"":""tablet"",""promo"":""LOYALTY5""}","2026-07-05"
"3036","36","2026-07-05 15:20:41.437","PLACED","419.68","web","{""device"":""desktop"",""promo"":""NONE""}","2026-07-05"
"3037","37","2026-07-05 14:43:41.437","SHIPPED","419.81","app","{""device"":""mobile"",""promo"":""WELCOME10""}","2026-07-05"
"3038","38","2026-07-05 14:06:41.437","DELIVERED","419.94","store","{""device"":""tablet"",""promo"":""SPRING15""}","2026-07-05"
"3039","39","2026-07-05 13:29:41.437","CANCELLED","420.07","web","{""device"":""desktop"",""promo"":""LOYALTY5""}","2026-07-05"
"3040","40","2026-07-05 12:52:41.437","PLACED","420.20","app","{""device"":""mobile"",""promo"":""NONE""}","2026-07-05"
"3041","41","2026-07-05 12:15:41.437","SHIPPED","420.33","store","{""device"":""tablet"",""promo"":""WELCOME10""}","2026-07-05"
"3042","42","2026-07-05 11:38:41.437","DELIVERED","420.46","web","{""device"":""desktop"",""promo"":""SPRING15""}","2026-07-05"
"3043","43","2026-07-05 11:01:41.437","CANCELLED","420.59","app","{""device"":""mobile"",""promo"":""LOYALTY5""}","2026-07-05"
"3044","44","2026-07-05 10:24:41.437","PLACED","420.72","store","{""device"":""tablet"",""promo"":""NONE""}","2026-07-05"
"3045","45","2026-07-05 09:47:41.437","SHIPPED","420.85","web","{""device"":""desktop"",""promo"":""WELCOME10""}","2026-07-05"
"3046","46","2026-07-05 09:10:41.437","DELIVERED","420.98","app","{""device"":""mobile"",""promo"":""SPRING15""}","2026-07-05"
"3047","47","2026-07-05 08:33:41.437","CANCELLED","421.11","store","{""device"":""tablet"",""promo"":""LOYALTY5""}","2026-07-05"
"3048","48","2026-07-05 07:56:41.437","PLACED","421.24","web","{""device"":""desktop"",""promo"":""NONE""}","2026-07-05"
"3049","49","2026-07-05 07:19:41.437","SHIPPED","421.37","app","{""device"":""mobile"",""promo"":""WELCOME10""}","2026-07-05"
"3050","50","2026-07-05 06:42:41.437","DELIVERED","421.50","store","{""device"":""tablet"",""promo"":""SPRING15""}","2026-07-05"
"3051","51","2026-07-05 06:05:41.437","CANCELLED","421.63","web","{""device"":""desktop"",""promo"":""LOYALTY5""}","2026-07-05"
"3052","52","2026-07-05 05:28:41.437","PLACED","421.76","app","{""device"":""mobile"",""promo"":""NONE""}","2026-07-05"
"3053","53","2026-07-05 04:51:41.437","SHIPPED","421.89","store","{""device"":""tablet"",""promo"":""WELCOME10""}","2026-07-05"
"3054","54","2026-07-05 04:14:41.437","DELIVERED","422.02","web","{""device"":""desktop"",""promo"":""SPRING15""}","2026-07-05"
"3055","55","2026-07-05 03:37:41.437","CANCELLED","422.15","app","{""device"":""mobile"",""promo"":""LOYALTY5""}","2026-07-05"
"3056","56","2026-07-05 03:00:41.437","PLACED","422.28","store","{""device"":""tablet"",""promo"":""NONE""}","2026-07-05"
"3057","57","2026-07-05 02:23:41.437","SHIPPED","422.41","web","{""device"":""desktop"",""promo"":""WELCOME10""}","2026-07-05"
"3058","58","2026-07-05 01:46:41.437","DELIVERED","422.54","app","{""device"":""mobile"",""promo"":""SPRING15""}","2026-07-05"
"3059","59","2026-07-05 01:09:41.437","CANCELLED","422.67","store","{""device"":""tablet"",""promo"":""LOYALTY5""}","2026-07-05"
"3060","60","2026-07-05 00:32:41.437","PLACED","422.80","web","{""device"":""desktop"",""promo"":""NONE""}","2026-07-05"
"3061","61","2026-07-04 23:55:41.437","SHIPPED","422.93","app","{""device"":""mobile"",""promo"":""WELCOME10""}","2026-07-04"
"3062","62","2026-07-04 23:18:41.437","DELIVERED","423.06","store","{""device"":""tablet"",""promo"":""SPRING15""}","2026-07-04"
"3063","63","2026-07-04 22:41:41.437","CANCELLED","423.19","web","{""device"":""desktop"",""promo"":""LOYALTY5""}","2026-07-04"
"3064","64","2026-07-04 22:04:41.437","PLACED","423.32","app","{""device"":""mobile"",""promo"":""NONE""}","2026-07-04"
"3065","65","2026-07-04 21:27:41.437","SHIPPED","423.45","store","{""device"":""tablet"",""promo"":""WELCOME10""}","2026-07-04"
"3066","66","2026-07-04 20:50:41.437","DELIVERED","423.58","web","{""device"":""desktop"",""promo"":""SPRING15""}","2026-07-04"
"3067","67","2026-07-04 20:13:41.437","CANCELLED","423.71","app","{""device"":""mobile"",""promo"":""LOYALTY5""}","2026-07-04"
"3068","68","2026-07-04 19:36:41.437","PLACED","423.84","store","{""device"":""tablet"",""promo"":""NONE""}","2026-07-04"
"3069","69","2026-07-04 18:59:41.437","SHIPPED","423.97","web","{""device"":""desktop"",""promo"":""WELCOME10""}","2026-07-04"
"3070","70","2026-07-04 18:22:41.437","DELIVERED","424.10","app","{""device"":""mobile"",""promo"":""SPRING15""}","2026-07-04"
"3071","71","2026-07-04 17:45:41.437","CANCELLED","424.23","store","{""device"":""tablet"",""promo"":""LOYALTY5""}","2026-07-04"
"3072","72","2026-07-04 17:08:41.437","PLACED","424.36","web","{""device"":""desktop"",""promo"":""NONE""}","2026-07-04"
"3073","73","2026-07-04 16:31:41.437","SHIPPED","424.49","app","{""device"":""mobile"",""promo"":""WELCOME10""}","2026-07-04"
"3074","74","2026-07-04 15:54:41.437","DELIVERED","424.62","store","{""device"":""tablet"",""promo"":""SPRING15""}","2026-07-04"
"3075","75","2026-07-04 15:17:41.437","CANCELLED","424.75","web","{""device"":""desktop"",""promo"":""LOYALTY5""}","2026-07-04"
"3076","76","2026-07-04 14:40:41.437","PLACED","424.88","app","{""device"":""mobile"",""promo"":""NONE""}","2026-07-04"
"3077","77","2026-07-04 14:03:41.437","SHIPPED","425.01","store","{""device"":""tablet"",""promo"":""WELCOME10""}","2026-07-04"
"3078","78","2026-07-04 13:26:41.437","DELIVERED","425.14","web","{""device"":""desktop"",""promo"":""SPRING15""}","2026-07-04"
"3079","79","2026-07-04 12:49:41.437","CANCELLED","425.27","app","{""device"":""mobile"",""promo"":""LOYALTY5""}","2026-07-04"
"3080","80","2026-07-04 12:12:41.437","PLACED","425.40","store","{""device"":""tablet"",""promo"":""NONE""}","2026-07-04"
"3081","81","2026-07-04 11:35:41.437","SHIPPED","425.53","web","{""device"":""desktop"",""promo"":""WELCOME10""}","2026-07-04"
"3082","82","2026-07-04 10:58:41.437","DELIVERED","425.66","app","{""device"":""mobile"",""promo"":""SPRING15""}","2026-07-04"
"3083","83","2026-07-04 10:21:41.437","CANCELLED","425.79","store","{""device"":""tablet"",""promo"":""LOYALTY5""}","2026-07-04"
"3084","84","2026-07-04 09:44:41.437","PLACED","425.92","web","{""device"":""desktop"",""promo"":""NONE""}","2026-07-04"
"3085","85","2026-07-04 09:07:41.437","SHIPPED","426.05","app","{""device"":""mobile"",""promo"":""WELCOME10""}","2026-07-04"
"3086","86","2026-07-04 08:30:41.437","DELIVERED","426.18","store","{""device"":""tablet"",""promo"":""SPRING15""}","2026-07-04"
"3087","87","2026-07-04 07:53:41.437","CANCELLED","426.31","web","{""device"":""desktop"",""promo"":""LOYALTY5""}","2026-07-04"
"3088","88","2026-07-04 07:16:41.437","PLACED","426.44","app","{""device"":""mobile"",""promo"":""NONE""}","2026-07-04"
"3089","89","2026-07-04 06:39:41.437","SHIPPED","426.57","store","{""device"":""tablet"",""promo"":""WELCOME10""}","2026-07-04"
"3090","90","2026-07-04 06:02:41.437","DELIVERED","426.70","web","{""device"":""desktop"",""promo"":""SPRING15""}","2026-07-04"
"3091","91","2026-07-04 05:25:41.437","CANCELLED","426.83","app","{""device"":""mobile"",""promo"":""LOYALTY5""}","2026-07-04"
"3092","92","2026-07-04 04:48:41.437","PLACED","426.96","store","{""device"":""tablet"",""promo"":""NONE""}","2026-07-04"
"3093","93","2026-07-04 04:11:41.437","SHIPPED","427.09","web","{""device"":""desktop"",""promo"":""WELCOME10""}","2026-07-04"
"3094","94","2026-07-04 03:34:41.437","DELIVERED","427.22","app","{""device"":""mobile"",""promo"":""SPRING15""}","2026-07-04"
"3095","95","2026-07-04 02:57:41.437","CANCELLED","427.35","store","{""device"":""tablet"",""promo"":""LOYALTY5""}","2026-07-04"
"3096","96","2026-07-04 02:20:41.437","PLACED","427.48","web","{""device"":""desktop"",""promo"":""NONE""}","2026-07-04"
"3097","97","2026-07-04 01:43:41.437","SHIPPED","427.61","app","{""device"":""mobile"",""promo"":""WELCOME10""}","2026-07-04"
"3098","98","2026-07-04 01:06:41.437","DELIVERED","427.74","store","{""device"":""tablet"",""promo"":""SPRING15""}","2026-07-04"
"3099","99","2026-07-04 00:29:41.437","CANCELLED","427.87","web","{""device"":""desktop"",""promo"":""LOYALTY5""}","2026-07-04"
"3100","100","2026-07-03 23:52:41.437","PLACED","428.00","app","{""device"":""mobile"",""promo"":""NONE""}","2026-07-03"
"3101","101","2026-07-03 23:15:41.437","SHIPPED","428.13","store","{""device"":""tablet"",""promo"":""WELCOME10""}","2026-07-03"
"3102","102","2026-07-03 22:38:41.437","DELIVERED","428.26","web","{""device"":""desktop"",""promo"":""SPRING15""}","2026-07-03"
"3103","103","2026-07-03 22:01:41.437","CANCELLED","428.39","app","{""device"":""mobile"",""promo"":""LOYALTY5""}","2026-07-03"
"3104","104","2026-07-03 21:24:41.437","PLACED","428.52","store","{""device"":""tablet"",""promo"":""NONE""}","2026-07-03"
"3105","105","2026-07-03 20:47:41.437","SHIPPED","428.65","web","{""device"":""desktop"",""promo"":""WELCOME10""}","2026-07-03"
"3106","106","2026-07-03 20:10:41.437","DELIVERED","428.78","app","{""device"":""mobile"",""promo"":""SPRING15""}","2026-07-03"
"3107","107","2026-07-03 19:33:41.437","CANCELLED","428.91","store","{""device"":""tablet"",""promo"":""LOYALTY5""}","2026-07-03"
"3108","108","2026-07-03 18:56:41.437","PLACED","429.04","web","{""device"":""desktop"",""promo"":""NONE""}","2026-07-03"
"3109","109","2026-07-03 18:19:41.437","SHIPPED","429.17","app","{""device"":""mobile"",""promo"":""WELCOME10""}","2026-07-03"
"3110","110","2026-07-03 17:42:41.437","DELIVERED","429.30","store","{""device"":""tablet"",""promo"":""SPRING15""}","2026-07-03"
"3111","111","2026-07-03 17:05:41.437","CANCELLED","429.43","web","{""device"":""desktop"",""promo"":""LOYALTY5""}","2026-07-03"
"3112","112","2026-07-03 16:28:41.437","PLACED","429.56","app","{""device"":""mobile"",""promo"":""NONE""}","2026-07-03"
"3113","113","2026-07-03 15:51:41.437","SHIPPED","429.69","store","{""device"":""tablet"",""promo"":""WELCOME10""}","2026-07-03"
"3114","114","2026-07-03 15:14:41.437","DELIVERED","429.82","web","{""device"":""desktop"",""promo"":""SPRING15""}","2026-07-03"
"3115","115","2026-07-03 14:37:41.437","CANCELLED","429.95","app","{""device"":""mobile"",""promo"":""LOYALTY5""}","2026-07-03"
"3116","116","2026-07-03 14:00:41.437","PLACED","430.08","store","{""device"":""tablet"",""promo"":""NONE""}","2026-07-03"
"3117","117","2026-07-03 13:23:41.437","SHIPPED","430.21","web","{""device"":""desktop"",""promo"":""WELCOME10""}","2026-07-03"
"3118","118","2026-07-03 12:46:41.437","DELIVERED","430.34","app","{""device"":""mobile"",""promo"":""SPRING15""}","2026-07-03"
"3119","119","2026-07-03 12:09:41.437","CANCELLED","430.47","store","{""device"":""tablet"",""promo"":""LOYALTY5""}","2026-07-03"
"3120","120","2026-07-03 11:32:41.437","PLACED","430.60","web","{""device"":""desktop"",""promo"":""NONE""}","2026-07-03"
"3121","121","2026-07-03 10:55:41.437","SHIPPED","430.73","app","{""device"":""mobile"",""promo"":""WELCOME10""}","2026-07-03"
"3122","122","2026-07-03 10:18:41.437","DELIVERED","430.86","store","{""device"":""tablet"",""promo"":""SPRING15""}","2026-07-03"
"3123","123","2026-07-03 09:41:41.437","CANCELLED","430.99","web","{""device"":""desktop"",""promo"":""LOYALTY5""}","2026-07-03"
"3124","124","2026-07-03 09:04:41.437","PLACED","431.12","app","{""device"":""mobile"",""promo"":""NONE""}","2026-07-03"
"3125","125","2026-07-03 08:27:41.437","SHIPPED","431.25","store","{""device"":""tablet"",""promo"":""WELCOME10""}","2026-07-03"
"3126","126","2026-07-03 07:50:41.437","DELIVERED","431.38","web","{""device"":""desktop"",""promo"":""SPRING15""}","2026-07-03"
"3127","127","2026-07-03 07:13:41.437","CANCELLED","431.51","app","{""device"":""mobile"",""promo"":""LOYALTY5""}","2026-07-03"
"3128","128","2026-07-03 06:36:41.437","PLACED","431.64","store","{""device"":""tablet"",""promo"":""NONE""}","2026-07-03"
"3129","129","2026-07-03 05:59:41.437","SHIPPED","431.77","web","{""device"":""desktop"",""promo"":""WELCOME10""}","2026-07-03"
"3130","130","2026-07-03 05:22:41.437","DELIVERED","431.90","app","{""device"":""mobile"",""promo"":""SPRING15""}","2026-07-03"
"3131","131","2026-07-03 04:45:41.437","CANCELLED","432.03","store","{""device"":""tablet"",""promo"":""LOYALTY5""}","2026-07-03"
"3132","132","2026-07-03 04:08:41.437","PLACED","432.16","web","{""device"":""desktop"",""promo"":""NONE""}","2026-07-03"
"3133","133","2026-07-03 03:31:41.437","SHIPPED","432.29","app","{""device"":""mobile"",""promo"":""WELCOME10""}","2026-07-03"
"3134","134","2026-07-03 02:54:41.437","DELIVERED","432.42","store","{""device"":""tablet"",""promo"":""SPRING15""}","2026-07-03"
"3135","135","2026-07-03 02:17:41.437","CANCELLED","432.55","web","{""device"":""desktop"",""promo"":""LOYALTY5""}","2026-07-03"
"3136","136","2026-07-03 01:40:41.437","PLACED","432.68","app","{""device"":""mobile"",""promo"":""NONE""}","2026-07-03"
"3137","137","2026-07-03 01:03:41.437","SHIPPED","432.81","store","{""device"":""tablet"",""promo"":""WELCOME10""}","2026-07-03"
"3138","138","2026-07-03 00:26:41.437","DELIVERED","432.94","web","{""device"":""desktop"",""promo"":""SPRING15""}","2026-07-03"
"3139","139","2026-07-02 23:49:41.437","CANCELLED","433.07","app","{""device"":""mobile"",""promo"":""LOYALTY5""}","2026-07-02"
"3140","140","2026-07-02 23:12:41.437","PLACED","433.20","store","{""device"":""tablet"",""promo"":""NONE""}","2026-07-02"
"3141","141","2026-07-02 22:35:41.437","SHIPPED","433.33","web","{""device"":""desktop"",""promo"":""WELCOME10""}","2026-07-02"
"3142","142","2026-07-02 21:58:41.437","DELIVERED","433.46","app","{""device"":""mobile"",""promo"":""SPRING15""}","2026-07-02"
"3143","143","2026-07-02 21:21:41.437","CANCELLED","433.59","store","{""device"":""tablet"",""promo"":""LOYALTY5""}","2026-07-02"
"3144","144","2026-07-02 20:44:41.437","PLACED","433.72","web","{""device"":""desktop"",""promo"":""NONE""}","2026-07-02"
"3145","145","2026-07-02 20:07:41.437","SHIPPED","433.85","app","{""device"":""mobile"",""promo"":""WELCOME10""}","2026-07-02"
"3146","146","2026-07-02 19:30:41.437","DELIVERED","433.98","store","{""device"":""tablet"",""promo"":""SPRING15""}","2026-07-02"
"3147","147","2026-07-02 18:53:41.437","CANCELLED","434.11","web","{""device"":""desktop"",""promo"":""LOYALTY5""}","2026-07-02"
"3148","148","2026-07-02 18:16:41.437","PLACED","434.24","app","{""device"":""mobile"",""promo"":""NONE""}","2026-07-02"
"3149","149","2026-07-02 17:39:41.437","SHIPPED","434.37","store","{""device"":""tablet"",""promo"":""WELCOME10""}","2026-07-02"
"3150","150","2026-07-02 17:02:41.437","DELIVERED","434.50","web","{""device"":""desktop"",""promo"":""SPRING15""}","2026-07-02"
"3151","151","2026-07-02 16:25:41.437","CANCELLED","434.63","app","{""device"":""mobile"",""promo"":""LOYALTY5""}","2026-07-02"
"3152","152","2026-07-02 15:48:41.437","PLACED","434.76","store","{""device"":""tablet"",""promo"":""NONE""}","2026-07-02"
"3153","153","2026-07-02 15:11:41.437","SHIPPED","434.89","web","{""device"":""desktop"",""promo"":""WELCOME10""}","2026-07-02"
"3154","154","2026-07-02 14:34:41.437","DELIVERED","435.02","app","{""device"":""mobile"",""promo"":""SPRING15""}","2026-07-02"
"3155","155","2026-07-02 13:57:41.437","CANCELLED","435.15","store","{""device"":""tablet"",""promo"":""LOYALTY5""}","2026-07-02"
"3156","156","2026-07-02 13:20:41.437","PLACED","435.28","web","{""device"":""desktop"",""promo"":""NONE""}","2026-07-02"
"3157","157","2026-07-02 12:43:41.437","SHIPPED","435.41","app","{""device"":""mobile"",""promo"":""WELCOME10""}","2026-07-02"
"3158","158","2026-07-02 12:06:41.437","DELIVERED","435.54","store","{""device"":""tablet"",""promo"":""SPRING15""}","2026-07-02"
"3159","159","2026-07-02 11:29:41.437","CANCELLED","435.67","web","{""device"":""desktop"",""promo"":""LOYALTY5""}","2026-07-02"
"3160","160","2026-07-02 10:52:41.437","PLACED","435.80","app","{""device"":""mobile"",""promo"":""NONE""}","2026-07-02"
"3161","161","2026-07-02 10:15:41.437","SHIPPED","435.93","store","{""device"":""tablet"",""promo"":""WELCOME10""}","2026-07-02"
"3162","162","2026-07-02 09:38:41.437","DELIVERED","436.06","web","{""device"":""desktop"",""promo"":""SPRING15""}","2026-07-02"
"3163","163","2026-07-02 09:01:41.437","CANCELLED","436.19","app","{""device"":""mobile"",""promo"":""LOYALTY5""}","2026-07-02"
"3164","164","2026-07-02 08:24:41.437","PLACED","436.32","store","{""device"":""tablet"",""promo"":""NONE""}","2026-07-02"
"3165","165","2026-07-02 07:47:41.437","SHIPPED","436.45","web","{""device"":""desktop"",""promo"":""WELCOME10""}","2026-07-02"
"3166","166","2026-07-02 07:10:41.437","DELIVERED","436.58","app","{""device"":""mobile"",""promo"":""SPRING15""}","2026-07-02"
"3167","167","2026-07-02 06:33:41.437","CANCELLED","436.71","store","{""device"":""tablet"",""promo"":""LOYALTY5""}","2026-07-02"
"3168","168","2026-07-02 05:56:41.437","PLACED","436.84","web","{""device"":""desktop"",""promo"":""NONE""}","2026-07-02"
"3169","169","2026-07-02 05:19:41.437","SHIPPED","436.97","app","{""device"":""mobile"",""promo"":""WELCOME10""}","2026-07-02"
"3170","170","2026-07-02 04:42:41.437","DELIVERED","437.10","store","{""device"":""tablet"",""promo"":""SPRING15""}","2026-07-02"
"3171","171","2026-07-02 04:05:41.437","CANCELLED","437.23","web","{""device"":""desktop"",""promo"":""LOYALTY5""}","2026-07-02"
"3172","172","2026-07-02 03:28:41.437","PLACED","437.36","app","{""device"":""mobile"",""promo"":""NONE""}","2026-07-02"
"3173","173","2026-07-02 02:51:41.437","SHIPPED","437.49","store","{""device"":""tablet"",""promo"":""WELCOME10""}","2026-07-02"
"3174","174","2026-07-02 02:14:41.437","DELIVERED","437.62","web","{""device"":""desktop"",""promo"":""SPRING15""}","2026-07-02"
"3175","175","2026-07-02 01:37:41.437","CANCELLED","437.75","app","{""device"":""mobile"",""promo"":""LOYALTY5""}","2026-07-02"
"3176","176","2026-07-02 01:00:41.437","PLACED","437.88","store","{""device"":""tablet"",""promo"":""NONE""}","2026-07-02"
"3177","177","2026-07-02 00:23:41.437","SHIPPED","438.01","web","{""device"":""desktop"",""promo"":""WELCOME10""}","2026-07-02"
"3178","178","2026-07-01 23:46:41.437","DELIVERED","438.14","app","{""device"":""mobile"",""promo"":""SPRING15""}","2026-07-01"
"3179","179","2026-07-01 23:09:41.437","CANCELLED","438.27","store","{""device"":""tablet"",""promo"":""LOYALTY5""}","2026-07-01"
"3180","180","2026-07-01 22:32:41.437","PLACED","438.40","web","{""device"":""desktop"",""promo"":""NONE""}","2026-07-01"
"3181","181","2026-07-01 21:55:41.437","SHIPPED","438.53","app","{""device"":""mobile"",""promo"":""WELCOME10""}","2026-07-01"
"3182","182","2026-07-01 21:18:41.437","DELIVERED","438.66","store","{""device"":""tablet"",""promo"":""SPRING15""}","2026-07-01"
"3183","183","2026-07-01 20:41:41.437","CANCELLED","438.79","web","{""device"":""desktop"",""promo"":""LOYALTY5""}","2026-07-01"
"3184","184","2026-07-01 20:04:41.437","PLACED","438.92","app","{""device"":""mobile"",""promo"":""NONE""}","2026-07-01"
"3185","185","2026-07-01 19:27:41.437","SHIPPED","439.05","store","{""device"":""tablet"",""promo"":""WELCOME10""}","2026-07-01"
"3186","186","2026-07-01 18:50:41.437","DELIVERED","439.18","web","{""device"":""desktop"",""promo"":""SPRING15""}","2026-07-01"
"3187","187","2026-07-01 18:13:41.437","CANCELLED","439.31","app","{""device"":""mobile"",""promo"":""LOYALTY5""}","2026-07-01"
"3188","188","2026-07-01 17:36:41.437","PLACED","439.44","store","{""device"":""tablet"",""promo"":""NONE""}","2026-07-01"
"3189","189","2026-07-01 16:59:41.437","SHIPPED","439.57","web","{""device"":""desktop"",""promo"":""WELCOME10""}","2026-07-01"
"3190","190","2026-07-01 16:22:41.437","DELIVERED","439.70","app","{""device"":""mobile"",""promo"":""SPRING15""}","2026-07-01"
"3191","191","2026-07-01 15:45:41.437","CANCELLED","439.83","store","{""device"":""tablet"",""promo"":""LOYALTY5""}","2026-07-01"
"3192","192","2026-07-01 15:08:41.437","PLACED","439.96","web","{""device"":""desktop"",""promo"":""NONE""}","2026-07-01"
"3193","193","2026-07-01 14:31:41.437","SHIPPED","440.09","app","{""device"":""mobile"",""promo"":""WELCOME10""}","2026-07-01"
"3194","194","2026-07-01 13:54:41.437","DELIVERED","440.22","store","{""device"":""tablet"",""promo"":""SPRING15""}","2026-07-01"
"3195","195","2026-07-01 13:17:41.437","CANCELLED","440.35","web","{""device"":""desktop"",""promo"":""LOYALTY5""}","2026-07-01"
"3196","196","2026-07-01 12:40:41.437","PLACED","440.48","app","{""device"":""mobile"",""promo"":""NONE""}","2026-07-01"
"3197","197","2026-07-01 12:03:41.437","SHIPPED","440.61","store","{""device"":""tablet"",""promo"":""WELCOME10""}","2026-07-01"
"3198","198","2026-07-01 11:26:41.437","DELIVERED","440.74","web","{""device"":""desktop"",""promo"":""SPRING15""}","2026-07-01"
"3199","199","2026-07-01 10:49:41.437","CANCELLED","440.87","app","{""device"":""mobile"",""promo"":""LOYALTY5""}","2026-07-01"
"3200","200","2026-07-01 10:12:41.437","PLACED","441.00","store","{""device"":""tablet"",""promo"":""NONE""}","2026-07-01"
"3201","1","2026-07-01 09:35:41.437","SHIPPED","441.13","web","{""device"":""desktop"",""promo"":""WELCOME10""}","2026-07-01"
"3202","2","2026-07-01 08:58:41.437","DELIVERED","441.26","app","{""device"":""mobile"",""promo"":""SPRING15""}","2026-07-01"
"3203","3","2026-07-01 08:21:41.437","CANCELLED","441.39","store","{""device"":""tablet"",""promo"":""LOYALTY5""}","2026-07-01"
"3204","4","2026-07-01 07:44:41.437","PLACED","441.52","web","{""device"":""desktop"",""promo"":""NONE""}","2026-07-01"
"3205","5","2026-07-01 07:07:41.437","SHIPPED","441.65","app","{""device"":""mobile"",""promo"":""WELCOME10""}","2026-07-01"
"3206","6","2026-07-01 06:30:41.437","DELIVERED","441.78","store","{""device"":""tablet"",""promo"":""SPRING15""}","2026-07-01"
"3207","7","2026-07-01 05:53:41.437","CANCELLED","441.91","web","{""device"":""desktop"",""promo"":""LOYALTY5""}","2026-07-01"
"3208","8","2026-07-01 05:16:41.437","PLACED","442.04","app","{""device"":""mobile"",""promo"":""NONE""}","2026-07-01"
"3209","9","2026-07-01 04:39:41.437","SHIPPED","442.17","store","{""device"":""tablet"",""promo"":""WELCOME10""}","2026-07-01"
"3210","10","2026-07-01 04:02:41.437","DELIVERED","442.30","web","{""device"":""desktop"",""promo"":""SPRING15""}","2026-07-01"
"3211","11","2026-07-01 03:25:41.437","CANCELLED","442.43","app","{""device"":""mobile"",""promo"":""LOYALTY5""}","2026-07-01"
"3212","12","2026-07-01 02:48:41.437","PLACED","442.56","store","{""device"":""tablet"",""promo"":""NONE""}","2026-07-01"
"3213","13","2026-07-01 02:11:41.437","SHIPPED","442.69","web","{""device"":""desktop"",""promo"":""WELCOME10""}","2026-07-01"
"3214","14","2026-07-01 01:34:41.437","DELIVERED","442.82","app","{""device"":""mobile"",""promo"":""SPRING15""}","2026-07-01"
"3215","15","2026-07-01 00:57:41.437","CANCELLED","442.95","store","{""device"":""tablet"",""promo"":""LOYALTY5""}","2026-07-01"
"3216","16","2026-07-01 00:20:41.437","PLACED","443.08","web","{""device"":""desktop"",""promo"":""NONE""}","2026-07-01"
"3217","17","2026-06-30 23:43:41.437","SHIPPED","443.21","app","{""device"":""mobile"",""promo"":""WELCOME10""}","2026-06-30"
"3218","18","2026-06-30 23:06:41.437","DELIVERED","443.34","store","{""device"":""tablet"",""promo"":""SPRING15""}","2026-06-30"
"3219","19","2026-06-30 22:29:41.437","CANCELLED","443.47","web","{""device"":""desktop"",""promo"":""LOYALTY5""}","2026-06-30"
"3220","20","2026-06-30 21:52:41.437","PLACED","443.60","app","{""device"":""mobile"",""promo"":""NONE""}","2026-06-30"
"3221","21","2026-06-30 21:15:41.437","SHIPPED","443.73","store","{""device"":""tablet"",""promo"":""WELCOME10""}","2026-06-30"
"3222","22","2026-06-30 20:38:41.437","DELIVERED","443.86","web","{""device"":""desktop"",""promo"":""SPRING15""}","2026-06-30"
"3223","23","2026-06-30 20:01:41.437","CANCELLED","443.99","app","{""device"":""mobile"",""promo"":""LOYALTY5""}","2026-06-30"
"3224","24","2026-06-30 19:24:41.437","PLACED","444.12","store","{""device"":""tablet"",""promo"":""NONE""}","2026-06-30"
"3225","25","2026-06-30 18:47:41.437","SHIPPED","444.25","web","{""device"":""desktop"",""promo"":""WELCOME10""}","2026-06-30"
"3226","26","2026-06-30 18:10:41.437","DELIVERED","444.38","app","{""device"":""mobile"",""promo"":""SPRING15""}","2026-06-30"
"3227","27","2026-06-30 17:33:41.437","CANCELLED","444.51","store","{""device"":""tablet"",""promo"":""LOYALTY5""}","2026-06-30"
"3228","28","2026-06-30 16:56:41.437","PLACED","444.64","web","{""device"":""desktop"",""promo"":""NONE""}","2026-06-30"
"3229","29","2026-06-30 16:19:41.437","SHIPPED","444.77","app","{""device"":""mobile"",""promo"":""WELCOME10""}","2026-06-30"
"3230","30","2026-06-30 15:42:41.437","DELIVERED","444.90","store","{""device"":""tablet"",""promo"":""SPRING15""}","2026-06-30"
"3231","31","2026-06-30 15:05:41.437","CANCELLED","445.03","web","{""device"":""desktop"",""promo"":""LOYALTY5""}","2026-06-30"
"3232","32","2026-06-30 14:28:41.437","PLACED","445.16","app","{""device"":""mobile"",""promo"":""NONE""}","2026-06-30"
"3233","33","2026-06-30 13:51:41.437","SHIPPED","445.29","store","{""device"":""tablet"",""promo"":""WELCOME10""}","2026-06-30"
"3234","34","2026-06-30 13:14:41.437","DELIVERED","445.42","web","{""device"":""desktop"",""promo"":""SPRING15""}","2026-06-30"
"3235","35","2026-06-30 12:37:41.437","CANCELLED","445.55","app","{""device"":""mobile"",""promo"":""LOYALTY5""}","2026-06-30"
"3236","36","2026-06-30 12:00:41.437","PLACED","445.68","store","{""device"":""tablet"",""promo"":""NONE""}","2026-06-30"
"3237","37","2026-06-30 11:23:41.437","SHIPPED","445.81","web","{""device"":""desktop"",""promo"":""WELCOME10""}","2026-06-30"
"3238","38","2026-06-30 10:46:41.437","DELIVERED","445.94","app","{""device"":""mobile"",""promo"":""SPRING15""}","2026-06-30"
"3239","39","2026-06-30 10:09:41.437","CANCELLED","446.07","store","{""device"":""tablet"",""promo"":""LOYALTY5""}","2026-06-30"
"3240","40","2026-06-30 09:32:41.437","PLACED","446.20","web","{""device"":""desktop"",""promo"":""NONE""}","2026-06-30"
"3241","41","2026-06-30 08:55:41.437","SHIPPED","446.33","app","{""device"":""mobile"",""promo"":""WELCOME10""}","2026-06-30"
"3242","42","2026-06-30 08:18:41.437","DELIVERED","446.46","store","{""device"":""tablet"",""promo"":""SPRING15""}","2026-06-30"
"3243","43","2026-06-30 07:41:41.437","CANCELLED","446.59","web","{""device"":""desktop"",""promo"":""LOYALTY5""}","2026-06-30"
"3244","44","2026-06-30 07:04:41.437","PLACED","446.72","app","{""device"":""mobile"",""promo"":""NONE""}","2026-06-30"
"3245","45","2026-06-30 06:27:41.437","SHIPPED","446.85","store","{""device"":""tablet"",""promo"":""WELCOME10""}","2026-06-30"
"3246","46","2026-06-30 05:50:41.437","DELIVERED","446.98","web","{""device"":""desktop"",""promo"":""SPRING15""}","2026-06-30"
"3247","47","2026-06-30 05:13:41.437","CANCELLED","447.11","app","{""device"":""mobile"",""promo"":""LOYALTY5""}","2026-06-30"
"3248","48","2026-06-30 04:36:41.437","PLACED","447.24","store","{""device"":""tablet"",""promo"":""NONE""}","2026-06-30"
"3249","49","2026-06-30 03:59:41.437","SHIPPED","447.37","web","{""device"":""desktop"",""promo"":""WELCOME10""}","2026-06-30"
"3250","50","2026-06-30 03:22:41.437","DELIVERED","447.50","app","{""device"":""mobile"",""promo"":""SPRING15""}","2026-06-30"
"3251","51","2026-06-30 02:45:41.437","CANCELLED","447.63","store","{""device"":""tablet"",""promo"":""LOYALTY5""}","2026-06-30"
"3252","52","2026-06-30 02:08:41.437","PLACED","447.76","web","{""device"":""desktop"",""promo"":""NONE""}","2026-06-30"
"3253","53","2026-06-30 01:31:41.437","SHIPPED","447.89","app","{""device"":""mobile"",""promo"":""WELCOME10""}","2026-06-30"
"3254","54","2026-06-30 00:54:41.437","DELIVERED","448.02","store","{""device"":""tablet"",""promo"":""SPRING15""}","2026-06-30"
"3255","55","2026-06-30 00:17:41.437","CANCELLED","448.15","web","{""device"":""desktop"",""promo"":""LOYALTY5""}","2026-06-30"
"3256","56","2026-06-29 23:40:41.437","PLACED","448.28","app","{""device"":""mobile"",""promo"":""NONE""}","2026-06-29"
"3257","57","2026-06-29 23:03:41.437","SHIPPED","448.41","store","{""device"":""tablet"",""promo"":""WELCOME10""}","2026-06-29"
"3258","58","2026-06-29 22:26:41.437","DELIVERED","448.54","web","{""device"":""desktop"",""promo"":""SPRING15""}","2026-06-29"
"3259","59","2026-06-29 21:49:41.437","CANCELLED","448.67","app","{""device"":""mobile"",""promo"":""LOYALTY5""}","2026-06-29"
"3260","60","2026-06-29 21:12:41.437","PLACED","448.80","store","{""device"":""tablet"",""promo"":""NONE""}","2026-06-29"
"3261","61","2026-06-29 20:35:41.437","SHIPPED","448.93","web","{""device"":""desktop"",""promo"":""WELCOME10""}","2026-06-29"
"3262","62","2026-06-29 19:58:41.437","DELIVERED","449.06","app","{""device"":""mobile"",""promo"":""SPRING15""}","2026-06-29"
"3263","63","2026-06-29 19:21:41.437","CANCELLED","449.19","store","{""device"":""tablet"",""promo"":""LOYALTY5""}","2026-06-29"
"3264","64","2026-06-29 18:44:41.437","PLACED","449.32","web","{""device"":""desktop"",""promo"":""NONE""}","2026-06-29"
"3265","65","2026-06-29 18:07:41.437","SHIPPED","449.45","app","{""device"":""mobile"",""promo"":""WELCOME10""}","2026-06-29"
"3266","66","2026-06-29 17:30:41.437","DELIVERED","449.58","store","{""device"":""tablet"",""promo"":""SPRING15""}","2026-06-29"
"3267","67","2026-06-29 16:53:41.437","CANCELLED","449.71","web","{""device"":""desktop"",""promo"":""LOYALTY5""}","2026-06-29"
"3268","68","2026-06-29 16:16:41.437","PLACED","449.84","app","{""device"":""mobile"",""promo"":""NONE""}","2026-06-29"
"3269","69","2026-06-29 15:39:41.437","SHIPPED","449.97","store","{""device"":""tablet"",""promo"":""WELCOME10""}","2026-06-29"
"3270","70","2026-06-29 15:02:41.437","DELIVERED","450.10","web","{""device"":""desktop"",""promo"":""SPRING15""}","2026-06-29"
"3271","71","2026-06-29 14:25:41.437","CANCELLED","450.23","app","{""device"":""mobile"",""promo"":""LOYALTY5""}","2026-06-29"
"3272","72","2026-06-29 13:48:41.437","PLACED","450.36","store","{""device"":""tablet"",""promo"":""NONE""}","2026-06-29"
"3273","73","2026-06-29 13:11:41.437","SHIPPED","450.49","web","{""device"":""desktop"",""promo"":""WELCOME10""}","2026-06-29"
"3274","74","2026-06-29 12:34:41.437","DELIVERED","450.62","app","{""device"":""mobile"",""promo"":""SPRING15""}","2026-06-29"
"3275","75","2026-06-29 11:57:41.437","CANCELLED","450.75","store","{""device"":""tablet"",""promo"":""LOYALTY5""}","2026-06-29"
"3276","76","2026-06-29 11:20:41.437","PLACED","450.88","web","{""device"":""desktop"",""promo"":""NONE""}","2026-06-29"
"3277","77","2026-06-29 10:43:41.437","SHIPPED","451.01","app","{""device"":""mobile"",""promo"":""WELCOME10""}","2026-06-29"
"3278","78","2026-06-29 10:06:41.437","DELIVERED","451.14","store","{""device"":""tablet"",""promo"":""SPRING15""}","2026-06-29"
"3279","79","2026-06-29 09:29:41.437","CANCELLED","451.27","web","{""device"":""desktop"",""promo"":""LOYALTY5""}","2026-06-29"
"3280","80","2026-06-29 08:52:41.437","PLACED","451.40","app","{""device"":""mobile"",""promo"":""NONE""}","2026-06-29"
"3281","81","2026-06-29 08:15:41.437","SHIPPED","451.53","store","{""device"":""tablet"",""promo"":""WELCOME10""}","2026-06-29"
"3282","82","2026-06-29 07:38:41.437","DELIVERED","451.66","web","{""device"":""desktop"",""promo"":""SPRING15""}","2026-06-29"
"3283","83","2026-06-29 07:01:41.437","CANCELLED","451.79","app","{""device"":""mobile"",""promo"":""LOYALTY5""}","2026-06-29"
"3284","84","2026-06-29 06:24:41.437","PLACED","451.92","store","{""device"":""tablet"",""promo"":""NONE""}","2026-06-29"
"3285","85","2026-06-29 05:47:41.437","SHIPPED","452.05","web","{""device"":""desktop"",""promo"":""WELCOME10""}","2026-06-29"
"3286","86","2026-06-29 05:10:41.437","DELIVERED","452.18","app","{""device"":""mobile"",""promo"":""SPRING15""}","2026-06-29"
"3287","87","2026-06-29 04:33:41.437","CANCELLED","452.31","store","{""device"":""tablet"",""promo"":""LOYALTY5""}","2026-06-29"
"3288","88","2026-06-29 03:56:41.437","PLACED","452.44","web","{""device"":""desktop"",""promo"":""NONE""}","2026-06-29"
"3289","89","2026-06-29 03:19:41.437","SHIPPED","452.57","app","{""device"":""mobile"",""promo"":""WELCOME10""}","2026-06-29"
"3290","90","2026-06-29 02:42:41.437","DELIVERED","452.70","store","{""device"":""tablet"",""promo"":""SPRING15""}","2026-06-29"
"3291","91","2026-06-29 02:05:41.437","CANCELLED","452.83","web","{""device"":""desktop"",""promo"":""LOYALTY5""}","2026-06-29"
"3292","92","2026-06-29 01:28:41.437","PLACED","452.96","app","{""device"":""mobile"",""promo"":""NONE""}","2026-06-29"
"3293","93","2026-06-29 00:51:41.437","SHIPPED","453.09","store","{""device"":""tablet"",""promo"":""WELCOME10""}","2026-06-29"
"3294","94","2026-06-29 00:14:41.437","DELIVERED","453.22","web","{""device"":""desktop"",""promo"":""SPRING15""}","2026-06-29"
"3295","95","2026-06-28 23:37:41.437","CANCELLED","453.35","app","{""device"":""mobile"",""promo"":""LOYALTY5""}","2026-06-28"
"3296","96","2026-06-28 23:00:41.437","PLACED","453.48","store","{""device"":""tablet"",""promo"":""NONE""}","2026-06-28"
"3297","97","2026-06-28 22:23:41.437","SHIPPED","453.61","web","{""device"":""desktop"",""promo"":""WELCOME10""}","2026-06-28"
"3298","98","2026-06-28 21:46:41.437","DELIVERED","453.74","app","{""device"":""mobile"",""promo"":""SPRING15""}","2026-06-28"
"3299","99","2026-06-28 21:09:41.437","CANCELLED","453.87","store","{""device"":""tablet"",""promo"":""LOYALTY5""}","2026-06-28"
"3300","100","2026-06-28 20:32:41.437","PLACED","454.00","web","{""device"":""desktop"",""promo"":""NONE""}","2026-06-28"
"3301","101","2026-06-28 19:55:41.437","SHIPPED","454.13","app","{""device"":""mobile"",""promo"":""WELCOME10""}","2026-06-28"
"3302","102","2026-06-28 19:18:41.437","DELIVERED","454.26","store","{""device"":""tablet"",""promo"":""SPRING15""}","2026-06-28"
"3303","103","2026-06-28 18:41:41.437","CANCELLED","454.39","web","{""device"":""desktop"",""promo"":""LOYALTY5""}","2026-06-28"
"3304","104","2026-06-28 18:04:41.437","PLACED","454.52","app","{""device"":""mobile"",""promo"":""NONE""}","2026-06-28"
"3305","105","2026-06-28 17:27:41.437","SHIPPED","454.65","store","{""device"":""tablet"",""promo"":""WELCOME10""}","2026-06-28"
"3306","106","2026-06-28 16:50:41.437","DELIVERED","454.78","web","{""device"":""desktop"",""promo"":""SPRING15""}","2026-06-28"
"3307","107","2026-06-28 16:13:41.437","CANCELLED","454.91","app","{""device"":""mobile"",""promo"":""LOYALTY5""}","2026-06-28"
"3308","108","2026-06-28 15:36:41.437","PLACED","455.04","store","{""device"":""tablet"",""promo"":""NONE""}","2026-06-28"
"3309","109","2026-06-28 14:59:41.437","SHIPPED","455.17","web","{""device"":""desktop"",""promo"":""WELCOME10""}","2026-06-28"
"3310","110","2026-06-28 14:22:41.437","DELIVERED","455.30","app","{""device"":""mobile"",""promo"":""SPRING15""}","2026-06-28"
"3311","111","2026-06-28 13:45:41.437","CANCELLED","455.43","store","{""device"":""tablet"",""promo"":""LOYALTY5""}","2026-06-28"
"3312","112","2026-06-28 13:08:41.437","PLACED","455.56","web","{""device"":""desktop"",""promo"":""NONE""}","2026-06-28"
"3313","113","2026-06-28 12:31:41.437","SHIPPED","455.69","app","{""device"":""mobile"",""promo"":""WELCOME10""}","2026-06-28"
"3314","114","2026-06-28 11:54:41.437","DELIVERED","455.82","store","{""device"":""tablet"",""promo"":""SPRING15""}","2026-06-28"
"3315","115","2026-06-28 11:17:41.437","CANCELLED","455.95","web","{""device"":""desktop"",""promo"":""LOYALTY5""}","2026-06-28"
"3316","116","2026-06-28 10:40:41.437","PLACED","456.08","app","{""device"":""mobile"",""promo"":""NONE""}","2026-06-28"
"3317","117","2026-06-28 10:03:41.437","SHIPPED","456.21","store","{""device"":""tablet"",""promo"":""WELCOME10""}","2026-06-28"
"3318","118","2026-06-28 09:26:41.437","DELIVERED","456.34","web","{""device"":""desktop"",""promo"":""SPRING15""}","2026-06-28"
"3319","119","2026-06-28 08:49:41.437","CANCELLED","456.47","app","{""device"":""mobile"",""promo"":""LOYALTY5""}","2026-06-28"
"3320","120","2026-06-28 08:12:41.437","PLACED","456.60","store","{""device"":""tablet"",""promo"":""NONE""}","2026-06-28"
"3321","121","2026-06-28 07:35:41.437","SHIPPED","456.73","web","{""device"":""desktop"",""promo"":""WELCOME10""}","2026-06-28"
"3322","122","2026-06-28 06:58:41.437","DELIVERED","456.86","app","{""device"":""mobile"",""promo"":""SPRING15""}","2026-06-28"
"3323","123","2026-06-28 06:21:41.437","CANCELLED","456.99","store","{""device"":""tablet"",""promo"":""LOYALTY5""}","2026-06-28"
"3324","124","2026-06-28 05:44:41.437","PLACED","457.12","web","{""device"":""desktop"",""promo"":""NONE""}","2026-06-28"
"3325","125","2026-06-28 05:07:41.437","SHIPPED","457.25","app","{""device"":""mobile"",""promo"":""WELCOME10""}","2026-06-28"
"3326","126","2026-06-28 04:30:41.437","DELIVERED","457.38","store","{""device"":""tablet"",""promo"":""SPRING15""}","2026-06-28"
"3327","127","2026-06-28 03:53:41.437","CANCELLED","457.51","web","{""device"":""desktop"",""promo"":""LOYALTY5""}","2026-06-28"
"3328","128","2026-06-28 03:16:41.437","PLACED","457.64","app","{""device"":""mobile"",""promo"":""NONE""}","2026-06-28"
"3329","129","2026-06-28 02:39:41.437","SHIPPED","457.77","store","{""device"":""tablet"",""promo"":""WELCOME10""}","2026-06-28"
"3330","130","2026-06-28 02:02:41.437","DELIVERED","457.90","web","{""device"":""desktop"",""promo"":""SPRING15""}","2026-06-28"
"3331","131","2026-06-28 01:25:41.437","CANCELLED","458.03","app","{""device"":""mobile"",""promo"":""LOYALTY5""}","2026-06-28"
"3332","132","2026-06-28 00:48:41.437","PLACED","458.16","store","{""device"":""tablet"",""promo"":""NONE""}","2026-06-28"
"3333","133","2026-06-28 00:11:41.437","SHIPPED","458.29","web","{""device"":""desktop"",""promo"":""WELCOME10""}","2026-06-28"
"3334","134","2026-06-27 23:34:41.437","DELIVERED","458.42","app","{""device"":""mobile"",""promo"":""SPRING15""}","2026-06-27"
"3335","135","2026-06-27 22:57:41.437","CANCELLED","458.55","store","{""device"":""tablet"",""promo"":""LOYALTY5""}","2026-06-27"
"3336","136","2026-06-27 22:20:41.437","PLACED","458.68","web","{""device"":""desktop"",""promo"":""NONE""}","2026-06-27"
"3337","137","2026-06-27 21:43:41.437","SHIPPED","458.81","app","{""device"":""mobile"",""promo"":""WELCOME10""}","2026-06-27"
"3338","138","2026-06-27 21:06:41.437","DELIVERED","458.94","store","{""device"":""tablet"",""promo"":""SPRING15""}","2026-06-27"
"3339","139","2026-06-27 20:29:41.437","CANCELLED","459.07","web","{""device"":""desktop"",""promo"":""LOYALTY5""}","2026-06-27"
"3340","140","2026-06-27 19:52:41.437","PLACED","459.20","app","{""device"":""mobile"",""promo"":""NONE""}","2026-06-27"
"3341","141","2026-06-27 19:15:41.437","SHIPPED","459.33","store","{""device"":""tablet"",""promo"":""WELCOME10""}","2026-06-27"
"3342","142","2026-06-27 18:38:41.437","DELIVERED","459.46","web","{""device"":""desktop"",""promo"":""SPRING15""}","2026-06-27"
"3343","143","2026-06-27 18:01:41.437","CANCELLED","459.59","app","{""device"":""mobile"",""promo"":""LOYALTY5""}","2026-06-27"
"3344","144","2026-06-27 17:24:41.437","PLACED","459.72","store","{""device"":""tablet"",""promo"":""NONE""}","2026-06-27"
"3345","145","2026-06-27 16:47:41.437","SHIPPED","459.85","web","{""device"":""desktop"",""promo"":""WELCOME10""}","2026-06-27"
"3346","146","2026-06-27 16:10:41.437","DELIVERED","459.98","app","{""device"":""mobile"",""promo"":""SPRING15""}","2026-06-27"
"3347","147","2026-06-27 15:33:41.437","CANCELLED","460.11","store","{""device"":""tablet"",""promo"":""LOYALTY5""}","2026-06-27"
"3348","148","2026-06-27 14:56:41.437","PLACED","460.24","web","{""device"":""desktop"",""promo"":""NONE""}","2026-06-27"
"3349","149","2026-06-27 14:19:41.437","SHIPPED","460.37","app","{""device"":""mobile"",""promo"":""WELCOME10""}","2026-06-27"
"3350","150","2026-06-27 13:42:41.437","DELIVERED","460.50","store","{""device"":""tablet"",""promo"":""SPRING15""}","2026-06-27"
"3351","151","2026-06-27 13:05:41.437","CANCELLED","460.63","web","{""device"":""desktop"",""promo"":""LOYALTY5""}","2026-06-27"
"3352","152","2026-06-27 12:28:41.437","PLACED","460.76","app","{""device"":""mobile"",""promo"":""NONE""}","2026-06-27"
"3353","153","2026-06-27 11:51:41.437","SHIPPED","460.89","store","{""device"":""tablet"",""promo"":""WELCOME10""}","2026-06-27"
"3354","154","2026-06-27 11:14:41.437","DELIVERED","461.02","web","{""device"":""desktop"",""promo"":""SPRING15""}","2026-06-27"
"3355","155","2026-06-27 10:37:41.437","CANCELLED","461.15","app","{""device"":""mobile"",""promo"":""LOYALTY5""}","2026-06-27"
"3356","156","2026-06-27 10:00:41.437","PLACED","461.28","store","{""device"":""tablet"",""promo"":""NONE""}","2026-06-27"
"3357","157","2026-06-27 09:23:41.437","SHIPPED","461.41","web","{""device"":""desktop"",""promo"":""WELCOME10""}","2026-06-27"
"3358","158","2026-06-27 08:46:41.437","DELIVERED","461.54","app","{""device"":""mobile"",""promo"":""SPRING15""}","2026-06-27"
"3359","159","2026-06-27 08:09:41.437","CANCELLED","461.67","store","{""device"":""tablet"",""promo"":""LOYALTY5""}","2026-06-27"
"3360","160","2026-06-27 07:32:41.437","PLACED","461.80","web","{""device"":""desktop"",""promo"":""NONE""}","2026-06-27"
"3361","161","2026-06-27 06:55:41.437","SHIPPED","461.93","app","{""device"":""mobile"",""promo"":""WELCOME10""}","2026-06-27"
"3362","162","2026-06-27 06:18:41.437","DELIVERED","462.06","store","{""device"":""tablet"",""promo"":""SPRING15""}","2026-06-27"
"3363","163","2026-06-27 05:41:41.437","CANCELLED","462.19","web","{""device"":""desktop"",""promo"":""LOYALTY5""}","2026-06-27"
"3364","164","2026-06-27 05:04:41.437","PLACED","462.32","app","{""device"":""mobile"",""promo"":""NONE""}","2026-06-27"
"3365","165","2026-06-27 04:27:41.437","SHIPPED","462.45","store","{""device"":""tablet"",""promo"":""WELCOME10""}","2026-06-27"
"3366","166","2026-06-27 03:50:41.437","DELIVERED","462.58","web","{""device"":""desktop"",""promo"":""SPRING15""}","2026-06-27"
"3367","167","2026-06-27 03:13:41.437","CANCELLED","462.71","app","{""device"":""mobile"",""promo"":""LOYALTY5""}","2026-06-27"
"3368","168","2026-06-27 02:36:41.437","PLACED","462.84","store","{""device"":""tablet"",""promo"":""NONE""}","2026-06-27"
"3369","169","2026-06-27 01:59:41.437","SHIPPED","462.97","web","{""device"":""desktop"",""promo"":""WELCOME10""}","2026-06-27"
"3370","170","2026-06-27 01:22:41.437","DELIVERED","463.10","app","{""device"":""mobile"",""promo"":""SPRING15""}","2026-06-27"
"3371","171","2026-06-27 00:45:41.437","CANCELLED","463.23","store","{""device"":""tablet"",""promo"":""LOYALTY5""}","2026-06-27"
"3372","172","2026-06-27 00:08:41.437","PLACED","463.36","web","{""device"":""desktop"",""promo"":""NONE""}","2026-06-27"
"3373","173","2026-06-26 23:31:41.437","SHIPPED","463.49","app","{""device"":""mobile"",""promo"":""WELCOME10""}","2026-06-26"
"3374","174","2026-06-26 22:54:41.437","DELIVERED","463.62","store","{""device"":""tablet"",""promo"":""SPRING15""}","2026-06-26"
"3375","175","2026-06-26 22:17:41.437","CANCELLED","463.75","web","{""device"":""desktop"",""promo"":""LOYALTY5""}","2026-06-26"
"3376","176","2026-06-26 21:40:41.437","PLACED","463.88","app","{""device"":""mobile"",""promo"":""NONE""}","2026-06-26"
"3377","177","2026-06-26 21:03:41.437","SHIPPED","464.01","store","{""device"":""tablet"",""promo"":""WELCOME10""}","2026-06-26"
"3378","178","2026-06-26 20:26:41.437","DELIVERED","464.14","web","{""device"":""desktop"",""promo"":""SPRING15""}","2026-06-26"
"3379","179","2026-06-26 19:49:41.437","CANCELLED","464.27","app","{""device"":""mobile"",""promo"":""LOYALTY5""}","2026-06-26"
"3380","180","2026-06-26 19:12:41.437","PLACED","464.40","store","{""device"":""tablet"",""promo"":""NONE""}","2026-06-26"
"3381","181","2026-06-26 18:35:41.437","SHIPPED","464.53","web","{""device"":""desktop"",""promo"":""WELCOME10""}","2026-06-26"
"3382","182","2026-06-26 17:58:41.437","DELIVERED","464.66","app","{""device"":""mobile"",""promo"":""SPRING15""}","2026-06-26"
"3383","183","2026-06-26 17:21:41.437","CANCELLED","464.79","store","{""device"":""tablet"",""promo"":""LOYALTY5""}","2026-06-26"
"3384","184","2026-06-26 16:44:41.437","PLACED","464.92","web","{""device"":""desktop"",""promo"":""NONE""}","2026-06-26"
"3385","185","2026-06-26 16:07:41.437","SHIPPED","465.05","app","{""device"":""mobile"",""promo"":""WELCOME10""}","2026-06-26"
"3386","186","2026-06-26 15:30:41.437","DELIVERED","465.18","store","{""device"":""tablet"",""promo"":""SPRING15""}","2026-06-26"
"3387","187","2026-06-26 14:53:41.437","CANCELLED","465.31","web","{""device"":""desktop"",""promo"":""LOYALTY5""}","2026-06-26"
"3388","188","2026-06-26 14:16:41.437","PLACED","465.44","app","{""device"":""mobile"",""promo"":""NONE""}","2026-06-26"
"3389","189","2026-06-26 13:39:41.437","SHIPPED","465.57","store","{""device"":""tablet"",""promo"":""WELCOME10""}","2026-06-26"
"3390","190","2026-06-26 13:02:41.437","DELIVERED","465.70","web","{""device"":""desktop"",""promo"":""SPRING15""}","2026-06-26"
"3391","191","2026-06-26 12:25:41.437","CANCELLED","465.83","app","{""device"":""mobile"",""promo"":""LOYALTY5""}","2026-06-26"
"3392","192","2026-06-26 11:48:41.437","PLACED","465.96","store","{""device"":""tablet"",""promo"":""NONE""}","2026-06-26"
"3393","193","2026-06-26 11:11:41.437","SHIPPED","466.09","web","{""device"":""desktop"",""promo"":""WELCOME10""}","2026-06-26"
"3394","194","2026-06-26 10:34:41.437","DELIVERED","466.22","app","{""device"":""mobile"",""promo"":""SPRING15""}","2026-06-26"
"3395","195","2026-06-26 09:57:41.437","CANCELLED","466.35","store","{""device"":""tablet"",""promo"":""LOYALTY5""}","2026-06-26"
"3396","196","2026-06-26 09:20:41.437","PLACED","466.48","web","{""device"":""desktop"",""promo"":""NONE""}","2026-06-26"
"3397","197","2026-06-26 08:43:41.437","SHIPPED","466.61","app","{""device"":""mobile"",""promo"":""WELCOME10""}","2026-06-26"
"3398","198","2026-06-26 08:06:41.437","DELIVERED","466.74","store","{""device"":""tablet"",""promo"":""SPRING15""}","2026-06-26"
"3399","199","2026-06-26 07:29:41.437","CANCELLED","466.87","web","{""device"":""desktop"",""promo"":""LOYALTY5""}","2026-06-26"
"3400","200","2026-06-26 06:52:41.437","PLACED","467.00","app","{""device"":""mobile"",""promo"":""NONE""}","2026-06-26"
"3401","1","2026-06-26 06:15:41.437","SHIPPED","467.13","store","{""device"":""tablet"",""promo"":""WELCOME10""}","2026-06-26"
"3402","2","2026-06-26 05:38:41.437","DELIVERED","467.26","web","{""device"":""desktop"",""promo"":""SPRING15""}","2026-06-26"
"3403","3","2026-06-26 05:01:41.437","CANCELLED","467.39","app","{""device"":""mobile"",""promo"":""LOYALTY5""}","2026-06-26"
"3404","4","2026-06-26 04:24:41.437","PLACED","467.52","store","{""device"":""tablet"",""promo"":""NONE""}","2026-06-26"
"3405","5","2026-06-26 03:47:41.437","SHIPPED","467.65","web","{""device"":""desktop"",""promo"":""WELCOME10""}","2026-06-26"
"3406","6","2026-06-26 03:10:41.437","DELIVERED","467.78","app","{""device"":""mobile"",""promo"":""SPRING15""}","2026-06-26"
"3407","7","2026-06-26 02:33:41.437","CANCELLED","467.91","store","{""device"":""tablet"",""promo"":""LOYALTY5""}","2026-06-26"
"3408","8","2026-06-26 01:56:41.437","PLACED","468.04","web","{""device"":""desktop"",""promo"":""NONE""}","2026-06-26"
"3409","9","2026-06-26 01:19:41.437","SHIPPED","468.17","app","{""device"":""mobile"",""promo"":""WELCOME10""}","2026-06-26"
"3410","10","2026-06-26 00:42:41.437","DELIVERED","468.30","store","{""device"":""tablet"",""promo"":""SPRING15""}","2026-06-26"
"3411","11","2026-06-26 00:05:41.437","CANCELLED","468.43","web","{""device"":""desktop"",""promo"":""LOYALTY5""}","2026-06-26"
"3412","12","2026-06-25 23:28:41.437","PLACED","468.56","app","{""device"":""mobile"",""promo"":""NONE""}","2026-06-25"
"3413","13","2026-06-25 22:51:41.437","SHIPPED","468.69","store","{""device"":""tablet"",""promo"":""WELCOME10""}","2026-06-25"
"3414","14","2026-06-25 22:14:41.437","DELIVERED","468.82","web","{""device"":""desktop"",""promo"":""SPRING15""}","2026-06-25"
"3415","15","2026-06-25 21:37:41.437","CANCELLED","468.95","app","{""device"":""mobile"",""promo"":""LOYALTY5""}","2026-06-25"
"3416","16","2026-06-25 21:00:41.437","PLACED","469.08","store","{""device"":""tablet"",""promo"":""NONE""}","2026-06-25"
"3417","17","2026-06-25 20:23:41.437","SHIPPED","469.21","web","{""device"":""desktop"",""promo"":""WELCOME10""}","2026-06-25"
"3418","18","2026-06-25 19:46:41.437","DELIVERED","469.34","app","{""device"":""mobile"",""promo"":""SPRING15""}","2026-06-25"
"3419","19","2026-06-25 19:09:41.437","CANCELLED","469.47","store","{""device"":""tablet"",""promo"":""LOYALTY5""}","2026-06-25"
"3420","20","2026-06-25 18:32:41.437","PLACED","469.60","web","{""device"":""desktop"",""promo"":""NONE""}","2026-06-25"
"3421","21","2026-06-25 17:55:41.437","SHIPPED","469.73","app","{""device"":""mobile"",""promo"":""WELCOME10""}","2026-06-25"
"3422","22","2026-06-25 17:18:41.437","DELIVERED","469.86","store","{""device"":""tablet"",""promo"":""SPRING15""}","2026-06-25"
"3423","23","2026-06-25 16:41:41.437","CANCELLED","469.99","web","{""device"":""desktop"",""promo"":""LOYALTY5""}","2026-06-25"
"3424","24","2026-06-25 16:04:41.437","PLACED","470.12","app","{""device"":""mobile"",""promo"":""NONE""}","2026-06-25"
"3425","25","2026-06-25 15:27:41.437","SHIPPED","470.25","store","{""device"":""tablet"",""promo"":""WELCOME10""}","2026-06-25"
"3426","26","2026-06-25 14:50:41.437","DELIVERED","470.38","web","{""device"":""desktop"",""promo"":""SPRING15""}","2026-06-25"
"3427","27","2026-06-25 14:13:41.437","CANCELLED","470.51","app","{""device"":""mobile"",""promo"":""LOYALTY5""}","2026-06-25"
"3428","28","2026-06-25 13:36:41.437","PLACED","470.64","store","{""device"":""tablet"",""promo"":""NONE""}","2026-06-25"
"3429","29","2026-06-25 12:59:41.437","SHIPPED","470.77","web","{""device"":""desktop"",""promo"":""WELCOME10""}","2026-06-25"
"3430","30","2026-06-25 12:22:41.437","DELIVERED","470.90","app","{""device"":""mobile"",""promo"":""SPRING15""}","2026-06-25"
"3431","31","2026-06-25 11:45:41.437","CANCELLED","471.03","store","{""device"":""tablet"",""promo"":""LOYALTY5""}","2026-06-25"
"3432","32","2026-06-25 11:08:41.437","PLACED","471.16","web","{""device"":""desktop"",""promo"":""NONE""}","2026-06-25"
"3433","33","2026-06-25 10:31:41.437","SHIPPED","471.29","app","{""device"":""mobile"",""promo"":""WELCOME10""}","2026-06-25"
"3434","34","2026-06-25 09:54:41.437","DELIVERED","471.42","store","{""device"":""tablet"",""promo"":""SPRING15""}","2026-06-25"
"3435","35","2026-06-25 09:17:41.437","CANCELLED","471.55","web","{""device"":""desktop"",""promo"":""LOYALTY5""}","2026-06-25"
"3436","36","2026-06-25 08:40:41.437","PLACED","471.68","app","{""device"":""mobile"",""promo"":""NONE""}","2026-06-25"
"3437","37","2026-06-25 08:03:41.437","SHIPPED","471.81","store","{""device"":""tablet"",""promo"":""WELCOME10""}","2026-06-25"
"3438","38","2026-06-25 07:26:41.437","DELIVERED","471.94","web","{""device"":""desktop"",""promo"":""SPRING15""}","2026-06-25"
"3439","39","2026-06-25 06:49:41.437","CANCELLED","472.07","app","{""device"":""mobile"",""promo"":""LOYALTY5""}","2026-06-25"
"3440","40","2026-06-25 06:12:41.437","PLACED","472.20","store","{""device"":""tablet"",""promo"":""NONE""}","2026-06-25"
"3441","41","2026-06-25 05:35:41.437","SHIPPED","472.33","web","{""device"":""desktop"",""promo"":""WELCOME10""}","2026-06-25"
"3442","42","2026-06-25 04:58:41.437","DELIVERED","472.46","app","{""device"":""mobile"",""promo"":""SPRING15""}","2026-06-25"
"3443","43","2026-06-25 04:21:41.437","CANCELLED","472.59","store","{""device"":""tablet"",""promo"":""LOYALTY5""}","2026-06-25"
"3444","44","2026-06-25 03:44:41.437","PLACED","472.72","web","{""device"":""desktop"",""promo"":""NONE""}","2026-06-25"
"3445","45","2026-06-25 03:07:41.437","SHIPPED","472.85","app","{""device"":""mobile"",""promo"":""WELCOME10""}","2026-06-25"
"3446","46","2026-06-25 02:30:41.437","DELIVERED","472.98","store","{""device"":""tablet"",""promo"":""SPRING15""}","2026-06-25"
"3447","47","2026-06-25 01:53:41.437","CANCELLED","473.11","web","{""device"":""desktop"",""promo"":""LOYALTY5""}","2026-06-25"
"3448","48","2026-06-25 01:16:41.437","PLACED","473.24","app","{""device"":""mobile"",""promo"":""NONE""}","2026-06-25"
"3449","49","2026-06-25 00:39:41.437","SHIPPED","473.37","store","{""device"":""tablet"",""promo"":""WELCOME10""}","2026-06-25"
"3450","50","2026-06-25 00:02:41.437","DELIVERED","473.50","web","{""device"":""desktop"",""promo"":""SPRING15""}","2026-06-25"
"3451","51","2026-06-24 23:25:41.437","CANCELLED","473.63","app","{""device"":""mobile"",""promo"":""LOYALTY5""}","2026-06-24"
"3452","52","2026-06-24 22:48:41.437","PLACED","473.76","store","{""device"":""tablet"",""promo"":""NONE""}","2026-06-24"
"3453","53","2026-06-24 22:11:41.437","SHIPPED","473.89","web","{""device"":""desktop"",""promo"":""WELCOME10""}","2026-06-24"
"3454","54","2026-06-24 21:34:41.437","DELIVERED","474.02","app","{""device"":""mobile"",""promo"":""SPRING15""}","2026-06-24"
"3455","55","2026-06-24 20:57:41.437","CANCELLED","474.15","store","{""device"":""tablet"",""promo"":""LOYALTY5""}","2026-06-24"
"3456","56","2026-06-24 20:20:41.437","PLACED","474.28","web","{""device"":""desktop"",""promo"":""NONE""}","2026-06-24"
"3457","57","2026-06-24 19:43:41.437","SHIPPED","474.41","app","{""device"":""mobile"",""promo"":""WELCOME10""}","2026-06-24"
"3458","58","2026-06-24 19:06:41.437","DELIVERED","474.54","store","{""device"":""tablet"",""promo"":""SPRING15""}","2026-06-24"
"3459","59","2026-06-24 18:29:41.437","CANCELLED","474.67","web","{""device"":""desktop"",""promo"":""LOYALTY5""}","2026-06-24"
"3460","60","2026-06-24 17:52:41.437","PLACED","474.80","app","{""device"":""mobile"",""promo"":""NONE""}","2026-06-24"
"3461","61","2026-06-24 17:15:41.437","SHIPPED","474.93","store","{""device"":""tablet"",""promo"":""WELCOME10""}","2026-06-24"
"3462","62","2026-06-24 16:38:41.437","DELIVERED","475.06","web","{""device"":""desktop"",""promo"":""SPRING15""}","2026-06-24"
"3463","63","2026-06-24 16:01:41.437","CANCELLED","475.19","app","{""device"":""mobile"",""promo"":""LOYALTY5""}","2026-06-24"
"3464","64","2026-06-24 15:24:41.437","PLACED","475.32","store","{""device"":""tablet"",""promo"":""NONE""}","2026-06-24"
"3465","65","2026-06-24 14:47:41.437","SHIPPED","475.45","web","{""device"":""desktop"",""promo"":""WELCOME10""}","2026-06-24"
"3466","66","2026-06-24 14:10:41.437","DELIVERED","475.58","app","{""device"":""mobile"",""promo"":""SPRING15""}","2026-06-24"
"3467","67","2026-06-24 13:33:41.437","CANCELLED","475.71","store","{""device"":""tablet"",""promo"":""LOYALTY5""}","2026-06-24"
"3468","68","2026-06-24 12:56:41.437","PLACED","475.84","web","{""device"":""desktop"",""promo"":""NONE""}","2026-06-24"
"3469","69","2026-06-24 12:19:41.437","SHIPPED","475.97","app","{""device"":""mobile"",""promo"":""WELCOME10""}","2026-06-24"
"3470","70","2026-06-24 11:42:41.437","DELIVERED","476.10","store","{""device"":""tablet"",""promo"":""SPRING15""}","2026-06-24"
"3471","71","2026-06-24 11:05:41.437","CANCELLED","476.23","web","{""device"":""desktop"",""promo"":""LOYALTY5""}","2026-06-24"
"3472","72","2026-06-24 10:28:41.437","PLACED","476.36","app","{""device"":""mobile"",""promo"":""NONE""}","2026-06-24"
"3473","73","2026-06-24 09:51:41.437","SHIPPED","476.49","store","{""device"":""tablet"",""promo"":""WELCOME10""}","2026-06-24"
"3474","74","2026-06-24 09:14:41.437","DELIVERED","476.62","web","{""device"":""desktop"",""promo"":""SPRING15""}","2026-06-24"
"3475","75","2026-06-24 08:37:41.437","CANCELLED","476.75","app","{""device"":""mobile"",""promo"":""LOYALTY5""}","2026-06-24"
"3476","76","2026-06-24 08:00:41.437","PLACED","476.88","store","{""device"":""tablet"",""promo"":""NONE""}","2026-06-24"
"3477","77","2026-06-24 07:23:41.437","SHIPPED","477.01","web","{""device"":""desktop"",""promo"":""WELCOME10""}","2026-06-24"
"3478","78","2026-06-24 06:46:41.437","DELIVERED","477.14","app","{""device"":""mobile"",""promo"":""SPRING15""}","2026-06-24"
"3479","79","2026-06-24 06:09:41.437","CANCELLED","477.27","store","{""device"":""tablet"",""promo"":""LOYALTY5""}","2026-06-24"
"3480","80","2026-06-24 05:32:41.437","PLACED","477.40","web","{""device"":""desktop"",""promo"":""NONE""}","2026-06-24"
"3481","81","2026-06-24 04:55:41.437","SHIPPED","477.53","app","{""device"":""mobile"",""promo"":""WELCOME10""}","2026-06-24"
"3482","82","2026-06-24 04:18:41.437","DELIVERED","477.66","store","{""device"":""tablet"",""promo"":""SPRING15""}","2026-06-24"
"3483","83","2026-06-24 03:41:41.437","CANCELLED","477.79","web","{""device"":""desktop"",""promo"":""LOYALTY5""}","2026-06-24"
"3484","84","2026-06-24 03:04:41.437","PLACED","477.92","app","{""device"":""mobile"",""promo"":""NONE""}","2026-06-24"
"3485","85","2026-06-24 02:27:41.437","SHIPPED","478.05","store","{""device"":""tablet"",""promo"":""WELCOME10""}","2026-06-24"
"3486","86","2026-06-24 01:50:41.437","DELIVERED","478.18","web","{""device"":""desktop"",""promo"":""SPRING15""}","2026-06-24"
"3487","87","2026-06-24 01:13:41.437","CANCELLED","478.31","app","{""device"":""mobile"",""promo"":""LOYALTY5""}","2026-06-24"
"3488","88","2026-06-24 00:36:41.437","PLACED","478.44","store","{""device"":""tablet"",""promo"":""NONE""}","2026-06-24"
"3489","89","2026-06-23 23:59:41.437","SHIPPED","478.57","web","{""device"":""desktop"",""promo"":""WELCOME10""}","2026-06-23"
"3490","90","2026-06-23 23:22:41.437","DELIVERED","478.70","app","{""device"":""mobile"",""promo"":""SPRING15""}","2026-06-23"
"3491","91","2026-06-23 22:45:41.437","CANCELLED","478.83","store","{""device"":""tablet"",""promo"":""LOYALTY5""}","2026-06-23"
"3492","92","2026-06-23 22:08:41.437","PLACED","478.96","web","{""device"":""desktop"",""promo"":""NONE""}","2026-06-23"
"3493","93","2026-06-23 21:31:41.437","SHIPPED","479.09","app","{""device"":""mobile"",""promo"":""WELCOME10""}","2026-06-23"
"3494","94","2026-06-23 20:54:41.437","DELIVERED","479.22","store","{""device"":""tablet"",""promo"":""SPRING15""}","2026-06-23"
"3495","95","2026-06-23 20:17:41.437","CANCELLED","479.35","web","{""device"":""desktop"",""promo"":""LOYALTY5""}","2026-06-23"
"3496","96","2026-06-23 19:40:41.437","PLACED","479.48","app","{""device"":""mobile"",""promo"":""NONE""}","2026-06-23"
"3497","97","2026-06-23 19:03:41.437","SHIPPED","479.61","store","{""device"":""tablet"",""promo"":""WELCOME10""}","2026-06-23"
"3498","98","2026-06-23 18:26:41.437","DELIVERED","479.74","web","{""device"":""desktop"",""promo"":""SPRING15""}","2026-06-23"
"3499","99","2026-06-23 17:49:41.437","CANCELLED","479.87","app","{""device"":""mobile"",""promo"":""LOYALTY5""}","2026-06-23"
"3500","100","2026-06-23 17:12:41.437","PLACED","480.00","store","{""device"":""tablet"",""promo"":""NONE""}","2026-06-23"
"3501","101","2026-06-23 16:35:41.437","SHIPPED","480.13","web","{""device"":""desktop"",""promo"":""WELCOME10""}","2026-06-23"
"3502","102","2026-06-23 15:58:41.437","DELIVERED","480.26","app","{""device"":""mobile"",""promo"":""SPRING15""}","2026-06-23"
"3503","103","2026-06-23 15:21:41.437","CANCELLED","480.39","store","{""device"":""tablet"",""promo"":""LOYALTY5""}","2026-06-23"
"3504","104","2026-06-23 14:44:41.437","PLACED","480.52","web","{""device"":""desktop"",""promo"":""NONE""}","2026-06-23"
"3505","105","2026-06-23 14:07:41.437","SHIPPED","480.65","app","{""device"":""mobile"",""promo"":""WELCOME10""}","2026-06-23"
"3506","106","2026-06-23 13:30:41.437","DELIVERED","480.78","store","{""device"":""tablet"",""promo"":""SPRING15""}","2026-06-23"
"3507","107","2026-06-23 12:53:41.437","CANCELLED","480.91","web","{""device"":""desktop"",""promo"":""LOYALTY5""}","2026-06-23"
"3508","108","2026-06-23 12:16:41.437","PLACED","481.04","app","{""device"":""mobile"",""promo"":""NONE""}","2026-06-23"
"3509","109","2026-06-23 11:39:41.437","SHIPPED","481.17","store","{""device"":""tablet"",""promo"":""WELCOME10""}","2026-06-23"
"3510","110","2026-06-23 11:02:41.437","DELIVERED","481.30","web","{""device"":""desktop"",""promo"":""SPRING15""}","2026-06-23"
"3511","111","2026-06-23 10:25:41.437","CANCELLED","481.43","app","{""device"":""mobile"",""promo"":""LOYALTY5""}","2026-06-23"
"3512","112","2026-06-23 09:48:41.437","PLACED","481.56","store","{""device"":""tablet"",""promo"":""NONE""}","2026-06-23"
"3513","113","2026-06-23 09:11:41.437","SHIPPED","481.69","web","{""device"":""desktop"",""promo"":""WELCOME10""}","2026-06-23"
"3514","114","2026-06-23 08:34:41.437","DELIVERED","481.82","app","{""device"":""mobile"",""promo"":""SPRING15""}","2026-06-23"
"3515","115","2026-06-23 07:57:41.437","CANCELLED","481.95","store","{""device"":""tablet"",""promo"":""LOYALTY5""}","2026-06-23"
"3516","116","2026-06-23 07:20:41.437","PLACED","482.08","web","{""device"":""desktop"",""promo"":""NONE""}","2026-06-23"
"3517","117","2026-06-23 06:43:41.437","SHIPPED","482.21","app","{""device"":""mobile"",""promo"":""WELCOME10""}","2026-06-23"
"3518","118","2026-06-23 06:06:41.437","DELIVERED","482.34","store","{""device"":""tablet"",""promo"":""SPRING15""}","2026-06-23"
"3519","119","2026-06-23 05:29:41.437","CANCELLED","482.47","web","{""device"":""desktop"",""promo"":""LOYALTY5""}","2026-06-23"
"3520","120","2026-06-23 04:52:41.437","PLACED","482.60","app","{""device"":""mobile"",""promo"":""NONE""}","2026-06-23"
"3521","121","2026-06-23 04:15:41.437","SHIPPED","482.73","store","{""device"":""tablet"",""promo"":""WELCOME10""}","2026-06-23"
"3522","122","2026-06-23 03:38:41.437","DELIVERED","482.86","web","{""device"":""desktop"",""promo"":""SPRING15""}","2026-06-23"
"3523","123","2026-06-23 03:01:41.437","CANCELLED","482.99","app","{""device"":""mobile"",""promo"":""LOYALTY5""}","2026-06-23"
"3524","124","2026-06-23 02:24:41.437","PLACED","483.12","store","{""device"":""tablet"",""promo"":""NONE""}","2026-06-23"
"3525","125","2026-06-23 01:47:41.437","SHIPPED","483.25","web","{""device"":""desktop"",""promo"":""WELCOME10""}","2026-06-23"
"3526","126","2026-06-23 01:10:41.437","DELIVERED","483.38","app","{""device"":""mobile"",""promo"":""SPRING15""}","2026-06-23"
"3527","127","2026-06-23 00:33:41.437","CANCELLED","483.51","store","{""device"":""tablet"",""promo"":""LOYALTY5""}","2026-06-23"
"3528","128","2026-06-22 23:56:41.437","PLACED","483.64","web","{""device"":""desktop"",""promo"":""NONE""}","2026-06-22"
"3529","129","2026-06-22 23:19:41.437","SHIPPED","483.77","app","{""device"":""mobile"",""promo"":""WELCOME10""}","2026-06-22"
"3530","130","2026-06-22 22:42:41.437","DELIVERED","483.90","store","{""device"":""tablet"",""promo"":""SPRING15""}","2026-06-22"
"3531","131","2026-06-22 22:05:41.437","CANCELLED","484.03","web","{""device"":""desktop"",""promo"":""LOYALTY5""}","2026-06-22"
"3532","132","2026-06-22 21:28:41.437","PLACED","484.16","app","{""device"":""mobile"",""promo"":""NONE""}","2026-06-22"
"3533","133","2026-06-22 20:51:41.437","SHIPPED","484.29","store","{""device"":""tablet"",""promo"":""WELCOME10""}","2026-06-22"
"3534","134","2026-06-22 20:14:41.437","DELIVERED","484.42","web","{""device"":""desktop"",""promo"":""SPRING15""}","2026-06-22"
"3535","135","2026-06-22 19:37:41.437","CANCELLED","484.55","app","{""device"":""mobile"",""promo"":""LOYALTY5""}","2026-06-22"
"3536","136","2026-06-22 19:00:41.437","PLACED","484.68","store","{""device"":""tablet"",""promo"":""NONE""}","2026-06-22"
"3537","137","2026-06-22 18:23:41.437","SHIPPED","484.81","web","{""device"":""desktop"",""promo"":""WELCOME10""}","2026-06-22"
"3538","138","2026-06-22 17:46:41.437","DELIVERED","484.94","app","{""device"":""mobile"",""promo"":""SPRING15""}","2026-06-22"
"3539","139","2026-06-22 17:09:41.437","CANCELLED","485.07","store","{""device"":""tablet"",""promo"":""LOYALTY5""}","2026-06-22"
"3540","140","2026-06-22 16:32:41.437","PLACED","485.20","web","{""device"":""desktop"",""promo"":""NONE""}","2026-06-22"
"3541","141","2026-06-22 15:55:41.437","SHIPPED","485.33","app","{""device"":""mobile"",""promo"":""WELCOME10""}","2026-06-22"
"3542","142","2026-06-22 15:18:41.437","DELIVERED","485.46","store","{""device"":""tablet"",""promo"":""SPRING15""}","2026-06-22"
"3543","143","2026-06-22 14:41:41.437","CANCELLED","485.59","web","{""device"":""desktop"",""promo"":""LOYALTY5""}","2026-06-22"
"3544","144","2026-06-22 14:04:41.437","PLACED","485.72","app","{""device"":""mobile"",""promo"":""NONE""}","2026-06-22"
"3545","145","2026-06-22 13:27:41.437","SHIPPED","485.85","store","{""device"":""tablet"",""promo"":""WELCOME10""}","2026-06-22"
"3546","146","2026-06-22 12:50:41.437","DELIVERED","485.98","web","{""device"":""desktop"",""promo"":""SPRING15""}","2026-06-22"
"3547","147","2026-06-22 12:13:41.437","CANCELLED","486.11","app","{""device"":""mobile"",""promo"":""LOYALTY5""}","2026-06-22"
"3548","148","2026-06-22 11:36:41.437","PLACED","486.24","store","{""device"":""tablet"",""promo"":""NONE""}","2026-06-22"
"3549","149","2026-06-22 10:59:41.437","SHIPPED","486.37","web","{""device"":""desktop"",""promo"":""WELCOME10""}","2026-06-22"
"3550","150","2026-06-22 10:22:41.437","DELIVERED","486.50","app","{""device"":""mobile"",""promo"":""SPRING15""}","2026-06-22"
"3551","151","2026-06-22 09:45:41.437","CANCELLED","486.63","store","{""device"":""tablet"",""promo"":""LOYALTY5""}","2026-06-22"
"3552","152","2026-06-22 09:08:41.437","PLACED","486.76","web","{""device"":""desktop"",""promo"":""NONE""}","2026-06-22"
"3553","153","2026-06-22 08:31:41.437","SHIPPED","486.89","app","{""device"":""mobile"",""promo"":""WELCOME10""}","2026-06-22"
"3554","154","2026-06-22 07:54:41.437","DELIVERED","487.02","store","{""device"":""tablet"",""promo"":""SPRING15""}","2026-06-22"
"3555","155","2026-06-22 07:17:41.437","CANCELLED","487.15","web","{""device"":""desktop"",""promo"":""LOYALTY5""}","2026-06-22"
"3556","156","2026-06-22 06:40:41.437","PLACED","487.28","app","{""device"":""mobile"",""promo"":""NONE""}","2026-06-22"
"3557","157","2026-06-22 06:03:41.437","SHIPPED","487.41","store","{""device"":""tablet"",""promo"":""WELCOME10""}","2026-06-22"
"3558","158","2026-06-22 05:26:41.437","DELIVERED","487.54","web","{""device"":""desktop"",""promo"":""SPRING15""}","2026-06-22"
"3559","159","2026-06-22 04:49:41.437","CANCELLED","487.67","app","{""device"":""mobile"",""promo"":""LOYALTY5""}","2026-06-22"
"3560","160","2026-06-22 04:12:41.437","PLACED","487.80","store","{""device"":""tablet"",""promo"":""NONE""}","2026-06-22"
"3561","161","2026-06-22 03:35:41.437","SHIPPED","487.93","web","{""device"":""desktop"",""promo"":""WELCOME10""}","2026-06-22"
"3562","162","2026-06-22 02:58:41.437","DELIVERED","488.06","app","{""device"":""mobile"",""promo"":""SPRING15""}","2026-06-22"
"3563","163","2026-06-22 02:21:41.437","CANCELLED","488.19","store","{""device"":""tablet"",""promo"":""LOYALTY5""}","2026-06-22"
"3564","164","2026-06-22 01:44:41.437","PLACED","488.32","web","{""device"":""desktop"",""promo"":""NONE""}","2026-06-22"
"3565","165","2026-06-22 01:07:41.437","SHIPPED","488.45","app","{""device"":""mobile"",""promo"":""WELCOME10""}","2026-06-22"
"3566","166","2026-06-22 00:30:41.437","DELIVERED","488.58","store","{""device"":""tablet"",""promo"":""SPRING15""}","2026-06-22"
"3567","167","2026-06-21 23:53:41.437","CANCELLED","488.71","web","{""device"":""desktop"",""promo"":""LOYALTY5""}","2026-06-21"
"3568","168","2026-06-21 23:16:41.437","PLACED","488.84","app","{""device"":""mobile"",""promo"":""NONE""}","2026-06-21"
"3569","169","2026-06-21 22:39:41.437","SHIPPED","488.97","store","{""device"":""tablet"",""promo"":""WELCOME10""}","2026-06-21"
"3570","170","2026-06-21 22:02:41.437","DELIVERED","489.10","web","{""device"":""desktop"",""promo"":""SPRING15""}","2026-06-21"
"3571","171","2026-06-21 21:25:41.437","CANCELLED","489.23","app","{""device"":""mobile"",""promo"":""LOYALTY5""}","2026-06-21"
"3572","172","2026-06-21 20:48:41.437","PLACED","489.36","store","{""device"":""tablet"",""promo"":""NONE""}","2026-06-21"
"3573","173","2026-06-21 20:11:41.437","SHIPPED","489.49","web","{""device"":""desktop"",""promo"":""WELCOME10""}","2026-06-21"
"3574","174","2026-06-21 19:34:41.437","DELIVERED","489.62","app","{""device"":""mobile"",""promo"":""SPRING15""}","2026-06-21"
"3575","175","2026-06-21 18:57:41.437","CANCELLED","489.75","store","{""device"":""tablet"",""promo"":""LOYALTY5""}","2026-06-21"
"3576","176","2026-06-21 18:20:41.437","PLACED","489.88","web","{""device"":""desktop"",""promo"":""NONE""}","2026-06-21"
"3577","177","2026-06-21 17:43:41.437","SHIPPED","490.01","app","{""device"":""mobile"",""promo"":""WELCOME10""}","2026-06-21"
"3578","178","2026-06-21 17:06:41.437","DELIVERED","490.14","store","{""device"":""tablet"",""promo"":""SPRING15""}","2026-06-21"
"3579","179","2026-06-21 16:29:41.437","CANCELLED","490.27","web","{""device"":""desktop"",""promo"":""LOYALTY5""}","2026-06-21"
"3580","180","2026-06-21 15:52:41.437","PLACED","490.40","app","{""device"":""mobile"",""promo"":""NONE""}","2026-06-21"
"3581","181","2026-06-21 15:15:41.437","SHIPPED","490.53","store","{""device"":""tablet"",""promo"":""WELCOME10""}","2026-06-21"
"3582","182","2026-06-21 14:38:41.437","DELIVERED","490.66","web","{""device"":""desktop"",""promo"":""SPRING15""}","2026-06-21"
"3583","183","2026-06-21 14:01:41.437","CANCELLED","490.79","app","{""device"":""mobile"",""promo"":""LOYALTY5""}","2026-06-21"
"3584","184","2026-06-21 13:24:41.437","PLACED","490.92","store","{""device"":""tablet"",""promo"":""NONE""}","2026-06-21"
"3585","185","2026-06-21 12:47:41.437","SHIPPED","491.05","web","{""device"":""desktop"",""promo"":""WELCOME10""}","2026-06-21"
"3586","186","2026-06-21 12:10:41.437","DELIVERED","491.18","app","{""device"":""mobile"",""promo"":""SPRING15""}","2026-06-21"
"3587","187","2026-06-21 11:33:41.437","CANCELLED","491.31","store","{""device"":""tablet"",""promo"":""LOYALTY5""}","2026-06-21"
"3588","188","2026-06-21 10:56:41.437","PLACED","491.44","web","{""device"":""desktop"",""promo"":""NONE""}","2026-06-21"
"3589","189","2026-06-21 10:19:41.437","SHIPPED","491.57","app","{""device"":""mobile"",""promo"":""WELCOME10""}","2026-06-21"
"3590","190","2026-06-21 09:42:41.437","DELIVERED","491.70","store","{""device"":""tablet"",""promo"":""SPRING15""}","2026-06-21"
"3591","191","2026-06-21 09:05:41.437","CANCELLED","491.83","web","{""device"":""desktop"",""promo"":""LOYALTY5""}","2026-06-21"
"3592","192","2026-06-21 08:28:41.437","PLACED","491.96","app","{""device"":""mobile"",""promo"":""NONE""}","2026-06-21"
"3593","193","2026-06-21 07:51:41.437","SHIPPED","492.09","store","{""device"":""tablet"",""promo"":""WELCOME10""}","2026-06-21"
"3594","194","2026-06-21 07:14:41.437","DELIVERED","492.22","web","{""device"":""desktop"",""promo"":""SPRING15""}","2026-06-21"
"3595","195","2026-06-21 06:37:41.437","CANCELLED","492.35","app","{""device"":""mobile"",""promo"":""LOYALTY5""}","2026-06-21"
"3596","196","2026-06-21 06:00:41.437","PLACED","492.48","store","{""device"":""tablet"",""promo"":""NONE""}","2026-06-21"
"3597","197","2026-06-21 05:23:41.437","SHIPPED","492.61","web","{""device"":""desktop"",""promo"":""WELCOME10""}","2026-06-21"
"3598","198","2026-06-21 04:46:41.437","DELIVERED","492.74","app","{""device"":""mobile"",""promo"":""SPRING15""}","2026-06-21"
"3599","199","2026-06-21 04:09:41.437","CANCELLED","492.87","store","{""device"":""tablet"",""promo"":""LOYALTY5""}","2026-06-21"
"3600","200","2026-06-21 03:32:41.437","PLACED","493.00","web","{""device"":""desktop"",""promo"":""NONE""}","2026-06-21"
"3601","1","2026-06-21 02:55:41.437","SHIPPED","493.13","app","{""device"":""mobile"",""promo"":""WELCOME10""}","2026-06-21"
"3602","2","2026-06-21 02:18:41.437","DELIVERED","493.26","store","{""device"":""tablet"",""promo"":""SPRING15""}","2026-06-21"
"3603","3","2026-06-21 01:41:41.437","CANCELLED","493.39","web","{""device"":""desktop"",""promo"":""LOYALTY5""}","2026-06-21"
"3604","4","2026-06-21 01:04:41.437","PLACED","493.52","app","{""device"":""mobile"",""promo"":""NONE""}","2026-06-21"
"3605","5","2026-06-21 00:27:41.437","SHIPPED","493.65","store","{""device"":""tablet"",""promo"":""WELCOME10""}","2026-06-21"
"3606","6","2026-06-20 23:50:41.437","DELIVERED","493.78","web","{""device"":""desktop"",""promo"":""SPRING15""}","2026-06-20"
"3607","7","2026-06-20 23:13:41.437","CANCELLED","493.91","app","{""device"":""mobile"",""promo"":""LOYALTY5""}","2026-06-20"
"3608","8","2026-06-20 22:36:41.437","PLACED","494.04","store","{""device"":""tablet"",""promo"":""NONE""}","2026-06-20"
"3609","9","2026-06-20 21:59:41.437","SHIPPED","494.17","web","{""device"":""desktop"",""promo"":""WELCOME10""}","2026-06-20"
"3610","10","2026-06-20 21:22:41.437","DELIVERED","494.30","app","{""device"":""mobile"",""promo"":""SPRING15""}","2026-06-20"
"3611","11","2026-06-20 20:45:41.437","CANCELLED","494.43","store","{""device"":""tablet"",""promo"":""LOYALTY5""}","2026-06-20"
"3612","12","2026-06-20 20:08:41.437","PLACED","494.56","web","{""device"":""desktop"",""promo"":""NONE""}","2026-06-20"
"3613","13","2026-06-20 19:31:41.437","SHIPPED","494.69","app","{""device"":""mobile"",""promo"":""WELCOME10""}","2026-06-20"
"3614","14","2026-06-20 18:54:41.437","DELIVERED","494.82","store","{""device"":""tablet"",""promo"":""SPRING15""}","2026-06-20"
"3615","15","2026-06-20 18:17:41.437","CANCELLED","494.95","web","{""device"":""desktop"",""promo"":""LOYALTY5""}","2026-06-20"
"3616","16","2026-06-20 17:40:41.437","PLACED","495.08","app","{""device"":""mobile"",""promo"":""NONE""}","2026-06-20"
"3617","17","2026-06-20 17:03:41.437","SHIPPED","495.21","store","{""device"":""tablet"",""promo"":""WELCOME10""}","2026-06-20"
"3618","18","2026-06-20 16:26:41.437","DELIVERED","495.34","web","{""device"":""desktop"",""promo"":""SPRING15""}","2026-06-20"
"3619","19","2026-06-20 15:49:41.437","CANCELLED","495.47","app","{""device"":""mobile"",""promo"":""LOYALTY5""}","2026-06-20"
"3620","20","2026-06-20 15:12:41.437","PLACED","495.60","store","{""device"":""tablet"",""promo"":""NONE""}","2026-06-20"
"3621","21","2026-06-20 14:35:41.437","SHIPPED","495.73","web","{""device"":""desktop"",""promo"":""WELCOME10""}","2026-06-20"
"3622","22","2026-06-20 13:58:41.437","DELIVERED","495.86","app","{""device"":""mobile"",""promo"":""SPRING15""}","2026-06-20"
"3623","23","2026-06-20 13:21:41.437","CANCELLED","495.99","store","{""device"":""tablet"",""promo"":""LOYALTY5""}","2026-06-20"
"3624","24","2026-06-20 12:44:41.437","PLACED","496.12","web","{""device"":""desktop"",""promo"":""NONE""}","2026-06-20"
"3625","25","2026-06-20 12:07:41.437","SHIPPED","496.25","app","{""device"":""mobile"",""promo"":""WELCOME10""}","2026-06-20"
"3626","26","2026-06-20 11:30:41.437","DELIVERED","496.38","store","{""device"":""tablet"",""promo"":""SPRING15""}","2026-06-20"
"3627","27","2026-06-20 10:53:41.437","CANCELLED","496.51","web","{""device"":""desktop"",""promo"":""LOYALTY5""}","2026-06-20"
"3628","28","2026-06-20 10:16:41.437","PLACED","496.64","app","{""device"":""mobile"",""promo"":""NONE""}","2026-06-20"
"3629","29","2026-06-20 09:39:41.437","SHIPPED","496.77","store","{""device"":""tablet"",""promo"":""WELCOME10""}","2026-06-20"
"3630","30","2026-06-20 09:02:41.437","DELIVERED","496.90","web","{""device"":""desktop"",""promo"":""SPRING15""}","2026-06-20"
"3631","31","2026-06-20 08:25:41.437","CANCELLED","497.03","app","{""device"":""mobile"",""promo"":""LOYALTY5""}","2026-06-20"
"3632","32","2026-06-20 07:48:41.437","PLACED","497.16","store","{""device"":""tablet"",""promo"":""NONE""}","2026-06-20"
"3633","33","2026-06-20 07:11:41.437","SHIPPED","497.29","web","{""device"":""desktop"",""promo"":""WELCOME10""}","2026-06-20"
"3634","34","2026-06-20 06:34:41.437","DELIVERED","497.42","app","{""device"":""mobile"",""promo"":""SPRING15""}","2026-06-20"
"3635","35","2026-06-20 05:57:41.437","CANCELLED","497.55","store","{""device"":""tablet"",""promo"":""LOYALTY5""}","2026-06-20"
"3636","36","2026-06-20 05:20:41.437","PLACED","497.68","web","{""device"":""desktop"",""promo"":""NONE""}","2026-06-20"
"3637","37","2026-06-20 04:43:41.437","SHIPPED","497.81","app","{""device"":""mobile"",""promo"":""WELCOME10""}","2026-06-20"
"3638","38","2026-06-20 04:06:41.437","DELIVERED","497.94","store","{""device"":""tablet"",""promo"":""SPRING15""}","2026-06-20"
"3639","39","2026-06-20 03:29:41.437","CANCELLED","498.07","web","{""device"":""desktop"",""promo"":""LOYALTY5""}","2026-06-20"
"3640","40","2026-06-20 02:52:41.437","PLACED","498.20","app","{""device"":""mobile"",""promo"":""NONE""}","2026-06-20"
"3641","41","2026-06-20 02:15:41.437","SHIPPED","498.33","store","{""device"":""tablet"",""promo"":""WELCOME10""}","2026-06-20"
"3642","42","2026-06-20 01:38:41.437","DELIVERED","498.46","web","{""device"":""desktop"",""promo"":""SPRING15""}","2026-06-20"
"3643","43","2026-06-20 01:01:41.437","CANCELLED","498.59","app","{""device"":""mobile"",""promo"":""LOYALTY5""}","2026-06-20"
"3644","44","2026-06-20 00:24:41.437","PLACED","498.72","store","{""device"":""tablet"",""promo"":""NONE""}","2026-06-20"
"3645","45","2026-06-19 23:47:41.437","SHIPPED","498.85","web","{""device"":""desktop"",""promo"":""WELCOME10""}","2026-06-19"
"3646","46","2026-06-19 23:10:41.437","DELIVERED","498.98","app","{""device"":""mobile"",""promo"":""SPRING15""}","2026-06-19"
"3647","47","2026-06-19 22:33:41.437","CANCELLED","499.11","store","{""device"":""tablet"",""promo"":""LOYALTY5""}","2026-06-19"
"3648","48","2026-06-19 21:56:41.437","PLACED","499.24","web","{""device"":""desktop"",""promo"":""NONE""}","2026-06-19"
"3649","49","2026-06-19 21:19:41.437","SHIPPED","499.37","app","{""device"":""mobile"",""promo"":""WELCOME10""}","2026-06-19"
"3650","50","2026-06-19 20:42:41.437","DELIVERED","499.50","store","{""device"":""tablet"",""promo"":""SPRING15""}","2026-06-19"
"3651","51","2026-06-19 20:05:41.437","CANCELLED","499.63","web","{""device"":""desktop"",""promo"":""LOYALTY5""}","2026-06-19"
"3652","52","2026-06-19 19:28:41.437","PLACED","499.76","app","{""device"":""mobile"",""promo"":""NONE""}","2026-06-19"
"3653","53","2026-06-19 18:51:41.437","SHIPPED","499.89","store","{""device"":""tablet"",""promo"":""WELCOME10""}","2026-06-19"
"3654","54","2026-06-19 18:14:41.437","DELIVERED","500.02","web","{""device"":""desktop"",""promo"":""SPRING15""}","2026-06-19"
"3655","55","2026-06-19 17:37:41.437","CANCELLED","500.15","app","{""device"":""mobile"",""promo"":""LOYALTY5""}","2026-06-19"
"3656","56","2026-06-19 17:00:41.437","PLACED","500.28","store","{""device"":""tablet"",""promo"":""NONE""}","2026-06-19"
"3657","57","2026-06-19 16:23:41.437","SHIPPED","500.41","web","{""device"":""desktop"",""promo"":""WELCOME10""}","2026-06-19"
"3658","58","2026-06-19 15:46:41.437","DELIVERED","500.54","app","{""device"":""mobile"",""promo"":""SPRING15""}","2026-06-19"
"3659","59","2026-06-19 15:09:41.437","CANCELLED","500.67","store","{""device"":""tablet"",""promo"":""LOYALTY5""}","2026-06-19"
"3660","60","2026-06-19 14:32:41.437","PLACED","500.80","web","{""device"":""desktop"",""promo"":""NONE""}","2026-06-19"
"3661","61","2026-06-19 13:55:41.437","SHIPPED","500.93","app","{""device"":""mobile"",""promo"":""WELCOME10""}","2026-06-19"
"3662","62","2026-06-19 13:18:41.437","DELIVERED","501.06","store","{""device"":""tablet"",""promo"":""SPRING15""}","2026-06-19"
"3663","63","2026-06-19 12:41:41.437","CANCELLED","501.19","web","{""device"":""desktop"",""promo"":""LOYALTY5""}","2026-06-19"
"3664","64","2026-06-19 12:04:41.437","PLACED","501.32","app","{""device"":""mobile"",""promo"":""NONE""}","2026-06-19"
"3665","65","2026-06-19 11:27:41.437","SHIPPED","501.45","store","{""device"":""tablet"",""promo"":""WELCOME10""}","2026-06-19"
"3666","66","2026-06-19 10:50:41.437","DELIVERED","501.58","web","{""device"":""desktop"",""promo"":""SPRING15""}","2026-06-19"
"3667","67","2026-06-19 10:13:41.437","CANCELLED","501.71","app","{""device"":""mobile"",""promo"":""LOYALTY5""}","2026-06-19"
"3668","68","2026-06-19 09:36:41.437","PLACED","501.84","store","{""device"":""tablet"",""promo"":""NONE""}","2026-06-19"
"3669","69","2026-06-19 08:59:41.437","SHIPPED","501.97","web","{""device"":""desktop"",""promo"":""WELCOME10""}","2026-06-19"
"3670","70","2026-06-19 08:22:41.437","DELIVERED","502.10","app","{""device"":""mobile"",""promo"":""SPRING15""}","2026-06-19"
"3671","71","2026-06-19 07:45:41.437","CANCELLED","502.23","store","{""device"":""tablet"",""promo"":""LOYALTY5""}","2026-06-19"
"3672","72","2026-06-19 07:08:41.437","PLACED","502.36","web","{""device"":""desktop"",""promo"":""NONE""}","2026-06-19"
"3673","73","2026-06-19 06:31:41.437","SHIPPED","502.49","app","{""device"":""mobile"",""promo"":""WELCOME10""}","2026-06-19"
"3674","74","2026-06-19 05:54:41.437","DELIVERED","502.62","store","{""device"":""tablet"",""promo"":""SPRING15""}","2026-06-19"
"3675","75","2026-06-19 05:17:41.437","CANCELLED","502.75","web","{""device"":""desktop"",""promo"":""LOYALTY5""}","2026-06-19"
"3676","76","2026-06-19 04:40:41.437","PLACED","502.88","app","{""device"":""mobile"",""promo"":""NONE""}","2026-06-19"
"3677","77","2026-06-19 04:03:41.437","SHIPPED","503.01","store","{""device"":""tablet"",""promo"":""WELCOME10""}","2026-06-19"
"3678","78","2026-06-19 03:26:41.437","DELIVERED","503.14","web","{""device"":""desktop"",""promo"":""SPRING15""}","2026-06-19"
"3679","79","2026-06-19 02:49:41.437","CANCELLED","503.27","app","{""device"":""mobile"",""promo"":""LOYALTY5""}","2026-06-19"
"3680","80","2026-06-19 02:12:41.437","PLACED","503.40","store","{""device"":""tablet"",""promo"":""NONE""}","2026-06-19"
"3681","81","2026-06-19 01:35:41.437","SHIPPED","503.53","web","{""device"":""desktop"",""promo"":""WELCOME10""}","2026-06-19"
"3682","82","2026-06-19 00:58:41.437","DELIVERED","503.66","app","{""device"":""mobile"",""promo"":""SPRING15""}","2026-06-19"
"3683","83","2026-06-19 00:21:41.437","CANCELLED","503.79","store","{""device"":""tablet"",""promo"":""LOYALTY5""}","2026-06-19"
"3684","84","2026-06-18 23:44:41.437","PLACED","503.92","web","{""device"":""desktop"",""promo"":""NONE""}","2026-06-18"
"3685","85","2026-06-18 23:07:41.437","SHIPPED","504.05","app","{""device"":""mobile"",""promo"":""WELCOME10""}","2026-06-18"
"3686","86","2026-06-18 22:30:41.437","DELIVERED","504.18","store","{""device"":""tablet"",""promo"":""SPRING15""}","2026-06-18"
"3687","87","2026-06-18 21:53:41.437","CANCELLED","504.31","web","{""device"":""desktop"",""promo"":""LOYALTY5""}","2026-06-18"
"3688","88","2026-06-18 21:16:41.437","PLACED","504.44","app","{""device"":""mobile"",""promo"":""NONE""}","2026-06-18"
"3689","89","2026-06-18 20:39:41.437","SHIPPED","504.57","store","{""device"":""tablet"",""promo"":""WELCOME10""}","2026-06-18"
"3690","90","2026-06-18 20:02:41.437","DELIVERED","504.70","web","{""device"":""desktop"",""promo"":""SPRING15""}","2026-06-18"
"3691","91","2026-06-18 19:25:41.437","CANCELLED","504.83","app","{""device"":""mobile"",""promo"":""LOYALTY5""}","2026-06-18"
"3692","92","2026-06-18 18:48:41.437","PLACED","504.96","store","{""device"":""tablet"",""promo"":""NONE""}","2026-06-18"
"3693","93","2026-06-18 18:11:41.437","SHIPPED","505.09","web","{""device"":""desktop"",""promo"":""WELCOME10""}","2026-06-18"
"3694","94","2026-06-18 17:34:41.437","DELIVERED","505.22","app","{""device"":""mobile"",""promo"":""SPRING15""}","2026-06-18"
"3695","95","2026-06-18 16:57:41.437","CANCELLED","505.35","store","{""device"":""tablet"",""promo"":""LOYALTY5""}","2026-06-18"
"3696","96","2026-06-18 16:20:41.437","PLACED","505.48","web","{""device"":""desktop"",""promo"":""NONE""}","2026-06-18"
"3697","97","2026-06-18 15:43:41.437","SHIPPED","505.61","app","{""device"":""mobile"",""promo"":""WELCOME10""}","2026-06-18"
"3698","98","2026-06-18 15:06:41.437","DELIVERED","505.74","store","{""device"":""tablet"",""promo"":""SPRING15""}","2026-06-18"
"3699","99","2026-06-18 14:29:41.437","CANCELLED","505.87","web","{""device"":""desktop"",""promo"":""LOYALTY5""}","2026-06-18"
"3700","100","2026-06-18 13:52:41.437","PLACED","506.00","app","{""device"":""mobile"",""promo"":""NONE""}","2026-06-18"
"3701","101","2026-06-18 13:15:41.437","SHIPPED","506.13","store","{""device"":""tablet"",""promo"":""WELCOME10""}","2026-06-18"
"3702","102","2026-06-18 12:38:41.437","DELIVERED","506.26","web","{""device"":""desktop"",""promo"":""SPRING15""}","2026-06-18"
"3703","103","2026-06-18 12:01:41.437","CANCELLED","506.39","app","{""device"":""mobile"",""promo"":""LOYALTY5""}","2026-06-18"
"3704","104","2026-06-18 11:24:41.437","PLACED","506.52","store","{""device"":""tablet"",""promo"":""NONE""}","2026-06-18"
"3705","105","2026-06-18 10:47:41.437","SHIPPED","506.65","web","{""device"":""desktop"",""promo"":""WELCOME10""}","2026-06-18"
"3706","106","2026-06-18 10:10:41.437","DELIVERED","506.78","app","{""device"":""mobile"",""promo"":""SPRING15""}","2026-06-18"
"3707","107","2026-06-18 09:33:41.437","CANCELLED","506.91","store","{""device"":""tablet"",""promo"":""LOYALTY5""}","2026-06-18"
"3708","108","2026-06-18 08:56:41.437","PLACED","507.04","web","{""device"":""desktop"",""promo"":""NONE""}","2026-06-18"
"3709","109","2026-06-18 08:19:41.437","SHIPPED","507.17","app","{""device"":""mobile"",""promo"":""WELCOME10""}","2026-06-18"
"3710","110","2026-06-18 07:42:41.437","DELIVERED","507.30","store","{""device"":""tablet"",""promo"":""SPRING15""}","2026-06-18"
"3711","111","2026-06-18 07:05:41.437","CANCELLED","507.43","web","{""device"":""desktop"",""promo"":""LOYALTY5""}","2026-06-18"
"3712","112","2026-06-18 06:28:41.437","PLACED","507.56","app","{""device"":""mobile"",""promo"":""NONE""}","2026-06-18"
"3713","113","2026-06-18 05:51:41.437","SHIPPED","507.69","store","{""device"":""tablet"",""promo"":""WELCOME10""}","2026-06-18"
"3714","114","2026-06-18 05:14:41.437","DELIVERED","507.82","web","{""device"":""desktop"",""promo"":""SPRING15""}","2026-06-18"
"3715","115","2026-06-18 04:37:41.437","CANCELLED","507.95","app","{""device"":""mobile"",""promo"":""LOYALTY5""}","2026-06-18"
"3716","116","2026-06-18 04:00:41.437","PLACED","508.08","store","{""device"":""tablet"",""promo"":""NONE""}","2026-06-18"
"3717","117","2026-06-18 03:23:41.437","SHIPPED","508.21","web","{""device"":""desktop"",""promo"":""WELCOME10""}","2026-06-18"
"3718","118","2026-06-18 02:46:41.437","DELIVERED","508.34","app","{""device"":""mobile"",""promo"":""SPRING15""}","2026-06-18"
"3719","119","2026-06-18 02:09:41.437","CANCELLED","508.47","store","{""device"":""tablet"",""promo"":""LOYALTY5""}","2026-06-18"
"3720","120","2026-06-18 01:32:41.437","PLACED","508.60","web","{""device"":""desktop"",""promo"":""NONE""}","2026-06-18"
"3721","121","2026-06-18 00:55:41.437","SHIPPED","508.73","app","{""device"":""mobile"",""promo"":""WELCOME10""}","2026-06-18"
"3722","122","2026-06-18 00:18:41.437","DELIVERED","508.86","store","{""device"":""tablet"",""promo"":""SPRING15""}","2026-06-18"
"3723","123","2026-06-17 23:41:41.437","CANCELLED","508.99","web","{""device"":""desktop"",""promo"":""LOYALTY5""}","2026-06-17"
"3724","124","2026-06-17 23:04:41.437","PLACED","509.12","app","{""device"":""mobile"",""promo"":""NONE""}","2026-06-17"
"3725","125","2026-06-17 22:27:41.437","SHIPPED","509.25","store","{""device"":""tablet"",""promo"":""WELCOME10""}","2026-06-17"
"3726","126","2026-06-17 21:50:41.437","DELIVERED","509.38","web","{""device"":""desktop"",""promo"":""SPRING15""}","2026-06-17"
"3727","127","2026-06-17 21:13:41.437","CANCELLED","509.51","app","{""device"":""mobile"",""promo"":""LOYALTY5""}","2026-06-17"
"3728","128","2026-06-17 20:36:41.437","PLACED","509.64","store","{""device"":""tablet"",""promo"":""NONE""}","2026-06-17"
"3729","129","2026-06-17 19:59:41.437","SHIPPED","509.77","web","{""device"":""desktop"",""promo"":""WELCOME10""}","2026-06-17"
"3730","130","2026-06-17 19:22:41.437","DELIVERED","509.90","app","{""device"":""mobile"",""promo"":""SPRING15""}","2026-06-17"
"3731","131","2026-06-17 18:45:41.437","CANCELLED","510.03","store","{""device"":""tablet"",""promo"":""LOYALTY5""}","2026-06-17"
"3732","132","2026-06-17 18:08:41.437","PLACED","510.16","web","{""device"":""desktop"",""promo"":""NONE""}","2026-06-17"
"3733","133","2026-06-17 17:31:41.437","SHIPPED","510.29","app","{""device"":""mobile"",""promo"":""WELCOME10""}","2026-06-17"
"3734","134","2026-06-17 16:54:41.437","DELIVERED","510.42","store","{""device"":""tablet"",""promo"":""SPRING15""}","2026-06-17"
"3735","135","2026-06-17 16:17:41.437","CANCELLED","510.55","web","{""device"":""desktop"",""promo"":""LOYALTY5""}","2026-06-17"
"3736","136","2026-06-17 15:40:41.437","PLACED","510.68","app","{""device"":""mobile"",""promo"":""NONE""}","2026-06-17"
"3737","137","2026-06-17 15:03:41.437","SHIPPED","510.81","store","{""device"":""tablet"",""promo"":""WELCOME10""}","2026-06-17"
"3738","138","2026-06-17 14:26:41.437","DELIVERED","510.94","web","{""device"":""desktop"",""promo"":""SPRING15""}","2026-06-17"
"3739","139","2026-06-17 13:49:41.437","CANCELLED","511.07","app","{""device"":""mobile"",""promo"":""LOYALTY5""}","2026-06-17"
"3740","140","2026-06-17 13:12:41.437","PLACED","511.20","store","{""device"":""tablet"",""promo"":""NONE""}","2026-06-17"
"3741","141","2026-06-17 12:35:41.437","SHIPPED","511.33","web","{""device"":""desktop"",""promo"":""WELCOME10""}","2026-06-17"
"3742","142","2026-06-17 11:58:41.437","DELIVERED","511.46","app","{""device"":""mobile"",""promo"":""SPRING15""}","2026-06-17"
"3743","143","2026-06-17 11:21:41.437","CANCELLED","511.59","store","{""device"":""tablet"",""promo"":""LOYALTY5""}","2026-06-17"
"3744","144","2026-06-17 10:44:41.437","PLACED","511.72","web","{""device"":""desktop"",""promo"":""NONE""}","2026-06-17"
"3745","145","2026-06-17 10:07:41.437","SHIPPED","511.85","app","{""device"":""mobile"",""promo"":""WELCOME10""}","2026-06-17"
"3746","146","2026-06-17 09:30:41.437","DELIVERED","511.98","store","{""device"":""tablet"",""promo"":""SPRING15""}","2026-06-17"
"3747","147","2026-06-17 08:53:41.437","CANCELLED","512.11","web","{""device"":""desktop"",""promo"":""LOYALTY5""}","2026-06-17"
"3748","148","2026-06-17 08:16:41.437","PLACED","512.24","app","{""device"":""mobile"",""promo"":""NONE""}","2026-06-17"
"3749","149","2026-06-17 07:39:41.437","SHIPPED","512.37","store","{""device"":""tablet"",""promo"":""WELCOME10""}","2026-06-17"
"3750","150","2026-06-17 07:02:41.437","DELIVERED","512.50","web","{""device"":""desktop"",""promo"":""SPRING15""}","2026-06-17"
"3751","151","2026-06-17 06:25:41.437","CANCELLED","512.63","app","{""device"":""mobile"",""promo"":""LOYALTY5""}","2026-06-17"
"3752","152","2026-06-17 05:48:41.437","PLACED","512.76","store","{""device"":""tablet"",""promo"":""NONE""}","2026-06-17"
"3753","153","2026-06-17 05:11:41.437","SHIPPED","512.89","web","{""device"":""desktop"",""promo"":""WELCOME10""}","2026-06-17"
"3754","154","2026-06-17 04:34:41.437","DELIVERED","513.02","app","{""device"":""mobile"",""promo"":""SPRING15""}","2026-06-17"
"3755","155","2026-06-17 03:57:41.437","CANCELLED","513.15","store","{""device"":""tablet"",""promo"":""LOYALTY5""}","2026-06-17"
"3756","156","2026-06-17 03:20:41.437","PLACED","513.28","web","{""device"":""desktop"",""promo"":""NONE""}","2026-06-17"
"3757","157","2026-06-17 02:43:41.437","SHIPPED","513.41","app","{""device"":""mobile"",""promo"":""WELCOME10""}","2026-06-17"
"3758","158","2026-06-17 02:06:41.437","DELIVERED","513.54","store","{""device"":""tablet"",""promo"":""SPRING15""}","2026-06-17"
"3759","159","2026-06-17 01:29:41.437","CANCELLED","513.67","web","{""device"":""desktop"",""promo"":""LOYALTY5""}","2026-06-17"
"3760","160","2026-06-17 00:52:41.437","PLACED","513.80","app","{""device"":""mobile"",""promo"":""NONE""}","2026-06-17"
"3761","161","2026-06-17 00:15:41.437","SHIPPED","513.93","store","{""device"":""tablet"",""promo"":""WELCOME10""}","2026-06-17"
"3762","162","2026-06-16 23:38:41.437","DELIVERED","514.06","web","{""device"":""desktop"",""promo"":""SPRING15""}","2026-06-16"
"3763","163","2026-06-16 23:01:41.437","CANCELLED","514.19","app","{""device"":""mobile"",""promo"":""LOYALTY5""}","2026-06-16"
"3764","164","2026-06-16 22:24:41.437","PLACED","514.32","store","{""device"":""tablet"",""promo"":""NONE""}","2026-06-16"
"3765","165","2026-06-16 21:47:41.437","SHIPPED","514.45","web","{""device"":""desktop"",""promo"":""WELCOME10""}","2026-06-16"
"3766","166","2026-06-16 21:10:41.437","DELIVERED","514.58","app","{""device"":""mobile"",""promo"":""SPRING15""}","2026-06-16"
"3767","167","2026-06-16 20:33:41.437","CANCELLED","514.71","store","{""device"":""tablet"",""promo"":""LOYALTY5""}","2026-06-16"
"3768","168","2026-06-16 19:56:41.437","PLACED","514.84","web","{""device"":""desktop"",""promo"":""NONE""}","2026-06-16"
"3769","169","2026-06-16 19:19:41.437","SHIPPED","514.97","app","{""device"":""mobile"",""promo"":""WELCOME10""}","2026-06-16"
"3770","170","2026-06-16 18:42:41.437","DELIVERED","515.10","store","{""device"":""tablet"",""promo"":""SPRING15""}","2026-06-16"
"3771","171","2026-06-16 18:05:41.437","CANCELLED","515.23","web","{""device"":""desktop"",""promo"":""LOYALTY5""}","2026-06-16"
"3772","172","2026-06-16 17:28:41.437","PLACED","515.36","app","{""device"":""mobile"",""promo"":""NONE""}","2026-06-16"
"3773","173","2026-06-16 16:51:41.437","SHIPPED","515.49","store","{""device"":""tablet"",""promo"":""WELCOME10""}","2026-06-16"
"3774","174","2026-06-16 16:14:41.437","DELIVERED","515.62","web","{""device"":""desktop"",""promo"":""SPRING15""}","2026-06-16"
"3775","175","2026-06-16 15:37:41.437","CANCELLED","515.75","app","{""device"":""mobile"",""promo"":""LOYALTY5""}","2026-06-16"
"3776","176","2026-06-16 15:00:41.437","PLACED","515.88","store","{""device"":""tablet"",""promo"":""NONE""}","2026-06-16"
"3777","177","2026-06-16 14:23:41.437","SHIPPED","516.01","web","{""device"":""desktop"",""promo"":""WELCOME10""}","2026-06-16"
"3778","178","2026-06-16 13:46:41.437","DELIVERED","516.14","app","{""device"":""mobile"",""promo"":""SPRING15""}","2026-06-16"
"3779","179","2026-06-16 13:09:41.437","CANCELLED","516.27","store","{""device"":""tablet"",""promo"":""LOYALTY5""}","2026-06-16"
"3780","180","2026-06-16 12:32:41.437","PLACED","516.40","web","{""device"":""desktop"",""promo"":""NONE""}","2026-06-16"
"3781","181","2026-06-16 11:55:41.437","SHIPPED","516.53","app","{""device"":""mobile"",""promo"":""WELCOME10""}","2026-06-16"
"3782","182","2026-06-16 11:18:41.437","DELIVERED","516.66","store","{""device"":""tablet"",""promo"":""SPRING15""}","2026-06-16"
"3783","183","2026-06-16 10:41:41.437","CANCELLED","516.79","web","{""device"":""desktop"",""promo"":""LOYALTY5""}","2026-06-16"
"3784","184","2026-06-16 10:04:41.437","PLACED","516.92","app","{""device"":""mobile"",""promo"":""NONE""}","2026-06-16"
"3785","185","2026-06-16 09:27:41.437","SHIPPED","517.05","store","{""device"":""tablet"",""promo"":""WELCOME10""}","2026-06-16"
"3786","186","2026-06-16 08:50:41.437","DELIVERED","517.18","web","{""device"":""desktop"",""promo"":""SPRING15""}","2026-06-16"
"3787","187","2026-06-16 08:13:41.437","CANCELLED","517.31","app","{""device"":""mobile"",""promo"":""LOYALTY5""}","2026-06-16"
"3788","188","2026-06-16 07:36:41.437","PLACED","517.44","store","{""device"":""tablet"",""promo"":""NONE""}","2026-06-16"
"3789","189","2026-06-16 06:59:41.437","SHIPPED","517.57","web","{""device"":""desktop"",""promo"":""WELCOME10""}","2026-06-16"
"3790","190","2026-06-16 06:22:41.437","DELIVERED","517.70","app","{""device"":""mobile"",""promo"":""SPRING15""}","2026-06-16"
"3791","191","2026-06-16 05:45:41.437","CANCELLED","517.83","store","{""device"":""tablet"",""promo"":""LOYALTY5""}","2026-06-16"
"3792","192","2026-06-16 05:08:41.437","PLACED","517.96","web","{""device"":""desktop"",""promo"":""NONE""}","2026-06-16"
"3793","193","2026-06-16 04:31:41.437","SHIPPED","518.09","app","{""device"":""mobile"",""promo"":""WELCOME10""}","2026-06-16"
"3794","194","2026-06-16 03:54:41.437","DELIVERED","518.22","store","{""device"":""tablet"",""promo"":""SPRING15""}","2026-06-16"
"3795","195","2026-06-16 03:17:41.437","CANCELLED","518.35","web","{""device"":""desktop"",""promo"":""LOYALTY5""}","2026-06-16"
"3796","196","2026-06-16 02:40:41.437","PLACED","518.48","app","{""device"":""mobile"",""promo"":""NONE""}","2026-06-16"
"3797","197","2026-06-16 02:03:41.437","SHIPPED","518.61","store","{""device"":""tablet"",""promo"":""WELCOME10""}","2026-06-16"
"3798","198","2026-06-16 01:26:41.437","DELIVERED","518.74","web","{""device"":""desktop"",""promo"":""SPRING15""}","2026-06-16"
"3799","199","2026-06-16 00:49:41.437","CANCELLED","518.87","app","{""device"":""mobile"",""promo"":""LOYALTY5""}","2026-06-16"
"3800","200","2026-06-16 00:12:41.437","PLACED","519.00","store","{""device"":""tablet"",""promo"":""NONE""}","2026-06-16"
"3801","1","2026-06-15 23:35:41.437","SHIPPED","519.13","web","{""device"":""desktop"",""promo"":""WELCOME10""}","2026-06-15"
"3802","2","2026-06-15 22:58:41.437","DELIVERED","519.26","app","{""device"":""mobile"",""promo"":""SPRING15""}","2026-06-15"
"3803","3","2026-06-15 22:21:41.437","CANCELLED","519.39","store","{""device"":""tablet"",""promo"":""LOYALTY5""}","2026-06-15"
"3804","4","2026-06-15 21:44:41.437","PLACED","519.52","web","{""device"":""desktop"",""promo"":""NONE""}","2026-06-15"
"3805","5","2026-06-15 21:07:41.437","SHIPPED","519.65","app","{""device"":""mobile"",""promo"":""WELCOME10""}","2026-06-15"
"3806","6","2026-06-15 20:30:41.437","DELIVERED","519.78","store","{""device"":""tablet"",""promo"":""SPRING15""}","2026-06-15"
"3807","7","2026-06-15 19:53:41.437","CANCELLED","519.91","web","{""device"":""desktop"",""promo"":""LOYALTY5""}","2026-06-15"
"3808","8","2026-06-15 19:16:41.437","PLACED","520.04","app","{""device"":""mobile"",""promo"":""NONE""}","2026-06-15"
"3809","9","2026-06-15 18:39:41.437","SHIPPED","520.17","store","{""device"":""tablet"",""promo"":""WELCOME10""}","2026-06-15"
"3810","10","2026-06-15 18:02:41.437","DELIVERED","520.30","web","{""device"":""desktop"",""promo"":""SPRING15""}","2026-06-15"
"3811","11","2026-06-15 17:25:41.437","CANCELLED","520.43","app","{""device"":""mobile"",""promo"":""LOYALTY5""}","2026-06-15"
"3812","12","2026-06-15 16:48:41.437","PLACED","520.56","store","{""device"":""tablet"",""promo"":""NONE""}","2026-06-15"
"3813","13","2026-06-15 16:11:41.437","SHIPPED","520.69","web","{""device"":""desktop"",""promo"":""WELCOME10""}","2026-06-15"
"3814","14","2026-06-15 15:34:41.437","DELIVERED","520.82","app","{""device"":""mobile"",""promo"":""SPRING15""}","2026-06-15"
"3815","15","2026-06-15 14:57:41.437","CANCELLED","520.95","store","{""device"":""tablet"",""promo"":""LOYALTY5""}","2026-06-15"
"3816","16","2026-06-15 14:20:41.437","PLACED","521.08","web","{""device"":""desktop"",""promo"":""NONE""}","2026-06-15"
"3817","17","2026-06-15 13:43:41.437","SHIPPED","521.21","app","{""device"":""mobile"",""promo"":""WELCOME10""}","2026-06-15"
"3818","18","2026-06-15 13:06:41.437","DELIVERED","521.34","store","{""device"":""tablet"",""promo"":""SPRING15""}","2026-06-15"
"3819","19","2026-06-15 12:29:41.437","CANCELLED","521.47","web","{""device"":""desktop"",""promo"":""LOYALTY5""}","2026-06-15"
"3820","20","2026-06-15 11:52:41.437","PLACED","521.60","app","{""device"":""mobile"",""promo"":""NONE""}","2026-06-15"
"3821","21","2026-06-15 11:15:41.437","SHIPPED","521.73","store","{""device"":""tablet"",""promo"":""WELCOME10""}","2026-06-15"
"3822","22","2026-06-15 10:38:41.437","DELIVERED","521.86","web","{""device"":""desktop"",""promo"":""SPRING15""}","2026-06-15"
"3823","23","2026-06-15 10:01:41.437","CANCELLED","521.99","app","{""device"":""mobile"",""promo"":""LOYALTY5""}","2026-06-15"
"3824","24","2026-06-15 09:24:41.437","PLACED","522.12","store","{""device"":""tablet"",""promo"":""NONE""}","2026-06-15"
"3825","25","2026-06-15 08:47:41.437","SHIPPED","522.25","web","{""device"":""desktop"",""promo"":""WELCOME10""}","2026-06-15"
"3826","26","2026-06-15 08:10:41.437","DELIVERED","522.38","app","{""device"":""mobile"",""promo"":""SPRING15""}","2026-06-15"
"3827","27","2026-06-15 07:33:41.437","CANCELLED","522.51","store","{""device"":""tablet"",""promo"":""LOYALTY5""}","2026-06-15"
"3828","28","2026-06-15 06:56:41.437","PLACED","522.64","web","{""device"":""desktop"",""promo"":""NONE""}","2026-06-15"
"3829","29","2026-06-15 06:19:41.437","SHIPPED","522.77","app","{""device"":""mobile"",""promo"":""WELCOME10""}","2026-06-15"
"3830","30","2026-06-15 05:42:41.437","DELIVERED","522.90","store","{""device"":""tablet"",""promo"":""SPRING15""}","2026-06-15"
"3831","31","2026-06-15 05:05:41.437","CANCELLED","523.03","web","{""device"":""desktop"",""promo"":""LOYALTY5""}","2026-06-15"
"3832","32","2026-06-15 04:28:41.437","PLACED","523.16","app","{""device"":""mobile"",""promo"":""NONE""}","2026-06-15"
"3833","33","2026-06-15 03:51:41.437","SHIPPED","523.29","store","{""device"":""tablet"",""promo"":""WELCOME10""}","2026-06-15"
"3834","34","2026-06-15 03:14:41.437","DELIVERED","523.42","web","{""device"":""desktop"",""promo"":""SPRING15""}","2026-06-15"
"3835","35","2026-06-15 02:37:41.437","CANCELLED","523.55","app","{""device"":""mobile"",""promo"":""LOYALTY5""}","2026-06-15"
"3836","36","2026-06-15 02:00:41.437","PLACED","523.68","store","{""device"":""tablet"",""promo"":""NONE""}","2026-06-15"
"3837","37","2026-06-15 01:23:41.437","SHIPPED","523.81","web","{""device"":""desktop"",""promo"":""WELCOME10""}","2026-06-15"
"3838","38","2026-06-15 00:46:41.437","DELIVERED","523.94","app","{""device"":""mobile"",""promo"":""SPRING15""}","2026-06-15"
"3839","39","2026-06-15 00:09:41.437","CANCELLED","524.07","store","{""device"":""tablet"",""promo"":""LOYALTY5""}","2026-06-15"
"3840","40","2026-06-14 23:32:41.437","PLACED","524.20","web","{""device"":""desktop"",""promo"":""NONE""}","2026-06-14"
"3841","41","2026-06-14 22:55:41.437","SHIPPED","524.33","app","{""device"":""mobile"",""promo"":""WELCOME10""}","2026-06-14"
"3842","42","2026-06-14 22:18:41.437","DELIVERED","524.46","store","{""device"":""tablet"",""promo"":""SPRING15""}","2026-06-14"
"3843","43","2026-06-14 21:41:41.437","CANCELLED","524.59","web","{""device"":""desktop"",""promo"":""LOYALTY5""}","2026-06-14"
"3844","44","2026-06-14 21:04:41.437","PLACED","524.72","app","{""device"":""mobile"",""promo"":""NONE""}","2026-06-14"
"3845","45","2026-06-14 20:27:41.437","SHIPPED","524.85","store","{""device"":""tablet"",""promo"":""WELCOME10""}","2026-06-14"
"3846","46","2026-06-14 19:50:41.437","DELIVERED","524.98","web","{""device"":""desktop"",""promo"":""SPRING15""}","2026-06-14"
"3847","47","2026-06-14 19:13:41.437","CANCELLED","525.11","app","{""device"":""mobile"",""promo"":""LOYALTY5""}","2026-06-14"
"3848","48","2026-06-14 18:36:41.437","PLACED","525.24","store","{""device"":""tablet"",""promo"":""NONE""}","2026-06-14"
"3849","49","2026-06-14 17:59:41.437","SHIPPED","525.37","web","{""device"":""desktop"",""promo"":""WELCOME10""}","2026-06-14"
"3850","50","2026-06-14 17:22:41.437","DELIVERED","525.50","app","{""device"":""mobile"",""promo"":""SPRING15""}","2026-06-14"
"3851","51","2026-06-14 16:45:41.437","CANCELLED","525.63","store","{""device"":""tablet"",""promo"":""LOYALTY5""}","2026-06-14"
"3852","52","2026-06-14 16:08:41.437","PLACED","525.76","web","{""device"":""desktop"",""promo"":""NONE""}","2026-06-14"
"3853","53","2026-06-14 15:31:41.437","SHIPPED","525.89","app","{""device"":""mobile"",""promo"":""WELCOME10""}","2026-06-14"
"3854","54","2026-06-14 14:54:41.437","DELIVERED","526.02","store","{""device"":""tablet"",""promo"":""SPRING15""}","2026-06-14"
"3855","55","2026-06-14 14:17:41.437","CANCELLED","526.15","web","{""device"":""desktop"",""promo"":""LOYALTY5""}","2026-06-14"
"3856","56","2026-06-14 13:40:41.437","PLACED","526.28","app","{""device"":""mobile"",""promo"":""NONE""}","2026-06-14"
"3857","57","2026-06-14 13:03:41.437","SHIPPED","526.41","store","{""device"":""tablet"",""promo"":""WELCOME10""}","2026-06-14"
"3858","58","2026-06-14 12:26:41.437","DELIVERED","526.54","web","{""device"":""desktop"",""promo"":""SPRING15""}","2026-06-14"
"3859","59","2026-06-14 11:49:41.437","CANCELLED","526.67","app","{""device"":""mobile"",""promo"":""LOYALTY5""}","2026-06-14"
"3860","60","2026-06-14 11:12:41.437","PLACED","526.80","store","{""device"":""tablet"",""promo"":""NONE""}","2026-06-14"
"3861","61","2026-06-14 10:35:41.437","SHIPPED","526.93","web","{""device"":""desktop"",""promo"":""WELCOME10""}","2026-06-14"
"3862","62","2026-06-14 09:58:41.437","DELIVERED","527.06","app","{""device"":""mobile"",""promo"":""SPRING15""}","2026-06-14"
"3863","63","2026-06-14 09:21:41.437","CANCELLED","527.19","store","{""device"":""tablet"",""promo"":""LOYALTY5""}","2026-06-14"
"3864","64","2026-06-14 08:44:41.437","PLACED","527.32","web","{""device"":""desktop"",""promo"":""NONE""}","2026-06-14"
"3865","65","2026-06-14 08:07:41.437","SHIPPED","527.45","app","{""device"":""mobile"",""promo"":""WELCOME10""}","2026-06-14"
"3866","66","2026-06-14 07:30:41.437","DELIVERED","527.58","store","{""device"":""tablet"",""promo"":""SPRING15""}","2026-06-14"
"3867","67","2026-06-14 06:53:41.437","CANCELLED","527.71","web","{""device"":""desktop"",""promo"":""LOYALTY5""}","2026-06-14"
"3868","68","2026-06-14 06:16:41.437","PLACED","527.84","app","{""device"":""mobile"",""promo"":""NONE""}","2026-06-14"
"3869","69","2026-06-14 05:39:41.437","SHIPPED","527.97","store","{""device"":""tablet"",""promo"":""WELCOME10""}","2026-06-14"
"3870","70","2026-06-14 05:02:41.437","DELIVERED","528.10","web","{""device"":""desktop"",""promo"":""SPRING15""}","2026-06-14"
"3871","71","2026-06-14 04:25:41.437","CANCELLED","528.23","app","{""device"":""mobile"",""promo"":""LOYALTY5""}","2026-06-14"
"3872","72","2026-06-14 03:48:41.437","PLACED","528.36","store","{""device"":""tablet"",""promo"":""NONE""}","2026-06-14"
"3873","73","2026-06-14 03:11:41.437","SHIPPED","528.49","web","{""device"":""desktop"",""promo"":""WELCOME10""}","2026-06-14"
"3874","74","2026-06-14 02:34:41.437","DELIVERED","528.62","app","{""device"":""mobile"",""promo"":""SPRING15""}","2026-06-14"
"3875","75","2026-06-14 01:57:41.437","CANCELLED","528.75","store","{""device"":""tablet"",""promo"":""LOYALTY5""}","2026-06-14"
"3876","76","2026-06-14 01:20:41.437","PLACED","528.88","web","{""device"":""desktop"",""promo"":""NONE""}","2026-06-14"
"3877","77","2026-06-14 00:43:41.437","SHIPPED","529.01","app","{""device"":""mobile"",""promo"":""WELCOME10""}","2026-06-14"
"3878","78","2026-06-14 00:06:41.437","DELIVERED","529.14","store","{""device"":""tablet"",""promo"":""SPRING15""}","2026-06-14"
"3879","79","2026-06-13 23:29:41.437","CANCELLED","529.27","web","{""device"":""desktop"",""promo"":""LOYALTY5""}","2026-06-13"
"3880","80","2026-06-13 22:52:41.437","PLACED","529.40","app","{""device"":""mobile"",""promo"":""NONE""}","2026-06-13"
"3881","81","2026-06-13 22:15:41.437","SHIPPED","529.53","store","{""device"":""tablet"",""promo"":""WELCOME10""}","2026-06-13"
"3882","82","2026-06-13 21:38:41.437","DELIVERED","529.66","web","{""device"":""desktop"",""promo"":""SPRING15""}","2026-06-13"
"3883","83","2026-06-13 21:01:41.437","CANCELLED","529.79","app","{""device"":""mobile"",""promo"":""LOYALTY5""}","2026-06-13"
"3884","84","2026-06-13 20:24:41.437","PLACED","529.92","store","{""device"":""tablet"",""promo"":""NONE""}","2026-06-13"
"3885","85","2026-06-13 19:47:41.437","SHIPPED","530.05","web","{""device"":""desktop"",""promo"":""WELCOME10""}","2026-06-13"
"3886","86","2026-06-13 19:10:41.437","DELIVERED","530.18","app","{""device"":""mobile"",""promo"":""SPRING15""}","2026-06-13"
"3887","87","2026-06-13 18:33:41.437","CANCELLED","530.31","store","{""device"":""tablet"",""promo"":""LOYALTY5""}","2026-06-13"
"3888","88","2026-06-13 17:56:41.437","PLACED","530.44","web","{""device"":""desktop"",""promo"":""NONE""}","2026-06-13"
"3889","89","2026-06-13 17:19:41.437","SHIPPED","530.57","app","{""device"":""mobile"",""promo"":""WELCOME10""}","2026-06-13"
"3890","90","2026-06-13 16:42:41.437","DELIVERED","530.70","store","{""device"":""tablet"",""promo"":""SPRING15""}","2026-06-13"
"3891","91","2026-06-13 16:05:41.437","CANCELLED","530.83","web","{""device"":""desktop"",""promo"":""LOYALTY5""}","2026-06-13"
"3892","92","2026-06-13 15:28:41.437","PLACED","530.96","app","{""device"":""mobile"",""promo"":""NONE""}","2026-06-13"
"3893","93","2026-06-13 14:51:41.437","SHIPPED","531.09","store","{""device"":""tablet"",""promo"":""WELCOME10""}","2026-06-13"
"3894","94","2026-06-13 14:14:41.437","DELIVERED","531.22","web","{""device"":""desktop"",""promo"":""SPRING15""}","2026-06-13"
"3895","95","2026-06-13 13:37:41.437","CANCELLED","531.35","app","{""device"":""mobile"",""promo"":""LOYALTY5""}","2026-06-13"
"3896","96","2026-06-13 13:00:41.437","PLACED","531.48","store","{""device"":""tablet"",""promo"":""NONE""}","2026-06-13"
"3897","97","2026-06-13 12:23:41.437","SHIPPED","531.61","web","{""device"":""desktop"",""promo"":""WELCOME10""}","2026-06-13"
"3898","98","2026-06-13 11:46:41.437","DELIVERED","531.74","app","{""device"":""mobile"",""promo"":""SPRING15""}","2026-06-13"
"3899","99","2026-06-13 11:09:41.437","CANCELLED","531.87","store","{""device"":""tablet"",""promo"":""LOYALTY5""}","2026-06-13"
"3900","100","2026-06-13 10:32:41.437","PLACED","532.00","web","{""device"":""desktop"",""promo"":""NONE""}","2026-06-13"
"3901","101","2026-06-13 09:55:41.437","SHIPPED","532.13","app","{""device"":""mobile"",""promo"":""WELCOME10""}","2026-06-13"
"3902","102","2026-06-13 09:18:41.437","DELIVERED","532.26","store","{""device"":""tablet"",""promo"":""SPRING15""}","2026-06-13"
"3903","103","2026-06-13 08:41:41.437","CANCELLED","532.39","web","{""device"":""desktop"",""promo"":""LOYALTY5""}","2026-06-13"
"3904","104","2026-06-13 08:04:41.437","PLACED","532.52","app","{""device"":""mobile"",""promo"":""NONE""}","2026-06-13"
"3905","105","2026-06-13 07:27:41.437","SHIPPED","532.65","store","{""device"":""tablet"",""promo"":""WELCOME10""}","2026-06-13"
"3906","106","2026-06-13 06:50:41.437","DELIVERED","532.78","web","{""device"":""desktop"",""promo"":""SPRING15""}","2026-06-13"
"3907","107","2026-06-13 06:13:41.437","CANCELLED","532.91","app","{""device"":""mobile"",""promo"":""LOYALTY5""}","2026-06-13"
"3908","108","2026-06-13 05:36:41.437","PLACED","533.04","store","{""device"":""tablet"",""promo"":""NONE""}","2026-06-13"
"3909","109","2026-06-13 04:59:41.437","SHIPPED","533.17","web","{""device"":""desktop"",""promo"":""WELCOME10""}","2026-06-13"
"3910","110","2026-06-13 04:22:41.437","DELIVERED","533.30","app","{""device"":""mobile"",""promo"":""SPRING15""}","2026-06-13"
"3911","111","2026-06-13 03:45:41.437","CANCELLED","533.43","store","{""device"":""tablet"",""promo"":""LOYALTY5""}","2026-06-13"
"3912","112","2026-06-13 03:08:41.437","PLACED","533.56","web","{""device"":""desktop"",""promo"":""NONE""}","2026-06-13"
"3913","113","2026-06-13 02:31:41.437","SHIPPED","533.69","app","{""device"":""mobile"",""promo"":""WELCOME10""}","2026-06-13"
"3914","114","2026-06-13 01:54:41.437","DELIVERED","533.82","store","{""device"":""tablet"",""promo"":""SPRING15""}","2026-06-13"
"3915","115","2026-06-13 01:17:41.437","CANCELLED","533.95","web","{""device"":""desktop"",""promo"":""LOYALTY5""}","2026-06-13"
"3916","116","2026-06-13 00:40:41.437","PLACED","534.08","app","{""device"":""mobile"",""promo"":""NONE""}","2026-06-13"
"3917","117","2026-06-13 00:03:41.437","SHIPPED","534.21","store","{""device"":""tablet"",""promo"":""WELCOME10""}","2026-06-13"
"3918","118","2026-06-12 23:26:41.437","DELIVERED","534.34","web","{""device"":""desktop"",""promo"":""SPRING15""}","2026-06-12"
"3919","119","2026-06-12 22:49:41.437","CANCELLED","534.47","app","{""device"":""mobile"",""promo"":""LOYALTY5""}","2026-06-12"
"3920","120","2026-06-12 22:12:41.437","PLACED","534.60","store","{""device"":""tablet"",""promo"":""NONE""}","2026-06-12"
"3921","121","2026-06-12 21:35:41.437","SHIPPED","534.73","web","{""device"":""desktop"",""promo"":""WELCOME10""}","2026-06-12"
"3922","122","2026-06-12 20:58:41.437","DELIVERED","534.86","app","{""device"":""mobile"",""promo"":""SPRING15""}","2026-06-12"
"3923","123","2026-06-12 20:21:41.437","CANCELLED","534.99","store","{""device"":""tablet"",""promo"":""LOYALTY5""}","2026-06-12"
"3924","124","2026-06-12 19:44:41.437","PLACED","535.12","web","{""device"":""desktop"",""promo"":""NONE""}","2026-06-12"
"3925","125","2026-06-12 19:07:41.437","SHIPPED","535.25","app","{""device"":""mobile"",""promo"":""WELCOME10""}","2026-06-12"
"3926","126","2026-06-12 18:30:41.437","DELIVERED","535.38","store","{""device"":""tablet"",""promo"":""SPRING15""}","2026-06-12"
"3927","127","2026-06-12 17:53:41.437","CANCELLED","535.51","web","{""device"":""desktop"",""promo"":""LOYALTY5""}","2026-06-12"
"3928","128","2026-06-12 17:16:41.437","PLACED","535.64","app","{""device"":""mobile"",""promo"":""NONE""}","2026-06-12"
"3929","129","2026-06-12 16:39:41.437","SHIPPED","535.77","store","{""device"":""tablet"",""promo"":""WELCOME10""}","2026-06-12"
"3930","130","2026-06-12 16:02:41.437","DELIVERED","535.90","web","{""device"":""desktop"",""promo"":""SPRING15""}","2026-06-12"
"3931","131","2026-06-12 15:25:41.437","CANCELLED","536.03","app","{""device"":""mobile"",""promo"":""LOYALTY5""}","2026-06-12"
"3932","132","2026-06-12 14:48:41.437","PLACED","536.16","store","{""device"":""tablet"",""promo"":""NONE""}","2026-06-12"
"3933","133","2026-06-12 14:11:41.437","SHIPPED","536.29","web","{""device"":""desktop"",""promo"":""WELCOME10""}","2026-06-12"
"3934","134","2026-06-12 13:34:41.437","DELIVERED","536.42","app","{""device"":""mobile"",""promo"":""SPRING15""}","2026-06-12"
"3935","135","2026-06-12 12:57:41.437","CANCELLED","536.55","store","{""device"":""tablet"",""promo"":""LOYALTY5""}","2026-06-12"
"3936","136","2026-06-12 12:20:41.437","PLACED","536.68","web","{""device"":""desktop"",""promo"":""NONE""}","2026-06-12"
"3937","137","2026-06-12 11:43:41.437","SHIPPED","536.81","app","{""device"":""mobile"",""promo"":""WELCOME10""}","2026-06-12"
"3938","138","2026-06-12 11:06:41.437","DELIVERED","536.94","store","{""device"":""tablet"",""promo"":""SPRING15""}","2026-06-12"
"3939","139","2026-06-12 10:29:41.437","CANCELLED","537.07","web","{""device"":""desktop"",""promo"":""LOYALTY5""}","2026-06-12"
"3940","140","2026-06-12 09:52:41.437","PLACED","537.20","app","{""device"":""mobile"",""promo"":""NONE""}","2026-06-12"
"3941","141","2026-06-12 09:15:41.437","SHIPPED","537.33","store","{""device"":""tablet"",""promo"":""WELCOME10""}","2026-06-12"
"3942","142","2026-06-12 08:38:41.437","DELIVERED","537.46","web","{""device"":""desktop"",""promo"":""SPRING15""}","2026-06-12"
"3943","143","2026-06-12 08:01:41.437","CANCELLED","537.59","app","{""device"":""mobile"",""promo"":""LOYALTY5""}","2026-06-12"
"3944","144","2026-06-12 07:24:41.437","PLACED","537.72","store","{""device"":""tablet"",""promo"":""NONE""}","2026-06-12"
"3945","145","2026-06-12 06:47:41.437","SHIPPED","537.85","web","{""device"":""desktop"",""promo"":""WELCOME10""}","2026-06-12"
"3946","146","2026-06-12 06:10:41.437","DELIVERED","537.98","app","{""device"":""mobile"",""promo"":""SPRING15""}","2026-06-12"
"3947","147","2026-06-12 05:33:41.437","CANCELLED","538.11","store","{""device"":""tablet"",""promo"":""LOYALTY5""}","2026-06-12"
"3948","148","2026-06-12 04:56:41.437","PLACED","538.24","web","{""device"":""desktop"",""promo"":""NONE""}","2026-06-12"
"3949","149","2026-06-12 04:19:41.437","SHIPPED","538.37","app","{""device"":""mobile"",""promo"":""WELCOME10""}","2026-06-12"
"3950","150","2026-06-12 03:42:41.437","DELIVERED","538.50","store","{""device"":""tablet"",""promo"":""SPRING15""}","2026-06-12"
"3951","151","2026-06-12 03:05:41.437","CANCELLED","538.63","web","{""device"":""desktop"",""promo"":""LOYALTY5""}","2026-06-12"
"3952","152","2026-06-12 02:28:41.437","PLACED","538.76","app","{""device"":""mobile"",""promo"":""NONE""}","2026-06-12"
"3953","153","2026-06-12 01:51:41.437","SHIPPED","538.89","store","{""device"":""tablet"",""promo"":""WELCOME10""}","2026-06-12"
"3954","154","2026-06-12 01:14:41.437","DELIVERED","539.02","web","{""device"":""desktop"",""promo"":""SPRING15""}","2026-06-12"
"3955","155","2026-06-12 00:37:41.437","CANCELLED","539.15","app","{""device"":""mobile"",""promo"":""LOYALTY5""}","2026-06-12"
"3956","156","2026-06-12 00:00:41.437","PLACED","539.28","store","{""device"":""tablet"",""promo"":""NONE""}","2026-06-12"
"3957","157","2026-06-11 23:23:41.437","SHIPPED","539.41","web","{""device"":""desktop"",""promo"":""WELCOME10""}","2026-06-11"
"3958","158","2026-06-11 22:46:41.437","DELIVERED","539.54","app","{""device"":""mobile"",""promo"":""SPRING15""}","2026-06-11"
"3959","159","2026-06-11 22:09:41.437","CANCELLED","539.67","store","{""device"":""tablet"",""promo"":""LOYALTY5""}","2026-06-11"
"3960","160","2026-06-11 21:32:41.437","PLACED","539.80","web","{""device"":""desktop"",""promo"":""NONE""}","2026-06-11"
"3961","161","2026-06-11 20:55:41.437","SHIPPED","539.93","app","{""device"":""mobile"",""promo"":""WELCOME10""}","2026-06-11"
"3962","162","2026-06-11 20:18:41.437","DELIVERED","540.06","store","{""device"":""tablet"",""promo"":""SPRING15""}","2026-06-11"
"3963","163","2026-06-11 19:41:41.437","CANCELLED","540.19","web","{""device"":""desktop"",""promo"":""LOYALTY5""}","2026-06-11"
"3964","164","2026-06-11 19:04:41.437","PLACED","540.32","app","{""device"":""mobile"",""promo"":""NONE""}","2026-06-11"
"3965","165","2026-06-11 18:27:41.437","SHIPPED","540.45","store","{""device"":""tablet"",""promo"":""WELCOME10""}","2026-06-11"
"3966","166","2026-06-11 17:50:41.437","DELIVERED","540.58","web","{""device"":""desktop"",""promo"":""SPRING15""}","2026-06-11"
"3967","167","2026-06-11 17:13:41.437","CANCELLED","540.71","app","{""device"":""mobile"",""promo"":""LOYALTY5""}","2026-06-11"
"3968","168","2026-06-11 16:36:41.437","PLACED","540.84","store","{""device"":""tablet"",""promo"":""NONE""}","2026-06-11"
"3969","169","2026-06-11 15:59:41.437","SHIPPED","540.97","web","{""device"":""desktop"",""promo"":""WELCOME10""}","2026-06-11"
"3970","170","2026-06-11 15:22:41.437","DELIVERED","541.10","app","{""device"":""mobile"",""promo"":""SPRING15""}","2026-06-11"
"3971","171","2026-06-11 14:45:41.437","CANCELLED","541.23","store","{""device"":""tablet"",""promo"":""LOYALTY5""}","2026-06-11"
"3972","172","2026-06-11 14:08:41.437","PLACED","541.36","web","{""device"":""desktop"",""promo"":""NONE""}","2026-06-11"
"3973","173","2026-06-11 13:31:41.437","SHIPPED","541.49","app","{""device"":""mobile"",""promo"":""WELCOME10""}","2026-06-11"
"3974","174","2026-06-11 12:54:41.437","DELIVERED","541.62","store","{""device"":""tablet"",""promo"":""SPRING15""}","2026-06-11"
"3975","175","2026-06-11 12:17:41.437","CANCELLED","541.75","web","{""device"":""desktop"",""promo"":""LOYALTY5""}","2026-06-11"
"3976","176","2026-06-11 11:40:41.437","PLACED","541.88","app","{""device"":""mobile"",""promo"":""NONE""}","2026-06-11"
"3977","177","2026-06-11 11:03:41.437","SHIPPED","542.01","store","{""device"":""tablet"",""promo"":""WELCOME10""}","2026-06-11"
"3978","178","2026-06-11 10:26:41.437","DELIVERED","542.14","web","{""device"":""desktop"",""promo"":""SPRING15""}","2026-06-11"
"3979","179","2026-06-11 09:49:41.437","CANCELLED","542.27","app","{""device"":""mobile"",""promo"":""LOYALTY5""}","2026-06-11"
"3980","180","2026-06-11 09:12:41.437","PLACED","542.40","store","{""device"":""tablet"",""promo"":""NONE""}","2026-06-11"
"3981","181","2026-06-11 08:35:41.437","SHIPPED","542.53","web","{""device"":""desktop"",""promo"":""WELCOME10""}","2026-06-11"
"3982","182","2026-06-11 07:58:41.437","DELIVERED","542.66","app","{""device"":""mobile"",""promo"":""SPRING15""}","2026-06-11"
"3983","183","2026-06-11 07:21:41.437","CANCELLED","542.79","store","{""device"":""tablet"",""promo"":""LOYALTY5""}","2026-06-11"
"3984","184","2026-06-11 06:44:41.437","PLACED","542.92","web","{""device"":""desktop"",""promo"":""NONE""}","2026-06-11"
"3985","185","2026-06-11 06:07:41.437","SHIPPED","543.05","app","{""device"":""mobile"",""promo"":""WELCOME10""}","2026-06-11"
"3986","186","2026-06-11 05:30:41.437","DELIVERED","543.18","store","{""device"":""tablet"",""promo"":""SPRING15""}","2026-06-11"
"3987","187","2026-06-11 04:53:41.437","CANCELLED","543.31","web","{""device"":""desktop"",""promo"":""LOYALTY5""}","2026-06-11"
"3988","188","2026-06-11 04:16:41.437","PLACED","543.44","app","{""device"":""mobile"",""promo"":""NONE""}","2026-06-11"
"3989","189","2026-06-11 03:39:41.437","SHIPPED","543.57","store","{""device"":""tablet"",""promo"":""WELCOME10""}","2026-06-11"
"3990","190","2026-06-11 03:02:41.437","DELIVERED","543.70","web","{""device"":""desktop"",""promo"":""SPRING15""}","2026-06-11"
"3991","191","2026-06-11 02:25:41.437","CANCELLED","543.83","app","{""device"":""mobile"",""promo"":""LOYALTY5""}","2026-06-11"
"3992","192","2026-06-11 01:48:41.437","PLACED","543.96","store","{""device"":""tablet"",""promo"":""NONE""}","2026-06-11"
"3993","193","2026-06-11 01:11:41.437","SHIPPED","544.09","web","{""device"":""desktop"",""promo"":""WELCOME10""}","2026-06-11"
"3994","194","2026-06-11 00:34:41.437","DELIVERED","544.22","app","{""device"":""mobile"",""promo"":""SPRING15""}","2026-06-11"
"3995","195","2026-06-10 23:57:41.437","CANCELLED","544.35","store","{""device"":""tablet"",""promo"":""LOYALTY5""}","2026-06-10"
"3996","196","2026-06-10 23:20:41.437","PLACED","544.48","web","{""device"":""desktop"",""promo"":""NONE""}","2026-06-10"
"3997","197","2026-06-10 22:43:41.437","SHIPPED","544.61","app","{""device"":""mobile"",""promo"":""WELCOME10""}","2026-06-10"
"3998","198","2026-06-10 22:06:41.437","DELIVERED","544.74","store","{""device"":""tablet"",""promo"":""SPRING15""}","2026-06-10"
"3999","199","2026-06-10 21:29:41.437","CANCELLED","544.87","web","{""device"":""desktop"",""promo"":""LOYALTY5""}","2026-06-10"
"4000","200","2026-06-10 20:52:41.437","PLACED","545.00","app","{""device"":""mobile"",""promo"":""NONE""}","2026-06-10"
"4001","1","2026-06-10 20:15:41.437","SHIPPED","545.13","store","{""device"":""tablet"",""promo"":""WELCOME10""}","2026-06-10"
"4002","2","2026-06-10 19:38:41.437","DELIVERED","545.26","web","{""device"":""desktop"",""promo"":""SPRING15""}","2026-06-10"
"4003","3","2026-06-10 19:01:41.437","CANCELLED","545.39","app","{""device"":""mobile"",""promo"":""LOYALTY5""}","2026-06-10"
"4004","4","2026-06-10 18:24:41.437","PLACED","545.52","store","{""device"":""tablet"",""promo"":""NONE""}","2026-06-10"
"4005","5","2026-06-10 17:47:41.437","SHIPPED","545.65","web","{""device"":""desktop"",""promo"":""WELCOME10""}","2026-06-10"
"4006","6","2026-06-10 17:10:41.437","DELIVERED","545.78","app","{""device"":""mobile"",""promo"":""SPRING15""}","2026-06-10"
"4007","7","2026-06-10 16:33:41.437","CANCELLED","545.91","store","{""device"":""tablet"",""promo"":""LOYALTY5""}","2026-06-10"
"4008","8","2026-06-10 15:56:41.437","PLACED","546.04","web","{""device"":""desktop"",""promo"":""NONE""}","2026-06-10"
"4009","9","2026-06-10 15:19:41.437","SHIPPED","546.17","app","{""device"":""mobile"",""promo"":""WELCOME10""}","2026-06-10"
"4010","10","2026-06-10 14:42:41.437","DELIVERED","546.30","store","{""device"":""tablet"",""promo"":""SPRING15""}","2026-06-10"
"4011","11","2026-06-10 14:05:41.437","CANCELLED","546.43","web","{""device"":""desktop"",""promo"":""LOYALTY5""}","2026-06-10"
"4012","12","2026-06-10 13:28:41.437","PLACED","546.56","app","{""device"":""mobile"",""promo"":""NONE""}","2026-06-10"
"4013","13","2026-06-10 12:51:41.437","SHIPPED","546.69","store","{""device"":""tablet"",""promo"":""WELCOME10""}","2026-06-10"
"4014","14","2026-06-10 12:14:41.437","DELIVERED","546.82","web","{""device"":""desktop"",""promo"":""SPRING15""}","2026-06-10"
"4015","15","2026-06-10 11:37:41.437","CANCELLED","546.95","app","{""device"":""mobile"",""promo"":""LOYALTY5""}","2026-06-10"
"4016","16","2026-06-10 11:00:41.437","PLACED","547.08","store","{""device"":""tablet"",""promo"":""NONE""}","2026-06-10"
"4017","17","2026-06-10 10:23:41.437","SHIPPED","547.21","web","{""device"":""desktop"",""promo"":""WELCOME10""}","2026-06-10"
"4018","18","2026-06-10 09:46:41.437","DELIVERED","547.34","app","{""device"":""mobile"",""promo"":""SPRING15""}","2026-06-10"
"4019","19","2026-06-10 09:09:41.437","CANCELLED","547.47","store","{""device"":""tablet"",""promo"":""LOYALTY5""}","2026-06-10"
"4020","20","2026-06-10 08:32:41.437","PLACED","547.60","web","{""device"":""desktop"",""promo"":""NONE""}","2026-06-10"
"4021","21","2026-06-10 07:55:41.437","SHIPPED","547.73","app","{""device"":""mobile"",""promo"":""WELCOME10""}","2026-06-10"
"4022","22","2026-06-10 07:18:41.437","DELIVERED","547.86","store","{""device"":""tablet"",""promo"":""SPRING15""}","2026-06-10"
"4023","23","2026-06-10 06:41:41.437","CANCELLED","547.99","web","{""device"":""desktop"",""promo"":""LOYALTY5""}","2026-06-10"
"4024","24","2026-06-10 06:04:41.437","PLACED","548.12","app","{""device"":""mobile"",""promo"":""NONE""}","2026-06-10"
"4025","25","2026-06-10 05:27:41.437","SHIPPED","548.25","store","{""device"":""tablet"",""promo"":""WELCOME10""}","2026-06-10"
"4026","26","2026-06-10 04:50:41.437","DELIVERED","548.38","web","{""device"":""desktop"",""promo"":""SPRING15""}","2026-06-10"
"4027","27","2026-06-10 04:13:41.437","CANCELLED","548.51","app","{""device"":""mobile"",""promo"":""LOYALTY5""}","2026-06-10"
"4028","28","2026-06-10 03:36:41.437","PLACED","548.64","store","{""device"":""tablet"",""promo"":""NONE""}","2026-06-10"
"4029","29","2026-06-10 02:59:41.437","SHIPPED","548.77","web","{""device"":""desktop"",""promo"":""WELCOME10""}","2026-06-10"
"4030","30","2026-06-10 02:22:41.437","DELIVERED","548.90","app","{""device"":""mobile"",""promo"":""SPRING15""}","2026-06-10"
"4031","31","2026-06-10 01:45:41.437","CANCELLED","549.03","store","{""device"":""tablet"",""promo"":""LOYALTY5""}","2026-06-10"
"4032","32","2026-06-10 01:08:41.437","PLACED","549.16","web","{""device"":""desktop"",""promo"":""NONE""}","2026-06-10"
"4033","33","2026-06-10 00:31:41.437","SHIPPED","549.29","app","{""device"":""mobile"",""promo"":""WELCOME10""}","2026-06-10"
"4034","34","2026-06-09 23:54:41.437","DELIVERED","549.42","store","{""device"":""tablet"",""promo"":""SPRING15""}","2026-06-09"
"4035","35","2026-06-09 23:17:41.437","CANCELLED","549.55","web","{""device"":""desktop"",""promo"":""LOYALTY5""}","2026-06-09"
"4036","36","2026-06-09 22:40:41.437","PLACED","549.68","app","{""device"":""mobile"",""promo"":""NONE""}","2026-06-09"
"4037","37","2026-06-09 22:03:41.437","SHIPPED","549.81","store","{""device"":""tablet"",""promo"":""WELCOME10""}","2026-06-09"
"4038","38","2026-06-09 21:26:41.437","DELIVERED","549.94","web","{""device"":""desktop"",""promo"":""SPRING15""}","2026-06-09"
"4039","39","2026-06-09 20:49:41.437","CANCELLED","550.07","app","{""device"":""mobile"",""promo"":""LOYALTY5""}","2026-06-09"
"4040","40","2026-06-09 20:12:41.437","PLACED","550.20","store","{""device"":""tablet"",""promo"":""NONE""}","2026-06-09"
"4041","41","2026-06-09 19:35:41.437","SHIPPED","550.33","web","{""device"":""desktop"",""promo"":""WELCOME10""}","2026-06-09"
"4042","42","2026-06-09 18:58:41.437","DELIVERED","550.46","app","{""device"":""mobile"",""promo"":""SPRING15""}","2026-06-09"
"4043","43","2026-06-09 18:21:41.437","CANCELLED","550.59","store","{""device"":""tablet"",""promo"":""LOYALTY5""}","2026-06-09"
"4044","44","2026-06-09 17:44:41.437","PLACED","550.72","web","{""device"":""desktop"",""promo"":""NONE""}","2026-06-09"
"4045","45","2026-06-09 17:07:41.437","SHIPPED","550.85","app","{""device"":""mobile"",""promo"":""WELCOME10""}","2026-06-09"
"4046","46","2026-06-09 16:30:41.437","DELIVERED","550.98","store","{""device"":""tablet"",""promo"":""SPRING15""}","2026-06-09"
"4047","47","2026-06-09 15:53:41.437","CANCELLED","551.11","web","{""device"":""desktop"",""promo"":""LOYALTY5""}","2026-06-09"
"4048","48","2026-06-09 15:16:41.437","PLACED","551.24","app","{""device"":""mobile"",""promo"":""NONE""}","2026-06-09"
"4049","49","2026-06-09 14:39:41.437","SHIPPED","551.37","store","{""device"":""tablet"",""promo"":""WELCOME10""}","2026-06-09"
"4050","50","2026-06-09 14:02:41.437","DELIVERED","551.50","web","{""device"":""desktop"",""promo"":""SPRING15""}","2026-06-09"
"4051","51","2026-06-09 13:25:41.437","CANCELLED","551.63","app","{""device"":""mobile"",""promo"":""LOYALTY5""}","2026-06-09"
"4052","52","2026-06-09 12:48:41.437","PLACED","551.76","store","{""device"":""tablet"",""promo"":""NONE""}","2026-06-09"
"4053","53","2026-06-09 12:11:41.437","SHIPPED","551.89","web","{""device"":""desktop"",""promo"":""WELCOME10""}","2026-06-09"
"4054","54","2026-06-09 11:34:41.437","DELIVERED","552.02","app","{""device"":""mobile"",""promo"":""SPRING15""}","2026-06-09"
"4055","55","2026-06-09 10:57:41.437","CANCELLED","552.15","store","{""device"":""tablet"",""promo"":""LOYALTY5""}","2026-06-09"
"4056","56","2026-06-09 10:20:41.437","PLACED","552.28","web","{""device"":""desktop"",""promo"":""NONE""}","2026-06-09"
"4057","57","2026-06-09 09:43:41.437","SHIPPED","552.41","app","{""device"":""mobile"",""promo"":""WELCOME10""}","2026-06-09"
"4058","58","2026-06-09 09:06:41.437","DELIVERED","552.54","store","{""device"":""tablet"",""promo"":""SPRING15""}","2026-06-09"
"4059","59","2026-06-09 08:29:41.437","CANCELLED","552.67","web","{""device"":""desktop"",""promo"":""LOYALTY5""}","2026-06-09"
"4060","60","2026-06-09 07:52:41.437","PLACED","552.80","app","{""device"":""mobile"",""promo"":""NONE""}","2026-06-09"
"4061","61","2026-06-09 07:15:41.437","SHIPPED","552.93","store","{""device"":""tablet"",""promo"":""WELCOME10""}","2026-06-09"
"4062","62","2026-06-09 06:38:41.437","DELIVERED","553.06","web","{""device"":""desktop"",""promo"":""SPRING15""}","2026-06-09"
"4063","63","2026-06-09 06:01:41.437","CANCELLED","553.19","app","{""device"":""mobile"",""promo"":""LOYALTY5""}","2026-06-09"
"4064","64","2026-06-09 05:24:41.437","PLACED","553.32","store","{""device"":""tablet"",""promo"":""NONE""}","2026-06-09"
"4065","65","2026-06-09 04:47:41.437","SHIPPED","553.45","web","{""device"":""desktop"",""promo"":""WELCOME10""}","2026-06-09"
"4066","66","2026-06-09 04:10:41.437","DELIVERED","553.58","app","{""device"":""mobile"",""promo"":""SPRING15""}","2026-06-09"
"4067","67","2026-06-09 03:33:41.437","CANCELLED","553.71","store","{""device"":""tablet"",""promo"":""LOYALTY5""}","2026-06-09"
"4068","68","2026-06-09 02:56:41.437","PLACED","553.84","web","{""device"":""desktop"",""promo"":""NONE""}","2026-06-09"
"4069","69","2026-06-09 02:19:41.437","SHIPPED","553.97","app","{""device"":""mobile"",""promo"":""WELCOME10""}","2026-06-09"
"4070","70","2026-06-09 01:42:41.437","DELIVERED","554.10","store","{""device"":""tablet"",""promo"":""SPRING15""}","2026-06-09"
"4071","71","2026-06-09 01:05:41.437","CANCELLED","554.23","web","{""device"":""desktop"",""promo"":""LOYALTY5""}","2026-06-09"
"4072","72","2026-06-09 00:28:41.437","PLACED","554.36","app","{""device"":""mobile"",""promo"":""NONE""}","2026-06-09"
"4073","73","2026-06-08 23:51:41.437","SHIPPED","554.49","store","{""device"":""tablet"",""promo"":""WELCOME10""}","2026-06-08"
"4074","74","2026-06-08 23:14:41.437","DELIVERED","554.62","web","{""device"":""desktop"",""promo"":""SPRING15""}","2026-06-08"
"4075","75","2026-06-08 22:37:41.437","CANCELLED","554.75","app","{""device"":""mobile"",""promo"":""LOYALTY5""}","2026-06-08"
"4076","76","2026-06-08 22:00:41.437","PLACED","554.88","store","{""device"":""tablet"",""promo"":""NONE""}","2026-06-08"
"4077","77","2026-06-08 21:23:41.437","SHIPPED","555.01","web","{""device"":""desktop"",""promo"":""WELCOME10""}","2026-06-08"
"4078","78","2026-06-08 20:46:41.437","DELIVERED","555.14","app","{""device"":""mobile"",""promo"":""SPRING15""}","2026-06-08"
"4079","79","2026-06-08 20:09:41.437","CANCELLED","555.27","store","{""device"":""tablet"",""promo"":""LOYALTY5""}","2026-06-08"
"4080","80","2026-06-08 19:32:41.437","PLACED","555.40","web","{""device"":""desktop"",""promo"":""NONE""}","2026-06-08"
"4081","81","2026-06-08 18:55:41.437","SHIPPED","555.53","app","{""device"":""mobile"",""promo"":""WELCOME10""}","2026-06-08"
"4082","82","2026-06-08 18:18:41.437","DELIVERED","555.66","store","{""device"":""tablet"",""promo"":""SPRING15""}","2026-06-08"
"4083","83","2026-06-08 17:41:41.437","CANCELLED","555.79","web","{""device"":""desktop"",""promo"":""LOYALTY5""}","2026-06-08"
"4084","84","2026-06-08 17:04:41.437","PLACED","555.92","app","{""device"":""mobile"",""promo"":""NONE""}","2026-06-08"
"4085","85","2026-06-08 16:27:41.437","SHIPPED","556.05","store","{""device"":""tablet"",""promo"":""WELCOME10""}","2026-06-08"
"4086","86","2026-06-08 15:50:41.437","DELIVERED","556.18","web","{""device"":""desktop"",""promo"":""SPRING15""}","2026-06-08"
"4087","87","2026-06-08 15:13:41.437","CANCELLED","556.31","app","{""device"":""mobile"",""promo"":""LOYALTY5""}","2026-06-08"
"4088","88","2026-06-08 14:36:41.437","PLACED","556.44","store","{""device"":""tablet"",""promo"":""NONE""}","2026-06-08"
"4089","89","2026-06-08 13:59:41.437","SHIPPED","556.57","web","{""device"":""desktop"",""promo"":""WELCOME10""}","2026-06-08"
"4090","90","2026-06-08 13:22:41.437","DELIVERED","556.70","app","{""device"":""mobile"",""promo"":""SPRING15""}","2026-06-08"
"4091","91","2026-06-08 12:45:41.437","CANCELLED","556.83","store","{""device"":""tablet"",""promo"":""LOYALTY5""}","2026-06-08"
"4092","92","2026-06-08 12:08:41.437","PLACED","556.96","web","{""device"":""desktop"",""promo"":""NONE""}","2026-06-08"
"4093","93","2026-06-08 11:31:41.437","SHIPPED","557.09","app","{""device"":""mobile"",""promo"":""WELCOME10""}","2026-06-08"
"4094","94","2026-06-08 10:54:41.437","DELIVERED","557.22","store","{""device"":""tablet"",""promo"":""SPRING15""}","2026-06-08"
"4095","95","2026-06-08 10:17:41.437","CANCELLED","557.35","web","{""device"":""desktop"",""promo"":""LOYALTY5""}","2026-06-08"
"4096","96","2026-06-08 09:40:41.437","PLACED","557.48","app","{""device"":""mobile"",""promo"":""NONE""}","2026-06-08"
"4097","97","2026-06-08 09:03:41.437","SHIPPED","557.61","store","{""device"":""tablet"",""promo"":""WELCOME10""}","2026-06-08"
"4098","98","2026-06-08 08:26:41.437","DELIVERED","557.74","web","{""device"":""desktop"",""promo"":""SPRING15""}","2026-06-08"
"4099","99","2026-06-08 07:49:41.437","CANCELLED","557.87","app","{""device"":""mobile"",""promo"":""LOYALTY5""}","2026-06-08"
"4100","100","2026-06-08 07:12:41.437","PLACED","558.00","store","{""device"":""tablet"",""promo"":""NONE""}","2026-06-08"
"4101","101","2026-06-08 06:35:41.437","SHIPPED","558.13","web","{""device"":""desktop"",""promo"":""WELCOME10""}","2026-06-08"
"4102","102","2026-06-08 05:58:41.437","DELIVERED","558.26","app","{""device"":""mobile"",""promo"":""SPRING15""}","2026-06-08"
"4103","103","2026-06-08 05:21:41.437","CANCELLED","558.39","store","{""device"":""tablet"",""promo"":""LOYALTY5""}","2026-06-08"
"4104","104","2026-06-08 04:44:41.437","PLACED","558.52","web","{""device"":""desktop"",""promo"":""NONE""}","2026-06-08"
"4105","105","2026-06-08 04:07:41.437","SHIPPED","558.65","app","{""device"":""mobile"",""promo"":""WELCOME10""}","2026-06-08"
"4106","106","2026-06-08 03:30:41.437","DELIVERED","558.78","store","{""device"":""tablet"",""promo"":""SPRING15""}","2026-06-08"
"4107","107","2026-06-08 02:53:41.437","CANCELLED","558.91","web","{""device"":""desktop"",""promo"":""LOYALTY5""}","2026-06-08"
"4108","108","2026-06-08 02:16:41.437","PLACED","559.04","app","{""device"":""mobile"",""promo"":""NONE""}","2026-06-08"
"4109","109","2026-06-08 01:39:41.437","SHIPPED","559.17","store","{""device"":""tablet"",""promo"":""WELCOME10""}","2026-06-08"
"4110","110","2026-06-08 01:02:41.437","DELIVERED","559.30","web","{""device"":""desktop"",""promo"":""SPRING15""}","2026-06-08"
"4111","111","2026-06-08 00:25:41.437","CANCELLED","559.43","app","{""device"":""mobile"",""promo"":""LOYALTY5""}","2026-06-08"
"4112","112","2026-06-07 23:48:41.437","PLACED","559.56","store","{""device"":""tablet"",""promo"":""NONE""}","2026-06-07"
"4113","113","2026-06-07 23:11:41.437","SHIPPED","559.69","web","{""device"":""desktop"",""promo"":""WELCOME10""}","2026-06-07"
"4114","114","2026-06-07 22:34:41.437","DELIVERED","559.82","app","{""device"":""mobile"",""promo"":""SPRING15""}","2026-06-07"
"4115","115","2026-06-07 21:57:41.437","CANCELLED","559.95","store","{""device"":""tablet"",""promo"":""LOYALTY5""}","2026-06-07"
"4116","116","2026-06-07 21:20:41.437","PLACED","560.08","web","{""device"":""desktop"",""promo"":""NONE""}","2026-06-07"
"4117","117","2026-06-07 20:43:41.437","SHIPPED","560.21","app","{""device"":""mobile"",""promo"":""WELCOME10""}","2026-06-07"
"4118","118","2026-06-07 20:06:41.437","DELIVERED","560.34","store","{""device"":""tablet"",""promo"":""SPRING15""}","2026-06-07"
"4119","119","2026-06-07 19:29:41.437","CANCELLED","560.47","web","{""device"":""desktop"",""promo"":""LOYALTY5""}","2026-06-07"
"4120","120","2026-06-07 18:52:41.437","PLACED","560.60","app","{""device"":""mobile"",""promo"":""NONE""}","2026-06-07"
"4121","121","2026-06-07 18:15:41.437","SHIPPED","560.73","store","{""device"":""tablet"",""promo"":""WELCOME10""}","2026-06-07"
"4122","122","2026-06-07 17:38:41.437","DELIVERED","560.86","web","{""device"":""desktop"",""promo"":""SPRING15""}","2026-06-07"
"4123","123","2026-06-07 17:01:41.437","CANCELLED","560.99","app","{""device"":""mobile"",""promo"":""LOYALTY5""}","2026-06-07"
"4124","124","2026-06-07 16:24:41.437","PLACED","561.12","store","{""device"":""tablet"",""promo"":""NONE""}","2026-06-07"
"4125","125","2026-06-07 15:47:41.437","SHIPPED","561.25","web","{""device"":""desktop"",""promo"":""WELCOME10""}","2026-06-07"
"4126","126","2026-06-07 15:10:41.437","DELIVERED","561.38","app","{""device"":""mobile"",""promo"":""SPRING15""}","2026-06-07"
"4127","127","2026-06-07 14:33:41.437","CANCELLED","561.51","store","{""device"":""tablet"",""promo"":""LOYALTY5""}","2026-06-07"
"4128","128","2026-06-07 13:56:41.437","PLACED","561.64","web","{""device"":""desktop"",""promo"":""NONE""}","2026-06-07"
"4129","129","2026-06-07 13:19:41.437","SHIPPED","561.77","app","{""device"":""mobile"",""promo"":""WELCOME10""}","2026-06-07"
"4130","130","2026-06-07 12:42:41.437","DELIVERED","561.90","store","{""device"":""tablet"",""promo"":""SPRING15""}","2026-06-07"
"4131","131","2026-06-07 12:05:41.437","CANCELLED","562.03","web","{""device"":""desktop"",""promo"":""LOYALTY5""}","2026-06-07"
"4132","132","2026-06-07 11:28:41.437","PLACED","562.16","app","{""device"":""mobile"",""promo"":""NONE""}","2026-06-07"
"4133","133","2026-06-07 10:51:41.437","SHIPPED","562.29","store","{""device"":""tablet"",""promo"":""WELCOME10""}","2026-06-07"
"4134","134","2026-06-07 10:14:41.437","DELIVERED","562.42","web","{""device"":""desktop"",""promo"":""SPRING15""}","2026-06-07"
"4135","135","2026-06-07 09:37:41.437","CANCELLED","562.55","app","{""device"":""mobile"",""promo"":""LOYALTY5""}","2026-06-07"
"4136","136","2026-06-07 09:00:41.437","PLACED","562.68","store","{""device"":""tablet"",""promo"":""NONE""}","2026-06-07"
"4137","137","2026-06-07 08:23:41.437","SHIPPED","562.81","web","{""device"":""desktop"",""promo"":""WELCOME10""}","2026-06-07"
"4138","138","2026-06-07 07:46:41.437","DELIVERED","562.94","app","{""device"":""mobile"",""promo"":""SPRING15""}","2026-06-07"
"4139","139","2026-06-07 07:09:41.437","CANCELLED","563.07","store","{""device"":""tablet"",""promo"":""LOYALTY5""}","2026-06-07"
"4140","140","2026-06-07 06:32:41.437","PLACED","563.20","web","{""device"":""desktop"",""promo"":""NONE""}","2026-06-07"
"4141","141","2026-06-07 05:55:41.437","SHIPPED","563.33","app","{""device"":""mobile"",""promo"":""WELCOME10""}","2026-06-07"
"4142","142","2026-06-07 05:18:41.437","DELIVERED","563.46","store","{""device"":""tablet"",""promo"":""SPRING15""}","2026-06-07"
"4143","143","2026-06-07 04:41:41.437","CANCELLED","563.59","web","{""device"":""desktop"",""promo"":""LOYALTY5""}","2026-06-07"
"4144","144","2026-06-07 04:04:41.437","PLACED","563.72","app","{""device"":""mobile"",""promo"":""NONE""}","2026-06-07"
"4145","145","2026-06-07 03:27:41.437","SHIPPED","563.85","store","{""device"":""tablet"",""promo"":""WELCOME10""}","2026-06-07"
"4146","146","2026-06-07 02:50:41.437","DELIVERED","563.98","web","{""device"":""desktop"",""promo"":""SPRING15""}","2026-06-07"
"4147","147","2026-06-07 02:13:41.437","CANCELLED","564.11","app","{""device"":""mobile"",""promo"":""LOYALTY5""}","2026-06-07"
"4148","148","2026-06-07 01:36:41.437","PLACED","564.24","store","{""device"":""tablet"",""promo"":""NONE""}","2026-06-07"
"4149","149","2026-06-07 00:59:41.437","SHIPPED","564.37","web","{""device"":""desktop"",""promo"":""WELCOME10""}","2026-06-07"
"4150","150","2026-06-07 00:22:41.437","DELIVERED","564.50","app","{""device"":""mobile"",""promo"":""SPRING15""}","2026-06-07"
"4151","151","2026-06-06 23:45:41.437","CANCELLED","564.63","store","{""device"":""tablet"",""promo"":""LOYALTY5""}","2026-06-06"
"4152","152","2026-06-06 23:08:41.437","PLACED","564.76","web","{""device"":""desktop"",""promo"":""NONE""}","2026-06-06"
"4153","153","2026-06-06 22:31:41.437","SHIPPED","564.89","app","{""device"":""mobile"",""promo"":""WELCOME10""}","2026-06-06"
"4154","154","2026-06-06 21:54:41.437","DELIVERED","565.02","store","{""device"":""tablet"",""promo"":""SPRING15""}","2026-06-06"
"4155","155","2026-06-06 21:17:41.437","CANCELLED","565.15","web","{""device"":""desktop"",""promo"":""LOYALTY5""}","2026-06-06"
"4156","156","2026-06-06 20:40:41.437","PLACED","565.28","app","{""device"":""mobile"",""promo"":""NONE""}","2026-06-06"
"4157","157","2026-06-06 20:03:41.437","SHIPPED","565.41","store","{""device"":""tablet"",""promo"":""WELCOME10""}","2026-06-06"
"4158","158","2026-06-06 19:26:41.437","DELIVERED","565.54","web","{""device"":""desktop"",""promo"":""SPRING15""}","2026-06-06"
"4159","159","2026-06-06 18:49:41.437","CANCELLED","565.67","app","{""device"":""mobile"",""promo"":""LOYALTY5""}","2026-06-06"
"4160","160","2026-06-06 18:12:41.437","PLACED","565.80","store","{""device"":""tablet"",""promo"":""NONE""}","2026-06-06"
"4161","161","2026-06-06 17:35:41.437","SHIPPED","565.93","web","{""device"":""desktop"",""promo"":""WELCOME10""}","2026-06-06"
"4162","162","2026-06-06 16:58:41.437","DELIVERED","566.06","app","{""device"":""mobile"",""promo"":""SPRING15""}","2026-06-06"
"4163","163","2026-06-06 16:21:41.437","CANCELLED","566.19","store","{""device"":""tablet"",""promo"":""LOYALTY5""}","2026-06-06"
"4164","164","2026-06-06 15:44:41.437","PLACED","566.32","web","{""device"":""desktop"",""promo"":""NONE""}","2026-06-06"
"4165","165","2026-06-06 15:07:41.437","SHIPPED","566.45","app","{""device"":""mobile"",""promo"":""WELCOME10""}","2026-06-06"
"4166","166","2026-06-06 14:30:41.437","DELIVERED","566.58","store","{""device"":""tablet"",""promo"":""SPRING15""}","2026-06-06"
"4167","167","2026-06-06 13:53:41.437","CANCELLED","566.71","web","{""device"":""desktop"",""promo"":""LOYALTY5""}","2026-06-06"
"4168","168","2026-06-06 13:16:41.437","PLACED","566.84","app","{""device"":""mobile"",""promo"":""NONE""}","2026-06-06"
"4169","169","2026-06-06 12:39:41.437","SHIPPED","566.97","store","{""device"":""tablet"",""promo"":""WELCOME10""}","2026-06-06"
"4170","170","2026-06-06 12:02:41.437","DELIVERED","567.10","web","{""device"":""desktop"",""promo"":""SPRING15""}","2026-06-06"
"4171","171","2026-06-06 11:25:41.437","CANCELLED","567.23","app","{""device"":""mobile"",""promo"":""LOYALTY5""}","2026-06-06"
"4172","172","2026-06-06 10:48:41.437","PLACED","567.36","store","{""device"":""tablet"",""promo"":""NONE""}","2026-06-06"
"4173","173","2026-06-06 10:11:41.437","SHIPPED","567.49","web","{""device"":""desktop"",""promo"":""WELCOME10""}","2026-06-06"
"4174","174","2026-06-06 09:34:41.437","DELIVERED","567.62","app","{""device"":""mobile"",""promo"":""SPRING15""}","2026-06-06"
"4175","175","2026-06-06 08:57:41.437","CANCELLED","567.75","store","{""device"":""tablet"",""promo"":""LOYALTY5""}","2026-06-06"
"4176","176","2026-06-06 08:20:41.437","PLACED","567.88","web","{""device"":""desktop"",""promo"":""NONE""}","2026-06-06"
"4177","177","2026-06-06 07:43:41.437","SHIPPED","568.01","app","{""device"":""mobile"",""promo"":""WELCOME10""}","2026-06-06"
"4178","178","2026-06-06 07:06:41.437","DELIVERED","568.14","store","{""device"":""tablet"",""promo"":""SPRING15""}","2026-06-06"
"4179","179","2026-06-06 06:29:41.437","CANCELLED","568.27","web","{""device"":""desktop"",""promo"":""LOYALTY5""}","2026-06-06"
"4180","180","2026-06-06 05:52:41.437","PLACED","568.40","app","{""device"":""mobile"",""promo"":""NONE""}","2026-06-06"
"4181","181","2026-06-06 05:15:41.437","SHIPPED","568.53","store","{""device"":""tablet"",""promo"":""WELCOME10""}","2026-06-06"
"4182","182","2026-06-06 04:38:41.437","DELIVERED","568.66","web","{""device"":""desktop"",""promo"":""SPRING15""}","2026-06-06"
"4183","183","2026-06-06 04:01:41.437","CANCELLED","568.79","app","{""device"":""mobile"",""promo"":""LOYALTY5""}","2026-06-06"
"4184","184","2026-06-06 03:24:41.437","PLACED","568.92","store","{""device"":""tablet"",""promo"":""NONE""}","2026-06-06"
"4185","185","2026-06-06 02:47:41.437","SHIPPED","569.05","web","{""device"":""desktop"",""promo"":""WELCOME10""}","2026-06-06"
"4186","186","2026-06-06 02:10:41.437","DELIVERED","569.18","app","{""device"":""mobile"",""promo"":""SPRING15""}","2026-06-06"
"4187","187","2026-06-06 01:33:41.437","CANCELLED","569.31","store","{""device"":""tablet"",""promo"":""LOYALTY5""}","2026-06-06"
"4188","188","2026-06-06 00:56:41.437","PLACED","569.44","web","{""device"":""desktop"",""promo"":""NONE""}","2026-06-06"
"4189","189","2026-06-06 00:19:41.437","SHIPPED","569.57","app","{""device"":""mobile"",""promo"":""WELCOME10""}","2026-06-06"
"4190","190","2026-06-05 23:42:41.437","DELIVERED","569.70","store","{""device"":""tablet"",""promo"":""SPRING15""}","2026-06-05"
"4191","191","2026-06-05 23:05:41.437","CANCELLED","569.83","web","{""device"":""desktop"",""promo"":""LOYALTY5""}","2026-06-05"
"4192","192","2026-06-05 22:28:41.437","PLACED","569.96","app","{""device"":""mobile"",""promo"":""NONE""}","2026-06-05"
"4193","193","2026-06-05 21:51:41.437","SHIPPED","570.09","store","{""device"":""tablet"",""promo"":""WELCOME10""}","2026-06-05"
"4194","194","2026-06-05 21:14:41.437","DELIVERED","570.22","web","{""device"":""desktop"",""promo"":""SPRING15""}","2026-06-05"
"4195","195","2026-06-05 20:37:41.437","CANCELLED","570.35","app","{""device"":""mobile"",""promo"":""LOYALTY5""}","2026-06-05"
"4196","196","2026-06-05 20:00:41.437","PLACED","570.48","store","{""device"":""tablet"",""promo"":""NONE""}","2026-06-05"
"4197","197","2026-06-05 19:23:41.437","SHIPPED","570.61","web","{""device"":""desktop"",""promo"":""WELCOME10""}","2026-06-05"
"4198","198","2026-06-05 18:46:41.437","DELIVERED","570.74","app","{""device"":""mobile"",""promo"":""SPRING15""}","2026-06-05"
"4199","199","2026-06-05 18:09:41.437","CANCELLED","570.87","store","{""device"":""tablet"",""promo"":""LOYALTY5""}","2026-06-05"
"4200","200","2026-06-05 17:32:41.437","PLACED","571.00","web","{""device"":""desktop"",""promo"":""NONE""}","2026-06-05"
"4201","1","2026-06-05 16:55:41.437","SHIPPED","571.13","app","{""device"":""mobile"",""promo"":""WELCOME10""}","2026-06-05"
"4202","2","2026-06-05 16:18:41.437","DELIVERED","571.26","store","{""device"":""tablet"",""promo"":""SPRING15""}","2026-06-05"
"4203","3","2026-06-05 15:41:41.437","CANCELLED","571.39","web","{""device"":""desktop"",""promo"":""LOYALTY5""}","2026-06-05"
"4204","4","2026-06-05 15:04:41.437","PLACED","571.52","app","{""device"":""mobile"",""promo"":""NONE""}","2026-06-05"
"4205","5","2026-06-05 14:27:41.437","SHIPPED","571.65","store","{""device"":""tablet"",""promo"":""WELCOME10""}","2026-06-05"
"4206","6","2026-06-05 13:50:41.437","DELIVERED","571.78","web","{""device"":""desktop"",""promo"":""SPRING15""}","2026-06-05"
"4207","7","2026-06-05 13:13:41.437","CANCELLED","571.91","app","{""device"":""mobile"",""promo"":""LOYALTY5""}","2026-06-05"
"4208","8","2026-06-05 12:36:41.437","PLACED","572.04","store","{""device"":""tablet"",""promo"":""NONE""}","2026-06-05"
"4209","9","2026-06-05 11:59:41.437","SHIPPED","572.17","web","{""device"":""desktop"",""promo"":""WELCOME10""}","2026-06-05"
"4210","10","2026-06-05 11:22:41.437","DELIVERED","572.30","app","{""device"":""mobile"",""promo"":""SPRING15""}","2026-06-05"
"4211","11","2026-06-05 10:45:41.437","CANCELLED","572.43","store","{""device"":""tablet"",""promo"":""LOYALTY5""}","2026-06-05"
"4212","12","2026-06-05 10:08:41.437","PLACED","572.56","web","{""device"":""desktop"",""promo"":""NONE""}","2026-06-05"
"4213","13","2026-06-05 09:31:41.437","SHIPPED","572.69","app","{""device"":""mobile"",""promo"":""WELCOME10""}","2026-06-05"
"4214","14","2026-06-05 08:54:41.437","DELIVERED","572.82","store","{""device"":""tablet"",""promo"":""SPRING15""}","2026-06-05"
"4215","15","2026-06-05 08:17:41.437","CANCELLED","572.95","web","{""device"":""desktop"",""promo"":""LOYALTY5""}","2026-06-05"
"4216","16","2026-06-05 07:40:41.437","PLACED","573.08","app","{""device"":""mobile"",""promo"":""NONE""}","2026-06-05"
"4217","17","2026-06-05 07:03:41.437","SHIPPED","573.21","store","{""device"":""tablet"",""promo"":""WELCOME10""}","2026-06-05"
"4218","18","2026-06-05 06:26:41.437","DELIVERED","573.34","web","{""device"":""desktop"",""promo"":""SPRING15""}","2026-06-05"
"4219","19","2026-06-05 05:49:41.437","CANCELLED","573.47","app","{""device"":""mobile"",""promo"":""LOYALTY5""}","2026-06-05"
"4220","20","2026-06-05 05:12:41.437","PLACED","573.60","store","{""device"":""tablet"",""promo"":""NONE""}","2026-06-05"
"4221","21","2026-06-05 04:35:41.437","SHIPPED","573.73","web","{""device"":""desktop"",""promo"":""WELCOME10""}","2026-06-05"
"4222","22","2026-06-05 03:58:41.437","DELIVERED","573.86","app","{""device"":""mobile"",""promo"":""SPRING15""}","2026-06-05"
"4223","23","2026-06-05 03:21:41.437","CANCELLED","573.99","store","{""device"":""tablet"",""promo"":""LOYALTY5""}","2026-06-05"
"4224","24","2026-06-05 02:44:41.437","PLACED","574.12","web","{""device"":""desktop"",""promo"":""NONE""}","2026-06-05"
"4225","25","2026-06-05 02:07:41.437","SHIPPED","574.25","app","{""device"":""mobile"",""promo"":""WELCOME10""}","2026-06-05"
"4226","26","2026-06-05 01:30:41.437","DELIVERED","574.38","store","{""device"":""tablet"",""promo"":""SPRING15""}","2026-06-05"
"4227","27","2026-06-05 00:53:41.437","CANCELLED","574.51","web","{""device"":""desktop"",""promo"":""LOYALTY5""}","2026-06-05"
"4228","28","2026-06-05 00:16:41.437","PLACED","574.64","app","{""device"":""mobile"",""promo"":""NONE""}","2026-06-05"
"4229","29","2026-06-04 23:39:41.437","SHIPPED","574.77","store","{""device"":""tablet"",""promo"":""WELCOME10""}","2026-06-04"
"4230","30","2026-06-04 23:02:41.437","DELIVERED","574.90","web","{""device"":""desktop"",""promo"":""SPRING15""}","2026-06-04"
"4231","31","2026-06-04 22:25:41.437","CANCELLED","575.03","app","{""device"":""mobile"",""promo"":""LOYALTY5""}","2026-06-04"
"4232","32","2026-06-04 21:48:41.437","PLACED","575.16","store","{""device"":""tablet"",""promo"":""NONE""}","2026-06-04"
"4233","33","2026-06-04 21:11:41.437","SHIPPED","575.29","web","{""device"":""desktop"",""promo"":""WELCOME10""}","2026-06-04"
"4234","34","2026-06-04 20:34:41.437","DELIVERED","575.42","app","{""device"":""mobile"",""promo"":""SPRING15""}","2026-06-04"
"4235","35","2026-06-04 19:57:41.437","CANCELLED","575.55","store","{""device"":""tablet"",""promo"":""LOYALTY5""}","2026-06-04"
"4236","36","2026-06-04 19:20:41.437","PLACED","575.68","web","{""device"":""desktop"",""promo"":""NONE""}","2026-06-04"
"4237","37","2026-06-04 18:43:41.437","SHIPPED","575.81","app","{""device"":""mobile"",""promo"":""WELCOME10""}","2026-06-04"
"4238","38","2026-06-04 18:06:41.437","DELIVERED","575.94","store","{""device"":""tablet"",""promo"":""SPRING15""}","2026-06-04"
"4239","39","2026-06-04 17:29:41.437","CANCELLED","576.07","web","{""device"":""desktop"",""promo"":""LOYALTY5""}","2026-06-04"
"4240","40","2026-06-04 16:52:41.437","PLACED","576.20","app","{""device"":""mobile"",""promo"":""NONE""}","2026-06-04"
"4241","41","2026-06-04 16:15:41.437","SHIPPED","576.33","store","{""device"":""tablet"",""promo"":""WELCOME10""}","2026-06-04"
"4242","42","2026-06-04 15:38:41.437","DELIVERED","576.46","web","{""device"":""desktop"",""promo"":""SPRING15""}","2026-06-04"
"4243","43","2026-06-04 15:01:41.437","CANCELLED","576.59","app","{""device"":""mobile"",""promo"":""LOYALTY5""}","2026-06-04"
"4244","44","2026-06-04 14:24:41.437","PLACED","576.72","store","{""device"":""tablet"",""promo"":""NONE""}","2026-06-04"
"4245","45","2026-06-04 13:47:41.437","SHIPPED","576.85","web","{""device"":""desktop"",""promo"":""WELCOME10""}","2026-06-04"
"4246","46","2026-06-04 13:10:41.437","DELIVERED","576.98","app","{""device"":""mobile"",""promo"":""SPRING15""}","2026-06-04"
"4247","47","2026-06-04 12:33:41.437","CANCELLED","577.11","store","{""device"":""tablet"",""promo"":""LOYALTY5""}","2026-06-04"
"4248","48","2026-06-04 11:56:41.437","PLACED","577.24","web","{""device"":""desktop"",""promo"":""NONE""}","2026-06-04"
"4249","49","2026-06-04 11:19:41.437","SHIPPED","577.37","app","{""device"":""mobile"",""promo"":""WELCOME10""}","2026-06-04"
"4250","50","2026-06-04 10:42:41.437","DELIVERED","577.50","store","{""device"":""tablet"",""promo"":""SPRING15""}","2026-06-04"
"4251","51","2026-06-04 10:05:41.437","CANCELLED","577.63","web","{""device"":""desktop"",""promo"":""LOYALTY5""}","2026-06-04"
"4252","52","2026-06-04 09:28:41.437","PLACED","577.76","app","{""device"":""mobile"",""promo"":""NONE""}","2026-06-04"
"4253","53","2026-06-04 08:51:41.437","SHIPPED","577.89","store","{""device"":""tablet"",""promo"":""WELCOME10""}","2026-06-04"
"4254","54","2026-06-04 08:14:41.437","DELIVERED","578.02","web","{""device"":""desktop"",""promo"":""SPRING15""}","2026-06-04"
"4255","55","2026-06-04 07:37:41.437","CANCELLED","578.15","app","{""device"":""mobile"",""promo"":""LOYALTY5""}","2026-06-04"
"4256","56","2026-06-04 07:00:41.437","PLACED","578.28","store","{""device"":""tablet"",""promo"":""NONE""}","2026-06-04"
"4257","57","2026-06-04 06:23:41.437","SHIPPED","578.41","web","{""device"":""desktop"",""promo"":""WELCOME10""}","2026-06-04"
"4258","58","2026-06-04 05:46:41.437","DELIVERED","578.54","app","{""device"":""mobile"",""promo"":""SPRING15""}","2026-06-04"
"4259","59","2026-06-04 05:09:41.437","CANCELLED","578.67","store","{""device"":""tablet"",""promo"":""LOYALTY5""}","2026-06-04"
"4260","60","2026-06-04 04:32:41.437","PLACED","578.80","web","{""device"":""desktop"",""promo"":""NONE""}","2026-06-04"
"4261","61","2026-06-04 03:55:41.437","SHIPPED","578.93","app","{""device"":""mobile"",""promo"":""WELCOME10""}","2026-06-04"
"4262","62","2026-06-04 03:18:41.437","DELIVERED","579.06","store","{""device"":""tablet"",""promo"":""SPRING15""}","2026-06-04"
"4263","63","2026-06-04 02:41:41.437","CANCELLED","579.19","web","{""device"":""desktop"",""promo"":""LOYALTY5""}","2026-06-04"
"4264","64","2026-06-04 02:04:41.437","PLACED","579.32","app","{""device"":""mobile"",""promo"":""NONE""}","2026-06-04"
"4265","65","2026-06-04 01:27:41.437","SHIPPED","579.45","store","{""device"":""tablet"",""promo"":""WELCOME10""}","2026-06-04"
"4266","66","2026-06-04 00:50:41.437","DELIVERED","579.58","web","{""device"":""desktop"",""promo"":""SPRING15""}","2026-06-04"
"4267","67","2026-06-04 00:13:41.437","CANCELLED","579.71","app","{""device"":""mobile"",""promo"":""LOYALTY5""}","2026-06-04"
"4268","68","2026-06-03 23:36:41.437","PLACED","579.84","store","{""device"":""tablet"",""promo"":""NONE""}","2026-06-03"
"4269","69","2026-06-03 22:59:41.437","SHIPPED","579.97","web","{""device"":""desktop"",""promo"":""WELCOME10""}","2026-06-03"
"4270","70","2026-06-03 22:22:41.437","DELIVERED","580.10","app","{""device"":""mobile"",""promo"":""SPRING15""}","2026-06-03"
"4271","71","2026-06-03 21:45:41.437","CANCELLED","580.23","store","{""device"":""tablet"",""promo"":""LOYALTY5""}","2026-06-03"
"4272","72","2026-06-03 21:08:41.437","PLACED","580.36","web","{""device"":""desktop"",""promo"":""NONE""}","2026-06-03"
"4273","73","2026-06-03 20:31:41.437","SHIPPED","580.49","app","{""device"":""mobile"",""promo"":""WELCOME10""}","2026-06-03"
"4274","74","2026-06-03 19:54:41.437","DELIVERED","580.62","store","{""device"":""tablet"",""promo"":""SPRING15""}","2026-06-03"
"4275","75","2026-06-03 19:17:41.437","CANCELLED","580.75","web","{""device"":""desktop"",""promo"":""LOYALTY5""}","2026-06-03"
"4276","76","2026-06-03 18:40:41.437","PLACED","580.88","app","{""device"":""mobile"",""promo"":""NONE""}","2026-06-03"
"4277","77","2026-06-03 18:03:41.437","SHIPPED","581.01","store","{""device"":""tablet"",""promo"":""WELCOME10""}","2026-06-03"
"4278","78","2026-06-03 17:26:41.437","DELIVERED","581.14","web","{""device"":""desktop"",""promo"":""SPRING15""}","2026-06-03"
"4279","79","2026-06-03 16:49:41.437","CANCELLED","581.27","app","{""device"":""mobile"",""promo"":""LOYALTY5""}","2026-06-03"
"4280","80","2026-06-03 16:12:41.437","PLACED","581.40","store","{""device"":""tablet"",""promo"":""NONE""}","2026-06-03"
"4281","81","2026-06-03 15:35:41.437","SHIPPED","581.53","web","{""device"":""desktop"",""promo"":""WELCOME10""}","2026-06-03"
"4282","82","2026-06-03 14:58:41.437","DELIVERED","581.66","app","{""device"":""mobile"",""promo"":""SPRING15""}","2026-06-03"
"4283","83","2026-06-03 14:21:41.437","CANCELLED","581.79","store","{""device"":""tablet"",""promo"":""LOYALTY5""}","2026-06-03"
"4284","84","2026-06-03 13:44:41.437","PLACED","581.92","web","{""device"":""desktop"",""promo"":""NONE""}","2026-06-03"
"4285","85","2026-06-03 13:07:41.437","SHIPPED","582.05","app","{""device"":""mobile"",""promo"":""WELCOME10""}","2026-06-03"
"4286","86","2026-06-03 12:30:41.437","DELIVERED","582.18","store","{""device"":""tablet"",""promo"":""SPRING15""}","2026-06-03"
"4287","87","2026-06-03 11:53:41.437","CANCELLED","582.31","web","{""device"":""desktop"",""promo"":""LOYALTY5""}","2026-06-03"
"4288","88","2026-06-03 11:16:41.437","PLACED","582.44","app","{""device"":""mobile"",""promo"":""NONE""}","2026-06-03"
"4289","89","2026-06-03 10:39:41.437","SHIPPED","582.57","store","{""device"":""tablet"",""promo"":""WELCOME10""}","2026-06-03"
"4290","90","2026-06-03 10:02:41.437","DELIVERED","582.70","web","{""device"":""desktop"",""promo"":""SPRING15""}","2026-06-03"
"4291","91","2026-06-03 09:25:41.437","CANCELLED","582.83","app","{""device"":""mobile"",""promo"":""LOYALTY5""}","2026-06-03"
"4292","92","2026-06-03 08:48:41.437","PLACED","582.96","store","{""device"":""tablet"",""promo"":""NONE""}","2026-06-03"
"4293","93","2026-06-03 08:11:41.437","SHIPPED","583.09","web","{""device"":""desktop"",""promo"":""WELCOME10""}","2026-06-03"
"4294","94","2026-06-03 07:34:41.437","DELIVERED","583.22","app","{""device"":""mobile"",""promo"":""SPRING15""}","2026-06-03"
"4295","95","2026-06-03 06:57:41.437","CANCELLED","583.35","store","{""device"":""tablet"",""promo"":""LOYALTY5""}","2026-06-03"
"4296","96","2026-06-03 06:20:41.437","PLACED","583.48","web","{""device"":""desktop"",""promo"":""NONE""}","2026-06-03"
"4297","97","2026-06-03 05:43:41.437","SHIPPED","583.61","app","{""device"":""mobile"",""promo"":""WELCOME10""}","2026-06-03"
"4298","98","2026-06-03 05:06:41.437","DELIVERED","583.74","store","{""device"":""tablet"",""promo"":""SPRING15""}","2026-06-03"
"4299","99","2026-06-03 04:29:41.437","CANCELLED","583.87","web","{""device"":""desktop"",""promo"":""LOYALTY5""}","2026-06-03"
"4300","100","2026-06-03 03:52:41.437","PLACED","584.00","app","{""device"":""mobile"",""promo"":""NONE""}","2026-06-03"
"4301","101","2026-06-03 03:15:41.437","SHIPPED","584.13","store","{""device"":""tablet"",""promo"":""WELCOME10""}","2026-06-03"
"4302","102","2026-06-03 02:38:41.437","DELIVERED","584.26","web","{""device"":""desktop"",""promo"":""SPRING15""}","2026-06-03"
"4303","103","2026-06-03 02:01:41.437","CANCELLED","584.39","app","{""device"":""mobile"",""promo"":""LOYALTY5""}","2026-06-03"
"4304","104","2026-06-03 01:24:41.437","PLACED","584.52","store","{""device"":""tablet"",""promo"":""NONE""}","2026-06-03"
"4305","105","2026-06-03 00:47:41.437","SHIPPED","584.65","web","{""device"":""desktop"",""promo"":""WELCOME10""}","2026-06-03"
"4306","106","2026-06-03 00:10:41.437","DELIVERED","584.78","app","{""device"":""mobile"",""promo"":""SPRING15""}","2026-06-03"
"4307","107","2026-06-02 23:33:41.437","CANCELLED","584.91","store","{""device"":""tablet"",""promo"":""LOYALTY5""}","2026-06-02"
"4308","108","2026-06-02 22:56:41.437","PLACED","585.04","web","{""device"":""desktop"",""promo"":""NONE""}","2026-06-02"
"4309","109","2026-06-02 22:19:41.437","SHIPPED","585.17","app","{""device"":""mobile"",""promo"":""WELCOME10""}","2026-06-02"
"4310","110","2026-06-02 21:42:41.437","DELIVERED","585.30","store","{""device"":""tablet"",""promo"":""SPRING15""}","2026-06-02"
"4311","111","2026-06-02 21:05:41.437","CANCELLED","585.43","web","{""device"":""desktop"",""promo"":""LOYALTY5""}","2026-06-02"
"4312","112","2026-06-02 20:28:41.437","PLACED","585.56","app","{""device"":""mobile"",""promo"":""NONE""}","2026-06-02"
"4313","113","2026-06-02 19:51:41.437","SHIPPED","585.69","store","{""device"":""tablet"",""promo"":""WELCOME10""}","2026-06-02"
"4314","114","2026-06-02 19:14:41.437","DELIVERED","585.82","web","{""device"":""desktop"",""promo"":""SPRING15""}","2026-06-02"
"4315","115","2026-06-02 18:37:41.437","CANCELLED","585.95","app","{""device"":""mobile"",""promo"":""LOYALTY5""}","2026-06-02"
"4316","116","2026-06-02 18:00:41.437","PLACED","586.08","store","{""device"":""tablet"",""promo"":""NONE""}","2026-06-02"
"4317","117","2026-06-02 17:23:41.437","SHIPPED","586.21","web","{""device"":""desktop"",""promo"":""WELCOME10""}","2026-06-02"
"4318","118","2026-06-02 16:46:41.437","DELIVERED","586.34","app","{""device"":""mobile"",""promo"":""SPRING15""}","2026-06-02"
"4319","119","2026-06-02 16:09:41.437","CANCELLED","586.47","store","{""device"":""tablet"",""promo"":""LOYALTY5""}","2026-06-02"
"4320","120","2026-06-02 15:32:41.437","PLACED","586.60","web","{""device"":""desktop"",""promo"":""NONE""}","2026-06-02"
"4321","121","2026-06-02 14:55:41.437","SHIPPED","586.73","app","{""device"":""mobile"",""promo"":""WELCOME10""}","2026-06-02"
"4322","122","2026-06-02 14:18:41.437","DELIVERED","586.86","store","{""device"":""tablet"",""promo"":""SPRING15""}","2026-06-02"
"4323","123","2026-06-02 13:41:41.437","CANCELLED","586.99","web","{""device"":""desktop"",""promo"":""LOYALTY5""}","2026-06-02"
"4324","124","2026-06-02 13:04:41.437","PLACED","587.12","app","{""device"":""mobile"",""promo"":""NONE""}","2026-06-02"
"4325","125","2026-06-02 12:27:41.437","SHIPPED","587.25","store","{""device"":""tablet"",""promo"":""WELCOME10""}","2026-06-02"
"4326","126","2026-06-02 11:50:41.437","DELIVERED","587.38","web","{""device"":""desktop"",""promo"":""SPRING15""}","2026-06-02"
"4327","127","2026-06-02 11:13:41.437","CANCELLED","587.51","app","{""device"":""mobile"",""promo"":""LOYALTY5""}","2026-06-02"
"4328","128","2026-06-02 10:36:41.437","PLACED","587.64","store","{""device"":""tablet"",""promo"":""NONE""}","2026-06-02"
"4329","129","2026-06-02 09:59:41.437","SHIPPED","587.77","web","{""device"":""desktop"",""promo"":""WELCOME10""}","2026-06-02"
"4330","130","2026-06-02 09:22:41.437","DELIVERED","587.90","app","{""device"":""mobile"",""promo"":""SPRING15""}","2026-06-02"
"4331","131","2026-06-02 08:45:41.437","CANCELLED","588.03","store","{""device"":""tablet"",""promo"":""LOYALTY5""}","2026-06-02"
"4332","132","2026-06-02 08:08:41.437","PLACED","588.16","web","{""device"":""desktop"",""promo"":""NONE""}","2026-06-02"
"4333","133","2026-06-02 07:31:41.437","SHIPPED","588.29","app","{""device"":""mobile"",""promo"":""WELCOME10""}","2026-06-02"
"4334","134","2026-06-02 06:54:41.437","DELIVERED","588.42","store","{""device"":""tablet"",""promo"":""SPRING15""}","2026-06-02"
"4335","135","2026-06-02 06:17:41.437","CANCELLED","588.55","web","{""device"":""desktop"",""promo"":""LOYALTY5""}","2026-06-02"
"4336","136","2026-06-02 05:40:41.437","PLACED","588.68","app","{""device"":""mobile"",""promo"":""NONE""}","2026-06-02"
"4337","137","2026-06-02 05:03:41.437","SHIPPED","588.81","store","{""device"":""tablet"",""promo"":""WELCOME10""}","2026-06-02"
"4338","138","2026-06-02 04:26:41.437","DELIVERED","588.94","web","{""device"":""desktop"",""promo"":""SPRING15""}","2026-06-02"
"4339","139","2026-06-02 03:49:41.437","CANCELLED","589.07","app","{""device"":""mobile"",""promo"":""LOYALTY5""}","2026-06-02"
"4340","140","2026-06-02 03:12:41.437","PLACED","589.20","store","{""device"":""tablet"",""promo"":""NONE""}","2026-06-02"
"4341","141","2026-06-02 02:35:41.437","SHIPPED","589.33","web","{""device"":""desktop"",""promo"":""WELCOME10""}","2026-06-02"
"4342","142","2026-06-02 01:58:41.437","DELIVERED","589.46","app","{""device"":""mobile"",""promo"":""SPRING15""}","2026-06-02"
"4343","143","2026-06-02 01:21:41.437","CANCELLED","589.59","store","{""device"":""tablet"",""promo"":""LOYALTY5""}","2026-06-02"
"4344","144","2026-06-02 00:44:41.437","PLACED","589.72","web","{""device"":""desktop"",""promo"":""NONE""}","2026-06-02"
"4345","145","2026-06-02 00:07:41.437","SHIPPED","589.85","app","{""device"":""mobile"",""promo"":""WELCOME10""}","2026-06-02"
"4346","146","2026-06-01 23:30:41.437","DELIVERED","589.98","store","{""device"":""tablet"",""promo"":""SPRING15""}","2026-06-01"
"4347","147","2026-06-01 22:53:41.437","CANCELLED","590.11","web","{""device"":""desktop"",""promo"":""LOYALTY5""}","2026-06-01"
"4348","148","2026-06-01 22:16:41.437","PLACED","590.24","app","{""device"":""mobile"",""promo"":""NONE""}","2026-06-01"
"4349","149","2026-06-01 21:39:41.437","SHIPPED","590.37","store","{""device"":""tablet"",""promo"":""WELCOME10""}","2026-06-01"
"4350","150","2026-06-01 21:02:41.437","DELIVERED","590.50","web","{""device"":""desktop"",""promo"":""SPRING15""}","2026-06-01"
"4351","151","2026-06-01 20:25:41.437","CANCELLED","590.63","app","{""device"":""mobile"",""promo"":""LOYALTY5""}","2026-06-01"
"4352","152","2026-06-01 19:48:41.437","PLACED","590.76","store","{""device"":""tablet"",""promo"":""NONE""}","2026-06-01"
"4353","153","2026-06-01 19:11:41.437","SHIPPED","590.89","web","{""device"":""desktop"",""promo"":""WELCOME10""}","2026-06-01"
"4354","154","2026-06-01 18:34:41.437","DELIVERED","591.02","app","{""device"":""mobile"",""promo"":""SPRING15""}","2026-06-01"
"4355","155","2026-06-01 17:57:41.437","CANCELLED","591.15","store","{""device"":""tablet"",""promo"":""LOYALTY5""}","2026-06-01"
"4356","156","2026-06-01 17:20:41.437","PLACED","591.28","web","{""device"":""desktop"",""promo"":""NONE""}","2026-06-01"
"4357","157","2026-06-01 16:43:41.437","SHIPPED","591.41","app","{""device"":""mobile"",""promo"":""WELCOME10""}","2026-06-01"
"4358","158","2026-06-01 16:06:41.437","DELIVERED","591.54","store","{""device"":""tablet"",""promo"":""SPRING15""}","2026-06-01"
"4359","159","2026-06-01 15:29:41.437","CANCELLED","591.67","web","{""device"":""desktop"",""promo"":""LOYALTY5""}","2026-06-01"
"4360","160","2026-06-01 14:52:41.437","PLACED","591.80","app","{""device"":""mobile"",""promo"":""NONE""}","2026-06-01"
"4361","161","2026-06-01 14:15:41.437","SHIPPED","591.93","store","{""device"":""tablet"",""promo"":""WELCOME10""}","2026-06-01"
"4362","162","2026-06-01 13:38:41.437","DELIVERED","592.06","web","{""device"":""desktop"",""promo"":""SPRING15""}","2026-06-01"
"4363","163","2026-06-01 13:01:41.437","CANCELLED","592.19","app","{""device"":""mobile"",""promo"":""LOYALTY5""}","2026-06-01"
"4364","164","2026-06-01 12:24:41.437","PLACED","592.32","store","{""device"":""tablet"",""promo"":""NONE""}","2026-06-01"
"4365","165","2026-06-01 11:47:41.437","SHIPPED","592.45","web","{""device"":""desktop"",""promo"":""WELCOME10""}","2026-06-01"
"4366","166","2026-06-01 11:10:41.437","DELIVERED","592.58","app","{""device"":""mobile"",""promo"":""SPRING15""}","2026-06-01"
"4367","167","2026-06-01 10:33:41.437","CANCELLED","592.71","store","{""device"":""tablet"",""promo"":""LOYALTY5""}","2026-06-01"
"4368","168","2026-06-01 09:56:41.437","PLACED","592.84","web","{""device"":""desktop"",""promo"":""NONE""}","2026-06-01"
"4369","169","2026-06-01 09:19:41.437","SHIPPED","592.97","app","{""device"":""mobile"",""promo"":""WELCOME10""}","2026-06-01"
"4370","170","2026-06-01 08:42:41.437","DELIVERED","593.10","store","{""device"":""tablet"",""promo"":""SPRING15""}","2026-06-01"
"4371","171","2026-06-01 08:05:41.437","CANCELLED","593.23","web","{""device"":""desktop"",""promo"":""LOYALTY5""}","2026-06-01"
"4372","172","2026-06-01 07:28:41.437","PLACED","593.36","app","{""device"":""mobile"",""promo"":""NONE""}","2026-06-01"
"4373","173","2026-06-01 06:51:41.437","SHIPPED","593.49","store","{""device"":""tablet"",""promo"":""WELCOME10""}","2026-06-01"
"4374","174","2026-06-01 06:14:41.437","DELIVERED","593.62","web","{""device"":""desktop"",""promo"":""SPRING15""}","2026-06-01"
"4375","175","2026-06-01 05:37:41.437","CANCELLED","593.75","app","{""device"":""mobile"",""promo"":""LOYALTY5""}","2026-06-01"
"4376","176","2026-06-01 05:00:41.437","PLACED","593.88","store","{""device"":""tablet"",""promo"":""NONE""}","2026-06-01"
"4377","177","2026-06-01 04:23:41.437","SHIPPED","594.01","web","{""device"":""desktop"",""promo"":""WELCOME10""}","2026-06-01"
"4378","178","2026-06-01 03:46:41.437","DELIVERED","594.14","app","{""device"":""mobile"",""promo"":""SPRING15""}","2026-06-01"
"4379","179","2026-06-01 03:09:41.437","CANCELLED","594.27","store","{""device"":""tablet"",""promo"":""LOYALTY5""}","2026-06-01"
"4380","180","2026-06-01 02:32:41.437","PLACED","594.40","web","{""device"":""desktop"",""promo"":""NONE""}","2026-06-01"
"4381","181","2026-06-01 01:55:41.437","SHIPPED","594.53","app","{""device"":""mobile"",""promo"":""WELCOME10""}","2026-06-01"
"4382","182","2026-06-01 01:18:41.437","DELIVERED","594.66","store","{""device"":""tablet"",""promo"":""SPRING15""}","2026-06-01"
"4383","183","2026-06-01 00:41:41.437","CANCELLED","594.79","web","{""device"":""desktop"",""promo"":""LOYALTY5""}","2026-06-01"
"4384","184","2026-06-01 00:04:41.437","PLACED","594.92","app","{""device"":""mobile"",""promo"":""NONE""}","2026-06-01"
"4385","185","2026-05-31 23:27:41.437","SHIPPED","595.05","store","{""device"":""tablet"",""promo"":""WELCOME10""}","2026-05-31"
"4386","186","2026-05-31 22:50:41.437","DELIVERED","595.18","web","{""device"":""desktop"",""promo"":""SPRING15""}","2026-05-31"
"4387","187","2026-05-31 22:13:41.437","CANCELLED","595.31","app","{""device"":""mobile"",""promo"":""LOYALTY5""}","2026-05-31"
"4388","188","2026-05-31 21:36:41.437","PLACED","595.44","store","{""device"":""tablet"",""promo"":""NONE""}","2026-05-31"
"4389","189","2026-05-31 20:59:41.437","SHIPPED","595.57","web","{""device"":""desktop"",""promo"":""WELCOME10""}","2026-05-31"
"4390","190","2026-05-31 20:22:41.437","DELIVERED","595.70","app","{""device"":""mobile"",""promo"":""SPRING15""}","2026-05-31"
"4391","191","2026-05-31 19:45:41.437","CANCELLED","595.83","store","{""device"":""tablet"",""promo"":""LOYALTY5""}","2026-05-31"
"4392","192","2026-05-31 19:08:41.437","PLACED","595.96","web","{""device"":""desktop"",""promo"":""NONE""}","2026-05-31"
"4393","193","2026-05-31 18:31:41.437","SHIPPED","596.09","app","{""device"":""mobile"",""promo"":""WELCOME10""}","2026-05-31"
"4394","194","2026-05-31 17:54:41.437","DELIVERED","596.22","store","{""device"":""tablet"",""promo"":""SPRING15""}","2026-05-31"
"4395","195","2026-05-31 17:17:41.437","CANCELLED","596.35","web","{""device"":""desktop"",""promo"":""LOYALTY5""}","2026-05-31"
"4396","196","2026-05-31 16:40:41.437","PLACED","596.48","app","{""device"":""mobile"",""promo"":""NONE""}","2026-05-31"
"4397","197","2026-05-31 16:03:41.437","SHIPPED","596.61","store","{""device"":""tablet"",""promo"":""WELCOME10""}","2026-05-31"
"4398","198","2026-05-31 15:26:41.437","DELIVERED","596.74","web","{""device"":""desktop"",""promo"":""SPRING15""}","2026-05-31"
"4399","199","2026-05-31 14:49:41.437","CANCELLED","596.87","app","{""device"":""mobile"",""promo"":""LOYALTY5""}","2026-05-31"
"4400","200","2026-05-31 14:12:41.437","PLACED","597.00","store","{""device"":""tablet"",""promo"":""NONE""}","2026-05-31"
"4401","1","2026-05-31 13:35:41.437","SHIPPED","597.13","web","{""device"":""desktop"",""promo"":""WELCOME10""}","2026-05-31"
"4402","2","2026-05-31 12:58:41.437","DELIVERED","597.26","app","{""device"":""mobile"",""promo"":""SPRING15""}","2026-05-31"
"4403","3","2026-05-31 12:21:41.437","CANCELLED","597.39","store","{""device"":""tablet"",""promo"":""LOYALTY5""}","2026-05-31"
"4404","4","2026-05-31 11:44:41.437","PLACED","597.52","web","{""device"":""desktop"",""promo"":""NONE""}","2026-05-31"
"4405","5","2026-05-31 11:07:41.437","SHIPPED","597.65","app","{""device"":""mobile"",""promo"":""WELCOME10""}","2026-05-31"
"4406","6","2026-05-31 10:30:41.437","DELIVERED","597.78","store","{""device"":""tablet"",""promo"":""SPRING15""}","2026-05-31"
"4407","7","2026-05-31 09:53:41.437","CANCELLED","597.91","web","{""device"":""desktop"",""promo"":""LOYALTY5""}","2026-05-31"
"4408","8","2026-05-31 09:16:41.437","PLACED","598.04","app","{""device"":""mobile"",""promo"":""NONE""}","2026-05-31"
"4409","9","2026-05-31 08:39:41.437","SHIPPED","598.17","store","{""device"":""tablet"",""promo"":""WELCOME10""}","2026-05-31"
"4410","10","2026-05-31 08:02:41.437","DELIVERED","598.30","web","{""device"":""desktop"",""promo"":""SPRING15""}","2026-05-31"
"4411","11","2026-05-31 07:25:41.437","CANCELLED","598.43","app","{""device"":""mobile"",""promo"":""LOYALTY5""}","2026-05-31"
"4412","12","2026-05-31 06:48:41.437","PLACED","598.56","store","{""device"":""tablet"",""promo"":""NONE""}","2026-05-31"
"4413","13","2026-05-31 06:11:41.437","SHIPPED","598.69","web","{""device"":""desktop"",""promo"":""WELCOME10""}","2026-05-31"
"4414","14","2026-05-31 05:34:41.437","DELIVERED","598.82","app","{""device"":""mobile"",""promo"":""SPRING15""}","2026-05-31"
"4415","15","2026-05-31 04:57:41.437","CANCELLED","598.95","store","{""device"":""tablet"",""promo"":""LOYALTY5""}","2026-05-31"
"4416","16","2026-05-31 04:20:41.437","PLACED","599.08","web","{""device"":""desktop"",""promo"":""NONE""}","2026-05-31"
"4417","17","2026-05-31 03:43:41.437","SHIPPED","599.21","app","{""device"":""mobile"",""promo"":""WELCOME10""}","2026-05-31"
"4418","18","2026-05-31 03:06:41.437","DELIVERED","599.34","store","{""device"":""tablet"",""promo"":""SPRING15""}","2026-05-31"
"4419","19","2026-05-31 02:29:41.437","CANCELLED","599.47","web","{""device"":""desktop"",""promo"":""LOYALTY5""}","2026-05-31"
"4420","20","2026-05-31 01:52:41.437","PLACED","599.60","app","{""device"":""mobile"",""promo"":""NONE""}","2026-05-31"
"4421","21","2026-05-31 01:15:41.437","SHIPPED","599.73","store","{""device"":""tablet"",""promo"":""WELCOME10""}","2026-05-31"
"4422","22","2026-05-31 00:38:41.437","DELIVERED","599.86","web","{""device"":""desktop"",""promo"":""SPRING15""}","2026-05-31"
"4423","23","2026-05-31 00:01:41.437","CANCELLED","599.99","app","{""device"":""mobile"",""promo"":""LOYALTY5""}","2026-05-31"
"4424","24","2026-05-30 23:24:41.437","PLACED","600.12","store","{""device"":""tablet"",""promo"":""NONE""}","2026-05-30"
"4425","25","2026-05-30 22:47:41.437","SHIPPED","600.25","web","{""device"":""desktop"",""promo"":""WELCOME10""}","2026-05-30"
"4426","26","2026-05-30 22:10:41.437","DELIVERED","600.38","app","{""device"":""mobile"",""promo"":""SPRING15""}","2026-05-30"
"4427","27","2026-05-30 21:33:41.437","CANCELLED","600.51","store","{""device"":""tablet"",""promo"":""LOYALTY5""}","2026-05-30"
"4428","28","2026-05-30 20:56:41.437","PLACED","600.64","web","{""device"":""desktop"",""promo"":""NONE""}","2026-05-30"
"4429","29","2026-05-30 20:19:41.437","SHIPPED","600.77","app","{""device"":""mobile"",""promo"":""WELCOME10""}","2026-05-30"
"4430","30","2026-05-30 19:42:41.437","DELIVERED","600.90","store","{""device"":""tablet"",""promo"":""SPRING15""}","2026-05-30"
"4431","31","2026-05-30 19:05:41.437","CANCELLED","601.03","web","{""device"":""desktop"",""promo"":""LOYALTY5""}","2026-05-30"
"4432","32","2026-05-30 18:28:41.437","PLACED","601.16","app","{""device"":""mobile"",""promo"":""NONE""}","2026-05-30"
"4433","33","2026-05-30 17:51:41.437","SHIPPED","601.29","store","{""device"":""tablet"",""promo"":""WELCOME10""}","2026-05-30"
"4434","34","2026-05-30 17:14:41.437","DELIVERED","601.42","web","{""device"":""desktop"",""promo"":""SPRING15""}","2026-05-30"
"4435","35","2026-05-30 16:37:41.437","CANCELLED","601.55","app","{""device"":""mobile"",""promo"":""LOYALTY5""}","2026-05-30"
"4436","36","2026-05-30 16:00:41.437","PLACED","601.68","store","{""device"":""tablet"",""promo"":""NONE""}","2026-05-30"
"4437","37","2026-05-30 15:23:41.437","SHIPPED","601.81","web","{""device"":""desktop"",""promo"":""WELCOME10""}","2026-05-30"
"4438","38","2026-05-30 14:46:41.437","DELIVERED","601.94","app","{""device"":""mobile"",""promo"":""SPRING15""}","2026-05-30"
"4439","39","2026-05-30 14:09:41.437","CANCELLED","602.07","store","{""device"":""tablet"",""promo"":""LOYALTY5""}","2026-05-30"
"4440","40","2026-05-30 13:32:41.437","PLACED","602.20","web","{""device"":""desktop"",""promo"":""NONE""}","2026-05-30"
"4441","41","2026-05-30 12:55:41.437","SHIPPED","602.33","app","{""device"":""mobile"",""promo"":""WELCOME10""}","2026-05-30"
"4442","42","2026-05-30 12:18:41.437","DELIVERED","602.46","store","{""device"":""tablet"",""promo"":""SPRING15""}","2026-05-30"
"4443","43","2026-05-30 11:41:41.437","CANCELLED","602.59","web","{""device"":""desktop"",""promo"":""LOYALTY5""}","2026-05-30"
"4444","44","2026-05-30 11:04:41.437","PLACED","602.72","app","{""device"":""mobile"",""promo"":""NONE""}","2026-05-30"
"4445","45","2026-05-30 10:27:41.437","SHIPPED","602.85","store","{""device"":""tablet"",""promo"":""WELCOME10""}","2026-05-30"
"4446","46","2026-05-30 09:50:41.437","DELIVERED","602.98","web","{""device"":""desktop"",""promo"":""SPRING15""}","2026-05-30"
"4447","47","2026-05-30 09:13:41.437","CANCELLED","603.11","app","{""device"":""mobile"",""promo"":""LOYALTY5""}","2026-05-30"
"4448","48","2026-05-30 08:36:41.437","PLACED","603.24","store","{""device"":""tablet"",""promo"":""NONE""}","2026-05-30"
"4449","49","2026-05-30 07:59:41.437","SHIPPED","603.37","web","{""device"":""desktop"",""promo"":""WELCOME10""}","2026-05-30"
"4450","50","2026-05-30 07:22:41.437","DELIVERED","603.50","app","{""device"":""mobile"",""promo"":""SPRING15""}","2026-05-30"
"4451","51","2026-05-30 06:45:41.437","CANCELLED","603.63","store","{""device"":""tablet"",""promo"":""LOYALTY5""}","2026-05-30"
"4452","52","2026-05-30 06:08:41.437","PLACED","603.76","web","{""device"":""desktop"",""promo"":""NONE""}","2026-05-30"
"4453","53","2026-05-30 05:31:41.437","SHIPPED","603.89","app","{""device"":""mobile"",""promo"":""WELCOME10""}","2026-05-30"
"4454","54","2026-05-30 04:54:41.437","DELIVERED","604.02","store","{""device"":""tablet"",""promo"":""SPRING15""}","2026-05-30"
"4455","55","2026-05-30 04:17:41.437","CANCELLED","604.15","web","{""device"":""desktop"",""promo"":""LOYALTY5""}","2026-05-30"
"4456","56","2026-05-30 03:40:41.437","PLACED","604.28","app","{""device"":""mobile"",""promo"":""NONE""}","2026-05-30"
"4457","57","2026-05-30 03:03:41.437","SHIPPED","604.41","store","{""device"":""tablet"",""promo"":""WELCOME10""}","2026-05-30"
"4458","58","2026-05-30 02:26:41.437","DELIVERED","604.54","web","{""device"":""desktop"",""promo"":""SPRING15""}","2026-05-30"
"4459","59","2026-05-30 01:49:41.437","CANCELLED","604.67","app","{""device"":""mobile"",""promo"":""LOYALTY5""}","2026-05-30"
"4460","60","2026-05-30 01:12:41.437","PLACED","604.80","store","{""device"":""tablet"",""promo"":""NONE""}","2026-05-30"
"4461","61","2026-05-30 00:35:41.437","SHIPPED","604.93","web","{""device"":""desktop"",""promo"":""WELCOME10""}","2026-05-30"
"4462","62","2026-05-29 23:58:41.437","DELIVERED","605.06","app","{""device"":""mobile"",""promo"":""SPRING15""}","2026-05-29"
"4463","63","2026-05-29 23:21:41.437","CANCELLED","605.19","store","{""device"":""tablet"",""promo"":""LOYALTY5""}","2026-05-29"
"4464","64","2026-05-29 22:44:41.437","PLACED","605.32","web","{""device"":""desktop"",""promo"":""NONE""}","2026-05-29"
"4465","65","2026-05-29 22:07:41.437","SHIPPED","605.45","app","{""device"":""mobile"",""promo"":""WELCOME10""}","2026-05-29"
"4466","66","2026-05-29 21:30:41.437","DELIVERED","605.58","store","{""device"":""tablet"",""promo"":""SPRING15""}","2026-05-29"
"4467","67","2026-05-29 20:53:41.437","CANCELLED","605.71","web","{""device"":""desktop"",""promo"":""LOYALTY5""}","2026-05-29"
"4468","68","2026-05-29 20:16:41.437","PLACED","605.84","app","{""device"":""mobile"",""promo"":""NONE""}","2026-05-29"
"4469","69","2026-05-29 19:39:41.437","SHIPPED","605.97","store","{""device"":""tablet"",""promo"":""WELCOME10""}","2026-05-29"
"4470","70","2026-05-29 19:02:41.437","DELIVERED","606.10","web","{""device"":""desktop"",""promo"":""SPRING15""}","2026-05-29"
"4471","71","2026-05-29 18:25:41.437","CANCELLED","606.23","app","{""device"":""mobile"",""promo"":""LOYALTY5""}","2026-05-29"
"4472","72","2026-05-29 17:48:41.437","PLACED","606.36","store","{""device"":""tablet"",""promo"":""NONE""}","2026-05-29"
"4473","73","2026-05-29 17:11:41.437","SHIPPED","606.49","web","{""device"":""desktop"",""promo"":""WELCOME10""}","2026-05-29"
"4474","74","2026-05-29 16:34:41.437","DELIVERED","606.62","app","{""device"":""mobile"",""promo"":""SPRING15""}","2026-05-29"
"4475","75","2026-05-29 15:57:41.437","CANCELLED","606.75","store","{""device"":""tablet"",""promo"":""LOYALTY5""}","2026-05-29"
"4476","76","2026-05-29 15:20:41.437","PLACED","606.88","web","{""device"":""desktop"",""promo"":""NONE""}","2026-05-29"
"4477","77","2026-05-29 14:43:41.437","SHIPPED","607.01","app","{""device"":""mobile"",""promo"":""WELCOME10""}","2026-05-29"
"4478","78","2026-05-29 14:06:41.437","DELIVERED","607.14","store","{""device"":""tablet"",""promo"":""SPRING15""}","2026-05-29"
"4479","79","2026-05-29 13:29:41.437","CANCELLED","607.27","web","{""device"":""desktop"",""promo"":""LOYALTY5""}","2026-05-29"
"4480","80","2026-05-29 12:52:41.437","PLACED","607.40","app","{""device"":""mobile"",""promo"":""NONE""}","2026-05-29"
"4481","81","2026-05-29 12:15:41.437","SHIPPED","607.53","store","{""device"":""tablet"",""promo"":""WELCOME10""}","2026-05-29"
"4482","82","2026-05-29 11:38:41.437","DELIVERED","607.66","web","{""device"":""desktop"",""promo"":""SPRING15""}","2026-05-29"
"4483","83","2026-05-29 11:01:41.437","CANCELLED","607.79","app","{""device"":""mobile"",""promo"":""LOYALTY5""}","2026-05-29"
"4484","84","2026-05-29 10:24:41.437","PLACED","607.92","store","{""device"":""tablet"",""promo"":""NONE""}","2026-05-29"
"4485","85","2026-05-29 09:47:41.437","SHIPPED","608.05","web","{""device"":""desktop"",""promo"":""WELCOME10""}","2026-05-29"
"4486","86","2026-05-29 09:10:41.437","DELIVERED","608.18","app","{""device"":""mobile"",""promo"":""SPRING15""}","2026-05-29"
"4487","87","2026-05-29 08:33:41.437","CANCELLED","608.31","store","{""device"":""tablet"",""promo"":""LOYALTY5""}","2026-05-29"
"4488","88","2026-05-29 07:56:41.437","PLACED","608.44","web","{""device"":""desktop"",""promo"":""NONE""}","2026-05-29"
"4489","89","2026-05-29 07:19:41.437","SHIPPED","608.57","app","{""device"":""mobile"",""promo"":""WELCOME10""}","2026-05-29"
"4490","90","2026-05-29 06:42:41.437","DELIVERED","608.70","store","{""device"":""tablet"",""promo"":""SPRING15""}","2026-05-29"
"4491","91","2026-05-29 06:05:41.437","CANCELLED","608.83","web","{""device"":""desktop"",""promo"":""LOYALTY5""}","2026-05-29"
"4492","92","2026-05-29 05:28:41.437","PLACED","608.96","app","{""device"":""mobile"",""promo"":""NONE""}","2026-05-29"
"4493","93","2026-05-29 04:51:41.437","SHIPPED","609.09","store","{""device"":""tablet"",""promo"":""WELCOME10""}","2026-05-29"
"4494","94","2026-05-29 04:14:41.437","DELIVERED","609.22","web","{""device"":""desktop"",""promo"":""SPRING15""}","2026-05-29"
"4495","95","2026-05-29 03:37:41.437","CANCELLED","609.35","app","{""device"":""mobile"",""promo"":""LOYALTY5""}","2026-05-29"
"4496","96","2026-05-29 03:00:41.437","PLACED","609.48","store","{""device"":""tablet"",""promo"":""NONE""}","2026-05-29"
"4497","97","2026-05-29 02:23:41.437","SHIPPED","609.61","web","{""device"":""desktop"",""promo"":""WELCOME10""}","2026-05-29"
"4498","98","2026-05-29 01:46:41.437","DELIVERED","609.74","app","{""device"":""mobile"",""promo"":""SPRING15""}","2026-05-29"
"4499","99","2026-05-29 01:09:41.437","CANCELLED","609.87","store","{""device"":""tablet"",""promo"":""LOYALTY5""}","2026-05-29"
"4500","100","2026-05-29 00:32:41.437","PLACED","610.00","web","{""device"":""desktop"",""promo"":""NONE""}","2026-05-29"
"4501","101","2026-05-28 23:55:41.437","SHIPPED","610.13","app","{""device"":""mobile"",""promo"":""WELCOME10""}","2026-05-28"
"4502","102","2026-05-28 23:18:41.437","DELIVERED","610.26","store","{""device"":""tablet"",""promo"":""SPRING15""}","2026-05-28"
"4503","103","2026-05-28 22:41:41.437","CANCELLED","610.39","web","{""device"":""desktop"",""promo"":""LOYALTY5""}","2026-05-28"
"4504","104","2026-05-28 22:04:41.437","PLACED","610.52","app","{""device"":""mobile"",""promo"":""NONE""}","2026-05-28"
"4505","105","2026-05-28 21:27:41.437","SHIPPED","610.65","store","{""device"":""tablet"",""promo"":""WELCOME10""}","2026-05-28"
"4506","106","2026-05-28 20:50:41.437","DELIVERED","610.78","web","{""device"":""desktop"",""promo"":""SPRING15""}","2026-05-28"
"4507","107","2026-05-28 20:13:41.437","CANCELLED","610.91","app","{""device"":""mobile"",""promo"":""LOYALTY5""}","2026-05-28"
"4508","108","2026-05-28 19:36:41.437","PLACED","611.04","store","{""device"":""tablet"",""promo"":""NONE""}","2026-05-28"
"4509","109","2026-05-28 18:59:41.437","SHIPPED","611.17","web","{""device"":""desktop"",""promo"":""WELCOME10""}","2026-05-28"
"4510","110","2026-05-28 18:22:41.437","DELIVERED","611.30","app","{""device"":""mobile"",""promo"":""SPRING15""}","2026-05-28"
"4511","111","2026-05-28 17:45:41.437","CANCELLED","611.43","store","{""device"":""tablet"",""promo"":""LOYALTY5""}","2026-05-28"
"4512","112","2026-05-28 17:08:41.437","PLACED","611.56","web","{""device"":""desktop"",""promo"":""NONE""}","2026-05-28"
"4513","113","2026-05-28 16:31:41.437","SHIPPED","611.69","app","{""device"":""mobile"",""promo"":""WELCOME10""}","2026-05-28"
"4514","114","2026-05-28 15:54:41.437","DELIVERED","611.82","store","{""device"":""tablet"",""promo"":""SPRING15""}","2026-05-28"
"4515","115","2026-05-28 15:17:41.437","CANCELLED","611.95","web","{""device"":""desktop"",""promo"":""LOYALTY5""}","2026-05-28"
"4516","116","2026-05-28 14:40:41.437","PLACED","612.08","app","{""device"":""mobile"",""promo"":""NONE""}","2026-05-28"
"4517","117","2026-05-28 14:03:41.437","SHIPPED","612.21","store","{""device"":""tablet"",""promo"":""WELCOME10""}","2026-05-28"
"4518","118","2026-05-28 13:26:41.437","DELIVERED","612.34","web","{""device"":""desktop"",""promo"":""SPRING15""}","2026-05-28"
"4519","119","2026-05-28 12:49:41.437","CANCELLED","612.47","app","{""device"":""mobile"",""promo"":""LOYALTY5""}","2026-05-28"
"4520","120","2026-05-28 12:12:41.437","PLACED","612.60","store","{""device"":""tablet"",""promo"":""NONE""}","2026-05-28"
"4521","121","2026-05-28 11:35:41.437","SHIPPED","612.73","web","{""device"":""desktop"",""promo"":""WELCOME10""}","2026-05-28"
"4522","122","2026-05-28 10:58:41.437","DELIVERED","612.86","app","{""device"":""mobile"",""promo"":""SPRING15""}","2026-05-28"
"4523","123","2026-05-28 10:21:41.437","CANCELLED","612.99","store","{""device"":""tablet"",""promo"":""LOYALTY5""}","2026-05-28"
"4524","124","2026-05-28 09:44:41.437","PLACED","613.12","web","{""device"":""desktop"",""promo"":""NONE""}","2026-05-28"
"4525","125","2026-05-28 09:07:41.437","SHIPPED","613.25","app","{""device"":""mobile"",""promo"":""WELCOME10""}","2026-05-28"
"4526","126","2026-05-28 08:30:41.437","DELIVERED","613.38","store","{""device"":""tablet"",""promo"":""SPRING15""}","2026-05-28"
"4527","127","2026-05-28 07:53:41.437","CANCELLED","613.51","web","{""device"":""desktop"",""promo"":""LOYALTY5""}","2026-05-28"
"4528","128","2026-05-28 07:16:41.437","PLACED","613.64","app","{""device"":""mobile"",""promo"":""NONE""}","2026-05-28"
"4529","129","2026-05-28 06:39:41.437","SHIPPED","613.77","store","{""device"":""tablet"",""promo"":""WELCOME10""}","2026-05-28"
"4530","130","2026-05-28 06:02:41.437","DELIVERED","613.90","web","{""device"":""desktop"",""promo"":""SPRING15""}","2026-05-28"
"4531","131","2026-05-28 05:25:41.437","CANCELLED","614.03","app","{""device"":""mobile"",""promo"":""LOYALTY5""}","2026-05-28"
"4532","132","2026-05-28 04:48:41.437","PLACED","614.16","store","{""device"":""tablet"",""promo"":""NONE""}","2026-05-28"
"4533","133","2026-05-28 04:11:41.437","SHIPPED","614.29","web","{""device"":""desktop"",""promo"":""WELCOME10""}","2026-05-28"
"4534","134","2026-05-28 03:34:41.437","DELIVERED","614.42","app","{""device"":""mobile"",""promo"":""SPRING15""}","2026-05-28"
"4535","135","2026-05-28 02:57:41.437","CANCELLED","614.55","store","{""device"":""tablet"",""promo"":""LOYALTY5""}","2026-05-28"
"4536","136","2026-05-28 02:20:41.437","PLACED","614.68","web","{""device"":""desktop"",""promo"":""NONE""}","2026-05-28"
"4537","137","2026-05-28 01:43:41.437","SHIPPED","614.81","app","{""device"":""mobile"",""promo"":""WELCOME10""}","2026-05-28"
"4538","138","2026-05-28 01:06:41.437","DELIVERED","614.94","store","{""device"":""tablet"",""promo"":""SPRING15""}","2026-05-28"
"4539","139","2026-05-28 00:29:41.437","CANCELLED","615.07","web","{""device"":""desktop"",""promo"":""LOYALTY5""}","2026-05-28"
"4540","140","2026-05-27 23:52:41.437","PLACED","615.20","app","{""device"":""mobile"",""promo"":""NONE""}","2026-05-27"
"4541","141","2026-05-27 23:15:41.437","SHIPPED","615.33","store","{""device"":""tablet"",""promo"":""WELCOME10""}","2026-05-27"
"4542","142","2026-05-27 22:38:41.437","DELIVERED","615.46","web","{""device"":""desktop"",""promo"":""SPRING15""}","2026-05-27"
"4543","143","2026-05-27 22:01:41.437","CANCELLED","615.59","app","{""device"":""mobile"",""promo"":""LOYALTY5""}","2026-05-27"
"4544","144","2026-05-27 21:24:41.437","PLACED","615.72","store","{""device"":""tablet"",""promo"":""NONE""}","2026-05-27"
"4545","145","2026-05-27 20:47:41.437","SHIPPED","615.85","web","{""device"":""desktop"",""promo"":""WELCOME10""}","2026-05-27"
"4546","146","2026-05-27 20:10:41.437","DELIVERED","615.98","app","{""device"":""mobile"",""promo"":""SPRING15""}","2026-05-27"
"4547","147","2026-05-27 19:33:41.437","CANCELLED","616.11","store","{""device"":""tablet"",""promo"":""LOYALTY5""}","2026-05-27"
"4548","148","2026-05-27 18:56:41.437","PLACED","616.24","web","{""device"":""desktop"",""promo"":""NONE""}","2026-05-27"
"4549","149","2026-05-27 18:19:41.437","SHIPPED","616.37","app","{""device"":""mobile"",""promo"":""WELCOME10""}","2026-05-27"
"4550","150","2026-05-27 17:42:41.437","DELIVERED","616.50","store","{""device"":""tablet"",""promo"":""SPRING15""}","2026-05-27"
"4551","151","2026-05-27 17:05:41.437","CANCELLED","616.63","web","{""device"":""desktop"",""promo"":""LOYALTY5""}","2026-05-27"
"4552","152","2026-05-27 16:28:41.437","PLACED","616.76","app","{""device"":""mobile"",""promo"":""NONE""}","2026-05-27"
"4553","153","2026-05-27 15:51:41.437","SHIPPED","616.89","store","{""device"":""tablet"",""promo"":""WELCOME10""}","2026-05-27"
"4554","154","2026-05-27 15:14:41.437","DELIVERED","617.02","web","{""device"":""desktop"",""promo"":""SPRING15""}","2026-05-27"
"4555","155","2026-05-27 14:37:41.437","CANCELLED","617.15","app","{""device"":""mobile"",""promo"":""LOYALTY5""}","2026-05-27"
"4556","156","2026-05-27 14:00:41.437","PLACED","617.28","store","{""device"":""tablet"",""promo"":""NONE""}","2026-05-27"
"4557","157","2026-05-27 13:23:41.437","SHIPPED","617.41","web","{""device"":""desktop"",""promo"":""WELCOME10""}","2026-05-27"
"4558","158","2026-05-27 12:46:41.437","DELIVERED","617.54","app","{""device"":""mobile"",""promo"":""SPRING15""}","2026-05-27"
"4559","159","2026-05-27 12:09:41.437","CANCELLED","617.67","store","{""device"":""tablet"",""promo"":""LOYALTY5""}","2026-05-27"
"4560","160","2026-05-27 11:32:41.437","PLACED","617.80","web","{""device"":""desktop"",""promo"":""NONE""}","2026-05-27"
"4561","161","2026-05-27 10:55:41.437","SHIPPED","617.93","app","{""device"":""mobile"",""promo"":""WELCOME10""}","2026-05-27"
"4562","162","2026-05-27 10:18:41.437","DELIVERED","618.06","store","{""device"":""tablet"",""promo"":""SPRING15""}","2026-05-27"
"4563","163","2026-05-27 09:41:41.437","CANCELLED","618.19","web","{""device"":""desktop"",""promo"":""LOYALTY5""}","2026-05-27"
"4564","164","2026-05-27 09:04:41.437","PLACED","618.32","app","{""device"":""mobile"",""promo"":""NONE""}","2026-05-27"
"4565","165","2026-05-27 08:27:41.437","SHIPPED","618.45","store","{""device"":""tablet"",""promo"":""WELCOME10""}","2026-05-27"
"4566","166","2026-05-27 07:50:41.437","DELIVERED","618.58","web","{""device"":""desktop"",""promo"":""SPRING15""}","2026-05-27"
"4567","167","2026-05-27 07:13:41.437","CANCELLED","618.71","app","{""device"":""mobile"",""promo"":""LOYALTY5""}","2026-05-27"
"4568","168","2026-05-27 06:36:41.437","PLACED","618.84","store","{""device"":""tablet"",""promo"":""NONE""}","2026-05-27"
"4569","169","2026-05-27 05:59:41.437","SHIPPED","618.97","web","{""device"":""desktop"",""promo"":""WELCOME10""}","2026-05-27"
"4570","170","2026-05-27 05:22:41.437","DELIVERED","619.10","app","{""device"":""mobile"",""promo"":""SPRING15""}","2026-05-27"
"4571","171","2026-05-27 04:45:41.437","CANCELLED","619.23","store","{""device"":""tablet"",""promo"":""LOYALTY5""}","2026-05-27"
"4572","172","2026-05-27 04:08:41.437","PLACED","619.36","web","{""device"":""desktop"",""promo"":""NONE""}","2026-05-27"
"4573","173","2026-05-27 03:31:41.437","SHIPPED","619.49","app","{""device"":""mobile"",""promo"":""WELCOME10""}","2026-05-27"
"4574","174","2026-05-27 02:54:41.437","DELIVERED","619.62","store","{""device"":""tablet"",""promo"":""SPRING15""}","2026-05-27"
"4575","175","2026-05-27 02:17:41.437","CANCELLED","619.75","web","{""device"":""desktop"",""promo"":""LOYALTY5""}","2026-05-27"
"4576","176","2026-05-27 01:40:41.437","PLACED","619.88","app","{""device"":""mobile"",""promo"":""NONE""}","2026-05-27"
"4577","177","2026-05-27 01:03:41.437","SHIPPED","620.01","store","{""device"":""tablet"",""promo"":""WELCOME10""}","2026-05-27"
"4578","178","2026-05-27 00:26:41.437","DELIVERED","620.14","web","{""device"":""desktop"",""promo"":""SPRING15""}","2026-05-27"
"4579","179","2026-05-26 23:49:41.437","CANCELLED","620.27","app","{""device"":""mobile"",""promo"":""LOYALTY5""}","2026-05-26"
"4580","180","2026-05-26 23:12:41.437","PLACED","620.40","store","{""device"":""tablet"",""promo"":""NONE""}","2026-05-26"
"4581","181","2026-05-26 22:35:41.437","SHIPPED","620.53","web","{""device"":""desktop"",""promo"":""WELCOME10""}","2026-05-26"
"4582","182","2026-05-26 21:58:41.437","DELIVERED","620.66","app","{""device"":""mobile"",""promo"":""SPRING15""}","2026-05-26"
"4583","183","2026-05-26 21:21:41.437","CANCELLED","620.79","store","{""device"":""tablet"",""promo"":""LOYALTY5""}","2026-05-26"
"4584","184","2026-05-26 20:44:41.437","PLACED","620.92","web","{""device"":""desktop"",""promo"":""NONE""}","2026-05-26"
"4585","185","2026-05-26 20:07:41.437","SHIPPED","621.05","app","{""device"":""mobile"",""promo"":""WELCOME10""}","2026-05-26"
"4586","186","2026-05-26 19:30:41.437","DELIVERED","621.18","store","{""device"":""tablet"",""promo"":""SPRING15""}","2026-05-26"
"4587","187","2026-05-26 18:53:41.437","CANCELLED","621.31","web","{""device"":""desktop"",""promo"":""LOYALTY5""}","2026-05-26"
"4588","188","2026-05-26 18:16:41.437","PLACED","621.44","app","{""device"":""mobile"",""promo"":""NONE""}","2026-05-26"
"4589","189","2026-05-26 17:39:41.437","SHIPPED","621.57","store","{""device"":""tablet"",""promo"":""WELCOME10""}","2026-05-26"
"4590","190","2026-05-26 17:02:41.437","DELIVERED","621.70","web","{""device"":""desktop"",""promo"":""SPRING15""}","2026-05-26"
"4591","191","2026-05-26 16:25:41.437","CANCELLED","621.83","app","{""device"":""mobile"",""promo"":""LOYALTY5""}","2026-05-26"
"4592","192","2026-05-26 15:48:41.437","PLACED","621.96","store","{""device"":""tablet"",""promo"":""NONE""}","2026-05-26"
"4593","193","2026-05-26 15:11:41.437","SHIPPED","622.09","web","{""device"":""desktop"",""promo"":""WELCOME10""}","2026-05-26"
"4594","194","2026-05-26 14:34:41.437","DELIVERED","622.22","app","{""device"":""mobile"",""promo"":""SPRING15""}","2026-05-26"
"4595","195","2026-05-26 13:57:41.437","CANCELLED","622.35","store","{""device"":""tablet"",""promo"":""LOYALTY5""}","2026-05-26"
"4596","196","2026-05-26 13:20:41.437","PLACED","622.48","web","{""device"":""desktop"",""promo"":""NONE""}","2026-05-26"
"4597","197","2026-05-26 12:43:41.437","SHIPPED","622.61","app","{""device"":""mobile"",""promo"":""WELCOME10""}","2026-05-26"
"4598","198","2026-05-26 12:06:41.437","DELIVERED","622.74","store","{""device"":""tablet"",""promo"":""SPRING15""}","2026-05-26"
"4599","199","2026-05-26 11:29:41.437","CANCELLED","622.87","web","{""device"":""desktop"",""promo"":""LOYALTY5""}","2026-05-26"
"4600","200","2026-05-26 10:52:41.437","PLACED","623.00","app","{""device"":""mobile"",""promo"":""NONE""}","2026-05-26"
"4601","1","2026-05-26 10:15:41.437","SHIPPED","623.13","store","{""device"":""tablet"",""promo"":""WELCOME10""}","2026-05-26"
"4602","2","2026-05-26 09:38:41.437","DELIVERED","623.26","web","{""device"":""desktop"",""promo"":""SPRING15""}","2026-05-26"
"4603","3","2026-05-26 09:01:41.437","CANCELLED","623.39","app","{""device"":""mobile"",""promo"":""LOYALTY5""}","2026-05-26"
"4604","4","2026-05-26 08:24:41.437","PLACED","623.52","store","{""device"":""tablet"",""promo"":""NONE""}","2026-05-26"
"4605","5","2026-05-26 07:47:41.437","SHIPPED","623.65","web","{""device"":""desktop"",""promo"":""WELCOME10""}","2026-05-26"
"4606","6","2026-05-26 07:10:41.437","DELIVERED","623.78","app","{""device"":""mobile"",""promo"":""SPRING15""}","2026-05-26"
"4607","7","2026-05-26 06:33:41.437","CANCELLED","623.91","store","{""device"":""tablet"",""promo"":""LOYALTY5""}","2026-05-26"
"4608","8","2026-05-26 05:56:41.437","PLACED","624.04","web","{""device"":""desktop"",""promo"":""NONE""}","2026-05-26"
"4609","9","2026-05-26 05:19:41.437","SHIPPED","624.17","app","{""device"":""mobile"",""promo"":""WELCOME10""}","2026-05-26"
"4610","10","2026-05-26 04:42:41.437","DELIVERED","624.30","store","{""device"":""tablet"",""promo"":""SPRING15""}","2026-05-26"
"4611","11","2026-05-26 04:05:41.437","CANCELLED","624.43","web","{""device"":""desktop"",""promo"":""LOYALTY5""}","2026-05-26"
"4612","12","2026-05-26 03:28:41.437","PLACED","624.56","app","{""device"":""mobile"",""promo"":""NONE""}","2026-05-26"
"4613","13","2026-05-26 02:51:41.437","SHIPPED","624.69","store","{""device"":""tablet"",""promo"":""WELCOME10""}","2026-05-26"
"4614","14","2026-05-26 02:14:41.437","DELIVERED","624.82","web","{""device"":""desktop"",""promo"":""SPRING15""}","2026-05-26"
"4615","15","2026-05-26 01:37:41.437","CANCELLED","624.95","app","{""device"":""mobile"",""promo"":""LOYALTY5""}","2026-05-26"
"4616","16","2026-05-26 01:00:41.437","PLACED","625.08","store","{""device"":""tablet"",""promo"":""NONE""}","2026-05-26"
"4617","17","2026-05-26 00:23:41.437","SHIPPED","625.21","web","{""device"":""desktop"",""promo"":""WELCOME10""}","2026-05-26"
"4618","18","2026-05-25 23:46:41.437","DELIVERED","625.34","app","{""device"":""mobile"",""promo"":""SPRING15""}","2026-05-25"
"4619","19","2026-05-25 23:09:41.437","CANCELLED","625.47","store","{""device"":""tablet"",""promo"":""LOYALTY5""}","2026-05-25"
"4620","20","2026-05-25 22:32:41.437","PLACED","625.60","web","{""device"":""desktop"",""promo"":""NONE""}","2026-05-25"
"4621","21","2026-05-25 21:55:41.437","SHIPPED","625.73","app","{""device"":""mobile"",""promo"":""WELCOME10""}","2026-05-25"
"4622","22","2026-05-25 21:18:41.437","DELIVERED","625.86","store","{""device"":""tablet"",""promo"":""SPRING15""}","2026-05-25"
"4623","23","2026-05-25 20:41:41.437","CANCELLED","625.99","web","{""device"":""desktop"",""promo"":""LOYALTY5""}","2026-05-25"
"4624","24","2026-05-25 20:04:41.437","PLACED","626.12","app","{""device"":""mobile"",""promo"":""NONE""}","2026-05-25"
"4625","25","2026-05-25 19:27:41.437","SHIPPED","626.25","store","{""device"":""tablet"",""promo"":""WELCOME10""}","2026-05-25"
"4626","26","2026-05-25 18:50:41.437","DELIVERED","626.38","web","{""device"":""desktop"",""promo"":""SPRING15""}","2026-05-25"
"4627","27","2026-05-25 18:13:41.437","CANCELLED","626.51","app","{""device"":""mobile"",""promo"":""LOYALTY5""}","2026-05-25"
"4628","28","2026-05-25 17:36:41.437","PLACED","626.64","store","{""device"":""tablet"",""promo"":""NONE""}","2026-05-25"
"4629","29","2026-05-25 16:59:41.437","SHIPPED","626.77","web","{""device"":""desktop"",""promo"":""WELCOME10""}","2026-05-25"
"4630","30","2026-05-25 16:22:41.437","DELIVERED","626.90","app","{""device"":""mobile"",""promo"":""SPRING15""}","2026-05-25"
"4631","31","2026-05-25 15:45:41.437","CANCELLED","627.03","store","{""device"":""tablet"",""promo"":""LOYALTY5""}","2026-05-25"
"4632","32","2026-05-25 15:08:41.437","PLACED","627.16","web","{""device"":""desktop"",""promo"":""NONE""}","2026-05-25"
"4633","33","2026-05-25 14:31:41.437","SHIPPED","627.29","app","{""device"":""mobile"",""promo"":""WELCOME10""}","2026-05-25"
"4634","34","2026-05-25 13:54:41.437","DELIVERED","627.42","store","{""device"":""tablet"",""promo"":""SPRING15""}","2026-05-25"
"4635","35","2026-05-25 13:17:41.437","CANCELLED","627.55","web","{""device"":""desktop"",""promo"":""LOYALTY5""}","2026-05-25"
"4636","36","2026-05-25 12:40:41.437","PLACED","627.68","app","{""device"":""mobile"",""promo"":""NONE""}","2026-05-25"
"4637","37","2026-05-25 12:03:41.437","SHIPPED","627.81","store","{""device"":""tablet"",""promo"":""WELCOME10""}","2026-05-25"
"4638","38","2026-05-25 11:26:41.437","DELIVERED","627.94","web","{""device"":""desktop"",""promo"":""SPRING15""}","2026-05-25"
"4639","39","2026-05-25 10:49:41.437","CANCELLED","628.07","app","{""device"":""mobile"",""promo"":""LOYALTY5""}","2026-05-25"
"4640","40","2026-05-25 10:12:41.437","PLACED","628.20","store","{""device"":""tablet"",""promo"":""NONE""}","2026-05-25"
"4641","41","2026-05-25 09:35:41.437","SHIPPED","628.33","web","{""device"":""desktop"",""promo"":""WELCOME10""}","2026-05-25"
"4642","42","2026-05-25 08:58:41.437","DELIVERED","628.46","app","{""device"":""mobile"",""promo"":""SPRING15""}","2026-05-25"
"4643","43","2026-05-25 08:21:41.437","CANCELLED","628.59","store","{""device"":""tablet"",""promo"":""LOYALTY5""}","2026-05-25"
"4644","44","2026-05-25 07:44:41.437","PLACED","628.72","web","{""device"":""desktop"",""promo"":""NONE""}","2026-05-25"
"4645","45","2026-05-25 07:07:41.437","SHIPPED","628.85","app","{""device"":""mobile"",""promo"":""WELCOME10""}","2026-05-25"
"4646","46","2026-05-25 06:30:41.437","DELIVERED","628.98","store","{""device"":""tablet"",""promo"":""SPRING15""}","2026-05-25"
"4647","47","2026-05-25 05:53:41.437","CANCELLED","629.11","web","{""device"":""desktop"",""promo"":""LOYALTY5""}","2026-05-25"
"4648","48","2026-05-25 05:16:41.437","PLACED","629.24","app","{""device"":""mobile"",""promo"":""NONE""}","2026-05-25"
"4649","49","2026-05-25 04:39:41.437","SHIPPED","629.37","store","{""device"":""tablet"",""promo"":""WELCOME10""}","2026-05-25"
"4650","50","2026-05-25 04:02:41.437","DELIVERED","629.50","web","{""device"":""desktop"",""promo"":""SPRING15""}","2026-05-25"
"4651","51","2026-05-25 03:25:41.437","CANCELLED","629.63","app","{""device"":""mobile"",""promo"":""LOYALTY5""}","2026-05-25"
"4652","52","2026-05-25 02:48:41.437","PLACED","629.76","store","{""device"":""tablet"",""promo"":""NONE""}","2026-05-25"
"4653","53","2026-05-25 02:11:41.437","SHIPPED","629.89","web","{""device"":""desktop"",""promo"":""WELCOME10""}","2026-05-25"
"4654","54","2026-05-25 01:34:41.437","DELIVERED","630.02","app","{""device"":""mobile"",""promo"":""SPRING15""}","2026-05-25"
"4655","55","2026-05-25 00:57:41.437","CANCELLED","630.15","store","{""device"":""tablet"",""promo"":""LOYALTY5""}","2026-05-25"
"4656","56","2026-05-25 00:20:41.437","PLACED","630.28","web","{""device"":""desktop"",""promo"":""NONE""}","2026-05-25"
"4657","57","2026-05-24 23:43:41.437","SHIPPED","630.41","app","{""device"":""mobile"",""promo"":""WELCOME10""}","2026-05-24"
"4658","58","2026-05-24 23:06:41.437","DELIVERED","630.54","store","{""device"":""tablet"",""promo"":""SPRING15""}","2026-05-24"
"4659","59","2026-05-24 22:29:41.437","CANCELLED","630.67","web","{""device"":""desktop"",""promo"":""LOYALTY5""}","2026-05-24"
"4660","60","2026-05-24 21:52:41.437","PLACED","630.80","app","{""device"":""mobile"",""promo"":""NONE""}","2026-05-24"
"4661","61","2026-05-24 21:15:41.437","SHIPPED","630.93","store","{""device"":""tablet"",""promo"":""WELCOME10""}","2026-05-24"
"4662","62","2026-05-24 20:38:41.437","DELIVERED","631.06","web","{""device"":""desktop"",""promo"":""SPRING15""}","2026-05-24"
"4663","63","2026-05-24 20:01:41.437","CANCELLED","631.19","app","{""device"":""mobile"",""promo"":""LOYALTY5""}","2026-05-24"
"4664","64","2026-05-24 19:24:41.437","PLACED","631.32","store","{""device"":""tablet"",""promo"":""NONE""}","2026-05-24"
"4665","65","2026-05-24 18:47:41.437","SHIPPED","631.45","web","{""device"":""desktop"",""promo"":""WELCOME10""}","2026-05-24"
"4666","66","2026-05-24 18:10:41.437","DELIVERED","631.58","app","{""device"":""mobile"",""promo"":""SPRING15""}","2026-05-24"
"4667","67","2026-05-24 17:33:41.437","CANCELLED","631.71","store","{""device"":""tablet"",""promo"":""LOYALTY5""}","2026-05-24"
"4668","68","2026-05-24 16:56:41.437","PLACED","631.84","web","{""device"":""desktop"",""promo"":""NONE""}","2026-05-24"
"4669","69","2026-05-24 16:19:41.437","SHIPPED","631.97","app","{""device"":""mobile"",""promo"":""WELCOME10""}","2026-05-24"
"4670","70","2026-05-24 15:42:41.437","DELIVERED","632.10","store","{""device"":""tablet"",""promo"":""SPRING15""}","2026-05-24"
"4671","71","2026-09-21 15:05:41.437","CANCELLED","632.23","web","{""device"":""desktop"",""promo"":""LOYALTY5""}","2026-09-21"
"4672","72","2026-09-21 14:28:41.437","PLACED","632.36","app","{""device"":""mobile"",""promo"":""NONE""}","2026-09-21"
"4673","73","2026-09-21 13:51:41.437","SHIPPED","632.49","store","{""device"":""tablet"",""promo"":""WELCOME10""}","2026-09-21"
"4674","74","2026-09-21 13:14:41.437","DELIVERED","632.62","web","{""device"":""desktop"",""promo"":""SPRING15""}","2026-09-21"
"4675","75","2026-09-21 12:37:41.437","CANCELLED","632.75","app","{""device"":""mobile"",""promo"":""LOYALTY5""}","2026-09-21"
"4676","76","2026-09-21 12:00:41.437","PLACED","632.88","store","{""device"":""tablet"",""promo"":""NONE""}","2026-09-21"
"4677","77","2026-09-21 11:23:41.437","SHIPPED","633.01","web","{""device"":""desktop"",""promo"":""WELCOME10""}","2026-09-21"
"4678","78","2026-09-21 10:46:41.437","DELIVERED","633.14","app","{""device"":""mobile"",""promo"":""SPRING15""}","2026-09-21"
"4679","79","2026-09-21 10:09:41.437","CANCELLED","633.27","store","{""device"":""tablet"",""promo"":""LOYALTY5""}","2026-09-21"
"4680","80","2026-09-21 09:32:41.437","PLACED","633.40","web","{""device"":""desktop"",""promo"":""NONE""}","2026-09-21"
"4681","81","2026-09-21 08:55:41.437","SHIPPED","633.53","app","{""device"":""mobile"",""promo"":""WELCOME10""}","2026-09-21"
"4682","82","2026-09-21 08:18:41.437","DELIVERED","633.66","store","{""device"":""tablet"",""promo"":""SPRING15""}","2026-09-21"
"4683","83","2026-09-21 07:41:41.437","CANCELLED","633.79","web","{""device"":""desktop"",""promo"":""LOYALTY5""}","2026-09-21"
"4684","84","2026-09-21 07:04:41.437","PLACED","633.92","app","{""device"":""mobile"",""promo"":""NONE""}","2026-09-21"
"4685","85","2026-09-21 06:27:41.437","SHIPPED","634.05","store","{""device"":""tablet"",""promo"":""WELCOME10""}","2026-09-21"
"4686","86","2026-09-21 05:50:41.437","DELIVERED","634.18","web","{""device"":""desktop"",""promo"":""SPRING15""}","2026-09-21"
"4687","87","2026-09-21 05:13:41.437","CANCELLED","634.31","app","{""device"":""mobile"",""promo"":""LOYALTY5""}","2026-09-21"
"4688","88","2026-09-21 04:36:41.437","PLACED","634.44","store","{""device"":""tablet"",""promo"":""NONE""}","2026-09-21"
"4689","89","2026-09-21 03:59:41.437","SHIPPED","634.57","web","{""device"":""desktop"",""promo"":""WELCOME10""}","2026-09-21"
"4690","90","2026-09-21 03:22:41.437","DELIVERED","634.70","app","{""device"":""mobile"",""promo"":""SPRING15""}","2026-09-21"
"4691","91","2026-09-21 02:45:41.437","CANCELLED","634.83","store","{""device"":""tablet"",""promo"":""LOYALTY5""}","2026-09-21"
"4692","92","2026-09-21 02:08:41.437","PLACED","634.96","web","{""device"":""desktop"",""promo"":""NONE""}","2026-09-21"
"4693","93","2026-09-21 01:31:41.437","SHIPPED","635.09","app","{""device"":""mobile"",""promo"":""WELCOME10""}","2026-09-21"
"4694","94","2026-09-21 00:54:41.437","DELIVERED","635.22","store","{""device"":""tablet"",""promo"":""SPRING15""}","2026-09-21"
"4695","95","2026-09-21 00:17:41.437","CANCELLED","635.35","web","{""device"":""desktop"",""promo"":""LOYALTY5""}","2026-09-21"
"4696","96","2026-09-20 23:40:41.437","PLACED","635.48","app","{""device"":""mobile"",""promo"":""NONE""}","2026-09-20"
"4697","97","2026-09-20 23:03:41.437","SHIPPED","635.61","store","{""device"":""tablet"",""promo"":""WELCOME10""}","2026-09-20"
"4698","98","2026-09-20 22:26:41.437","DELIVERED","635.74","web","{""device"":""desktop"",""promo"":""SPRING15""}","2026-09-20"
"4699","99","2026-09-20 21:49:41.437","CANCELLED","635.87","app","{""device"":""mobile"",""promo"":""LOYALTY5""}","2026-09-20"
"4700","100","2026-09-20 21:12:41.437","PLACED","636.00","store","{""device"":""tablet"",""promo"":""NONE""}","2026-09-20"
"4701","101","2026-09-20 20:35:41.437","SHIPPED","636.13","web","{""device"":""desktop"",""promo"":""WELCOME10""}","2026-09-20"
"4702","102","2026-09-20 19:58:41.437","DELIVERED","636.26","app","{""device"":""mobile"",""promo"":""SPRING15""}","2026-09-20"
"4703","103","2026-09-20 19:21:41.437","CANCELLED","636.39","store","{""device"":""tablet"",""promo"":""LOYALTY5""}","2026-09-20"
"4704","104","2026-09-20 18:44:41.437","PLACED","636.52","web","{""device"":""desktop"",""promo"":""NONE""}","2026-09-20"
"4705","105","2026-09-20 18:07:41.437","SHIPPED","636.65","app","{""device"":""mobile"",""promo"":""WELCOME10""}","2026-09-20"
"4706","106","2026-09-20 17:30:41.437","DELIVERED","636.78","store","{""device"":""tablet"",""promo"":""SPRING15""}","2026-09-20"
"4707","107","2026-09-20 16:53:41.437","CANCELLED","636.91","web","{""device"":""desktop"",""promo"":""LOYALTY5""}","2026-09-20"
"4708","108","2026-09-20 16:16:41.437","PLACED","637.04","app","{""device"":""mobile"",""promo"":""NONE""}","2026-09-20"
"4709","109","2026-09-20 15:39:41.437","SHIPPED","637.17","store","{""device"":""tablet"",""promo"":""WELCOME10""}","2026-09-20"
"4710","110","2026-09-20 15:02:41.437","DELIVERED","637.30","web","{""device"":""desktop"",""promo"":""SPRING15""}","2026-09-20"
"4711","111","2026-09-20 14:25:41.437","CANCELLED","637.43","app","{""device"":""mobile"",""promo"":""LOYALTY5""}","2026-09-20"
"4712","112","2026-09-20 13:48:41.437","PLACED","637.56","store","{""device"":""tablet"",""promo"":""NONE""}","2026-09-20"
"4713","113","2026-09-20 13:11:41.437","SHIPPED","637.69","web","{""device"":""desktop"",""promo"":""WELCOME10""}","2026-09-20"
"4714","114","2026-09-20 12:34:41.437","DELIVERED","637.82","app","{""device"":""mobile"",""promo"":""SPRING15""}","2026-09-20"
"4715","115","2026-09-20 11:57:41.437","CANCELLED","637.95","store","{""device"":""tablet"",""promo"":""LOYALTY5""}","2026-09-20"
"4716","116","2026-09-20 11:20:41.437","PLACED","638.08","web","{""device"":""desktop"",""promo"":""NONE""}","2026-09-20"
"4717","117","2026-09-20 10:43:41.437","SHIPPED","638.21","app","{""device"":""mobile"",""promo"":""WELCOME10""}","2026-09-20"
"4718","118","2026-09-20 10:06:41.437","DELIVERED","638.34","store","{""device"":""tablet"",""promo"":""SPRING15""}","2026-09-20"
"4719","119","2026-09-20 09:29:41.437","CANCELLED","638.47","web","{""device"":""desktop"",""promo"":""LOYALTY5""}","2026-09-20"
"4720","120","2026-09-20 08:52:41.437","PLACED","638.60","app","{""device"":""mobile"",""promo"":""NONE""}","2026-09-20"
"4721","121","2026-09-20 08:15:41.437","SHIPPED","638.73","store","{""device"":""tablet"",""promo"":""WELCOME10""}","2026-09-20"
"4722","122","2026-09-20 07:38:41.437","DELIVERED","638.86","web","{""device"":""desktop"",""promo"":""SPRING15""}","2026-09-20"
"4723","123","2026-09-20 07:01:41.437","CANCELLED","638.99","app","{""device"":""mobile"",""promo"":""LOYALTY5""}","2026-09-20"
"4724","124","2026-09-20 06:24:41.437","PLACED","639.12","store","{""device"":""tablet"",""promo"":""NONE""}","2026-09-20"
"4725","125","2026-09-20 05:47:41.437","SHIPPED","639.25","web","{""device"":""desktop"",""promo"":""WELCOME10""}","2026-09-20"
"4726","126","2026-09-20 05:10:41.437","DELIVERED","639.38","app","{""device"":""mobile"",""promo"":""SPRING15""}","2026-09-20"
"4727","127","2026-09-20 04:33:41.437","CANCELLED","639.51","store","{""device"":""tablet"",""promo"":""LOYALTY5""}","2026-09-20"
"4728","128","2026-09-20 03:56:41.437","PLACED","639.64","web","{""device"":""desktop"",""promo"":""NONE""}","2026-09-20"
"4729","129","2026-09-20 03:19:41.437","SHIPPED","639.77","app","{""device"":""mobile"",""promo"":""WELCOME10""}","2026-09-20"
"4730","130","2026-09-20 02:42:41.437","DELIVERED","639.90","store","{""device"":""tablet"",""promo"":""SPRING15""}","2026-09-20"
"4731","131","2026-09-20 02:05:41.437","CANCELLED","640.03","web","{""device"":""desktop"",""promo"":""LOYALTY5""}","2026-09-20"
"4732","132","2026-09-20 01:28:41.437","PLACED","640.16","app","{""device"":""mobile"",""promo"":""NONE""}","2026-09-20"
"4733","133","2026-09-20 00:51:41.437","SHIPPED","640.29","store","{""device"":""tablet"",""promo"":""WELCOME10""}","2026-09-20"
"4734","134","2026-09-20 00:14:41.437","DELIVERED","640.42","web","{""device"":""desktop"",""promo"":""SPRING15""}","2026-09-20"
"4735","135","2026-09-19 23:37:41.437","CANCELLED","640.55","app","{""device"":""mobile"",""promo"":""LOYALTY5""}","2026-09-19"
"4736","136","2026-09-19 23:00:41.437","PLACED","640.68","store","{""device"":""tablet"",""promo"":""NONE""}","2026-09-19"
"4737","137","2026-09-19 22:23:41.437","SHIPPED","640.81","web","{""device"":""desktop"",""promo"":""WELCOME10""}","2026-09-19"
"4738","138","2026-09-19 21:46:41.437","DELIVERED","640.94","app","{""device"":""mobile"",""promo"":""SPRING15""}","2026-09-19"
"4739","139","2026-09-19 21:09:41.437","CANCELLED","641.07","store","{""device"":""tablet"",""promo"":""LOYALTY5""}","2026-09-19"
"4740","140","2026-09-19 20:32:41.437","PLACED","641.20","web","{""device"":""desktop"",""promo"":""NONE""}","2026-09-19"
"4741","141","2026-09-19 19:55:41.437","SHIPPED","641.33","app","{""device"":""mobile"",""promo"":""WELCOME10""}","2026-09-19"
"4742","142","2026-09-19 19:18:41.437","DELIVERED","641.46","store","{""device"":""tablet"",""promo"":""SPRING15""}","2026-09-19"
"4743","143","2026-09-19 18:41:41.437","CANCELLED","641.59","web","{""device"":""desktop"",""promo"":""LOYALTY5""}","2026-09-19"
"4744","144","2026-09-19 18:04:41.437","PLACED","641.72","app","{""device"":""mobile"",""promo"":""NONE""}","2026-09-19"
"4745","145","2026-09-19 17:27:41.437","SHIPPED","641.85","store","{""device"":""tablet"",""promo"":""WELCOME10""}","2026-09-19"
"4746","146","2026-09-19 16:50:41.437","DELIVERED","641.98","web","{""device"":""desktop"",""promo"":""SPRING15""}","2026-09-19"
"4747","147","2026-09-19 16:13:41.437","CANCELLED","642.11","app","{""device"":""mobile"",""promo"":""LOYALTY5""}","2026-09-19"
"4748","148","2026-09-19 15:36:41.437","PLACED","642.24","store","{""device"":""tablet"",""promo"":""NONE""}","2026-09-19"
"4749","149","2026-09-19 14:59:41.437","SHIPPED","642.37","web","{""device"":""desktop"",""promo"":""WELCOME10""}","2026-09-19"
"4750","150","2026-09-19 14:22:41.437","DELIVERED","642.50","app","{""device"":""mobile"",""promo"":""SPRING15""}","2026-09-19"
"4751","151","2026-09-19 13:45:41.437","CANCELLED","642.63","store","{""device"":""tablet"",""promo"":""LOYALTY5""}","2026-09-19"
"4752","152","2026-09-19 13:08:41.437","PLACED","642.76","web","{""device"":""desktop"",""promo"":""NONE""}","2026-09-19"
"4753","153","2026-09-19 12:31:41.437","SHIPPED","642.89","app","{""device"":""mobile"",""promo"":""WELCOME10""}","2026-09-19"
"4754","154","2026-09-19 11:54:41.437","DELIVERED","643.02","store","{""device"":""tablet"",""promo"":""SPRING15""}","2026-09-19"
"4755","155","2026-09-19 11:17:41.437","CANCELLED","643.15","web","{""device"":""desktop"",""promo"":""LOYALTY5""}","2026-09-19"
"4756","156","2026-09-19 10:40:41.437","PLACED","643.28","app","{""device"":""mobile"",""promo"":""NONE""}","2026-09-19"
"4757","157","2026-09-19 10:03:41.437","SHIPPED","643.41","store","{""device"":""tablet"",""promo"":""WELCOME10""}","2026-09-19"
"4758","158","2026-09-19 09:26:41.437","DELIVERED","643.54","web","{""device"":""desktop"",""promo"":""SPRING15""}","2026-09-19"
"4759","159","2026-09-19 08:49:41.437","CANCELLED","643.67","app","{""device"":""mobile"",""promo"":""LOYALTY5""}","2026-09-19"
"4760","160","2026-09-19 08:12:41.437","PLACED","643.80","store","{""device"":""tablet"",""promo"":""NONE""}","2026-09-19"
"4761","161","2026-09-19 07:35:41.437","SHIPPED","643.93","web","{""device"":""desktop"",""promo"":""WELCOME10""}","2026-09-19"
"4762","162","2026-09-19 06:58:41.437","DELIVERED","644.06","app","{""device"":""mobile"",""promo"":""SPRING15""}","2026-09-19"
"4763","163","2026-09-19 06:21:41.437","CANCELLED","644.19","store","{""device"":""tablet"",""promo"":""LOYALTY5""}","2026-09-19"
"4764","164","2026-09-19 05:44:41.437","PLACED","644.32","web","{""device"":""desktop"",""promo"":""NONE""}","2026-09-19"
"4765","165","2026-09-19 05:07:41.437","SHIPPED","644.45","app","{""device"":""mobile"",""promo"":""WELCOME10""}","2026-09-19"
"4766","166","2026-09-19 04:30:41.437","DELIVERED","644.58","store","{""device"":""tablet"",""promo"":""SPRING15""}","2026-09-19"
"4767","167","2026-09-19 03:53:41.437","CANCELLED","644.71","web","{""device"":""desktop"",""promo"":""LOYALTY5""}","2026-09-19"
"4768","168","2026-09-19 03:16:41.437","PLACED","644.84","app","{""device"":""mobile"",""promo"":""NONE""}","2026-09-19"
"4769","169","2026-09-19 02:39:41.437","SHIPPED","644.97","store","{""device"":""tablet"",""promo"":""WELCOME10""}","2026-09-19"
"4770","170","2026-09-19 02:02:41.437","DELIVERED","645.10","web","{""device"":""desktop"",""promo"":""SPRING15""}","2026-09-19"
"4771","171","2026-09-19 01:25:41.437","CANCELLED","645.23","app","{""device"":""mobile"",""promo"":""LOYALTY5""}","2026-09-19"
"4772","172","2026-09-19 00:48:41.437","PLACED","645.36","store","{""device"":""tablet"",""promo"":""NONE""}","2026-09-19"
"4773","173","2026-09-19 00:11:41.437","SHIPPED","645.49","web","{""device"":""desktop"",""promo"":""WELCOME10""}","2026-09-19"
"4774","174","2026-09-18 23:34:41.437","DELIVERED","645.62","app","{""device"":""mobile"",""promo"":""SPRING15""}","2026-09-18"
"4775","175","2026-09-18 22:57:41.437","CANCELLED","645.75","store","{""device"":""tablet"",""promo"":""LOYALTY5""}","2026-09-18"
"4776","176","2026-09-18 22:20:41.437","PLACED","645.88","web","{""device"":""desktop"",""promo"":""NONE""}","2026-09-18"
"4777","177","2026-09-18 21:43:41.437","SHIPPED","646.01","app","{""device"":""mobile"",""promo"":""WELCOME10""}","2026-09-18"
"4778","178","2026-09-18 21:06:41.437","DELIVERED","646.14","store","{""device"":""tablet"",""promo"":""SPRING15""}","2026-09-18"
"4779","179","2026-09-18 20:29:41.437","CANCELLED","646.27","web","{""device"":""desktop"",""promo"":""LOYALTY5""}","2026-09-18"
"4780","180","2026-09-18 19:52:41.437","PLACED","646.40","app","{""device"":""mobile"",""promo"":""NONE""}","2026-09-18"
"4781","181","2026-09-18 19:15:41.437","SHIPPED","646.53","store","{""device"":""tablet"",""promo"":""WELCOME10""}","2026-09-18"
"4782","182","2026-09-18 18:38:41.437","DELIVERED","646.66","web","{""device"":""desktop"",""promo"":""SPRING15""}","2026-09-18"
"4783","183","2026-09-18 18:01:41.437","CANCELLED","646.79","app","{""device"":""mobile"",""promo"":""LOYALTY5""}","2026-09-18"
"4784","184","2026-09-18 17:24:41.437","PLACED","646.92","store","{""device"":""tablet"",""promo"":""NONE""}","2026-09-18"
"4785","185","2026-09-18 16:47:41.437","SHIPPED","647.05","web","{""device"":""desktop"",""promo"":""WELCOME10""}","2026-09-18"
"4786","186","2026-09-18 16:10:41.437","DELIVERED","647.18","app","{""device"":""mobile"",""promo"":""SPRING15""}","2026-09-18"
"4787","187","2026-09-18 15:33:41.437","CANCELLED","647.31","store","{""device"":""tablet"",""promo"":""LOYALTY5""}","2026-09-18"
"4788","188","2026-09-18 14:56:41.437","PLACED","647.44","web","{""device"":""desktop"",""promo"":""NONE""}","2026-09-18"
"4789","189","2026-09-18 14:19:41.437","SHIPPED","647.57","app","{""device"":""mobile"",""promo"":""WELCOME10""}","2026-09-18"
"4790","190","2026-09-18 13:42:41.437","DELIVERED","647.70","store","{""device"":""tablet"",""promo"":""SPRING15""}","2026-09-18"
"4791","191","2026-09-18 13:05:41.437","CANCELLED","647.83","web","{""device"":""desktop"",""promo"":""LOYALTY5""}","2026-09-18"
"4792","192","2026-09-18 12:28:41.437","PLACED","647.96","app","{""device"":""mobile"",""promo"":""NONE""}","2026-09-18"
"4793","193","2026-09-18 11:51:41.437","SHIPPED","648.09","store","{""device"":""tablet"",""promo"":""WELCOME10""}","2026-09-18"
"4794","194","2026-09-18 11:14:41.437","DELIVERED","648.22","web","{""device"":""desktop"",""promo"":""SPRING15""}","2026-09-18"
"4795","195","2026-09-18 10:37:41.437","CANCELLED","648.35","app","{""device"":""mobile"",""promo"":""LOYALTY5""}","2026-09-18"
"4796","196","2026-09-18 10:00:41.437","PLACED","648.48","store","{""device"":""tablet"",""promo"":""NONE""}","2026-09-18"
"4797","197","2026-09-18 09:23:41.437","SHIPPED","648.61","web","{""device"":""desktop"",""promo"":""WELCOME10""}","2026-09-18"
"4798","198","2026-09-18 08:46:41.437","DELIVERED","648.74","app","{""device"":""mobile"",""promo"":""SPRING15""}","2026-09-18"
"4799","199","2026-09-18 08:09:41.437","CANCELLED","648.87","store","{""device"":""tablet"",""promo"":""LOYALTY5""}","2026-09-18"
"4800","200","2026-09-18 07:32:41.437","PLACED","649.00","web","{""device"":""desktop"",""promo"":""NONE""}","2026-09-18"
"4801","1","2026-09-18 06:55:41.437","SHIPPED","649.13","app","{""device"":""mobile"",""promo"":""WELCOME10""}","2026-09-18"
"4802","2","2026-09-18 06:18:41.437","DELIVERED","649.26","store","{""device"":""tablet"",""promo"":""SPRING15""}","2026-09-18"
"4803","3","2026-09-18 05:41:41.437","CANCELLED","649.39","web","{""device"":""desktop"",""promo"":""LOYALTY5""}","2026-09-18"
"4804","4","2026-09-18 05:04:41.437","PLACED","649.52","app","{""device"":""mobile"",""promo"":""NONE""}","2026-09-18"
"4805","5","2026-09-18 04:27:41.437","SHIPPED","649.65","store","{""device"":""tablet"",""promo"":""WELCOME10""}","2026-09-18"
"4806","6","2026-09-18 03:50:41.437","DELIVERED","649.78","web","{""device"":""desktop"",""promo"":""SPRING15""}","2026-09-18"
"4807","7","2026-09-18 03:13:41.437","CANCELLED","649.91","app","{""device"":""mobile"",""promo"":""LOYALTY5""}","2026-09-18"
"4808","8","2026-09-18 02:36:41.437","PLACED","650.04","store","{""device"":""tablet"",""promo"":""NONE""}","2026-09-18"
"4809","9","2026-09-18 01:59:41.437","SHIPPED","650.17","web","{""device"":""desktop"",""promo"":""WELCOME10""}","2026-09-18"
"4810","10","2026-09-18 01:22:41.437","DELIVERED","650.30","app","{""device"":""mobile"",""promo"":""SPRING15""}","2026-09-18"
"4811","11","2026-09-18 00:45:41.437","CANCELLED","650.43","store","{""device"":""tablet"",""promo"":""LOYALTY5""}","2026-09-18"
"4812","12","2026-09-18 00:08:41.437","PLACED","650.56","web","{""device"":""desktop"",""promo"":""NONE""}","2026-09-18"
"4813","13","2026-09-17 23:31:41.437","SHIPPED","650.69","app","{""device"":""mobile"",""promo"":""WELCOME10""}","2026-09-17"
"4814","14","2026-09-17 22:54:41.437","DELIVERED","650.82","store","{""device"":""tablet"",""promo"":""SPRING15""}","2026-09-17"
"4815","15","2026-09-17 22:17:41.437","CANCELLED","650.95","web","{""device"":""desktop"",""promo"":""LOYALTY5""}","2026-09-17"
"4816","16","2026-09-17 21:40:41.437","PLACED","651.08","app","{""device"":""mobile"",""promo"":""NONE""}","2026-09-17"
"4817","17","2026-09-17 21:03:41.437","SHIPPED","651.21","store","{""device"":""tablet"",""promo"":""WELCOME10""}","2026-09-17"
"4818","18","2026-09-17 20:26:41.437","DELIVERED","651.34","web","{""device"":""desktop"",""promo"":""SPRING15""}","2026-09-17"
"4819","19","2026-09-17 19:49:41.437","CANCELLED","651.47","app","{""device"":""mobile"",""promo"":""LOYALTY5""}","2026-09-17"
"4820","20","2026-09-17 19:12:41.437","PLACED","651.60","store","{""device"":""tablet"",""promo"":""NONE""}","2026-09-17"
"4821","21","2026-09-17 18:35:41.437","SHIPPED","651.73","web","{""device"":""desktop"",""promo"":""WELCOME10""}","2026-09-17"
"4822","22","2026-09-17 17:58:41.437","DELIVERED","651.86","app","{""device"":""mobile"",""promo"":""SPRING15""}","2026-09-17"
"4823","23","2026-09-17 17:21:41.437","CANCELLED","651.99","store","{""device"":""tablet"",""promo"":""LOYALTY5""}","2026-09-17"
"4824","24","2026-09-17 16:44:41.437","PLACED","652.12","web","{""device"":""desktop"",""promo"":""NONE""}","2026-09-17"
"4825","25","2026-09-17 16:07:41.437","SHIPPED","652.25","app","{""device"":""mobile"",""promo"":""WELCOME10""}","2026-09-17"
"4826","26","2026-09-17 15:30:41.437","DELIVERED","652.38","store","{""device"":""tablet"",""promo"":""SPRING15""}","2026-09-17"
"4827","27","2026-09-17 14:53:41.437","CANCELLED","652.51","web","{""device"":""desktop"",""promo"":""LOYALTY5""}","2026-09-17"
"4828","28","2026-09-17 14:16:41.437","PLACED","652.64","app","{""device"":""mobile"",""promo"":""NONE""}","2026-09-17"
"4829","29","2026-09-17 13:39:41.437","SHIPPED","652.77","store","{""device"":""tablet"",""promo"":""WELCOME10""}","2026-09-17"
"4830","30","2026-09-17 13:02:41.437","DELIVERED","652.90","web","{""device"":""desktop"",""promo"":""SPRING15""}","2026-09-17"
"4831","31","2026-09-17 12:25:41.437","CANCELLED","653.03","app","{""device"":""mobile"",""promo"":""LOYALTY5""}","2026-09-17"
"4832","32","2026-09-17 11:48:41.437","PLACED","653.16","store","{""device"":""tablet"",""promo"":""NONE""}","2026-09-17"
"4833","33","2026-09-17 11:11:41.437","SHIPPED","653.29","web","{""device"":""desktop"",""promo"":""WELCOME10""}","2026-09-17"
"4834","34","2026-09-17 10:34:41.437","DELIVERED","653.42","app","{""device"":""mobile"",""promo"":""SPRING15""}","2026-09-17"
"4835","35","2026-09-17 09:57:41.437","CANCELLED","653.55","store","{""device"":""tablet"",""promo"":""LOYALTY5""}","2026-09-17"
"4836","36","2026-09-17 09:20:41.437","PLACED","653.68","web","{""device"":""desktop"",""promo"":""NONE""}","2026-09-17"
"4837","37","2026-09-17 08:43:41.437","SHIPPED","653.81","app","{""device"":""mobile"",""promo"":""WELCOME10""}","2026-09-17"
"4838","38","2026-09-17 08:06:41.437","DELIVERED","653.94","store","{""device"":""tablet"",""promo"":""SPRING15""}","2026-09-17"
"4839","39","2026-09-17 07:29:41.437","CANCELLED","654.07","web","{""device"":""desktop"",""promo"":""LOYALTY5""}","2026-09-17"
"4840","40","2026-09-17 06:52:41.437","PLACED","654.20","app","{""device"":""mobile"",""promo"":""NONE""}","2026-09-17"
"4841","41","2026-09-17 06:15:41.437","SHIPPED","654.33","store","{""device"":""tablet"",""promo"":""WELCOME10""}","2026-09-17"
"4842","42","2026-09-17 05:38:41.437","DELIVERED","654.46","web","{""device"":""desktop"",""promo"":""SPRING15""}","2026-09-17"
"4843","43","2026-09-17 05:01:41.437","CANCELLED","654.59","app","{""device"":""mobile"",""promo"":""LOYALTY5""}","2026-09-17"
"4844","44","2026-09-17 04:24:41.437","PLACED","654.72","store","{""device"":""tablet"",""promo"":""NONE""}","2026-09-17"
"4845","45","2026-09-17 03:47:41.437","SHIPPED","654.85","web","{""device"":""desktop"",""promo"":""WELCOME10""}","2026-09-17"
"4846","46","2026-09-17 03:10:41.437","DELIVERED","654.98","app","{""device"":""mobile"",""promo"":""SPRING15""}","2026-09-17"
"4847","47","2026-09-17 02:33:41.437","CANCELLED","655.11","store","{""device"":""tablet"",""promo"":""LOYALTY5""}","2026-09-17"
"4848","48","2026-09-17 01:56:41.437","PLACED","655.24","web","{""device"":""desktop"",""promo"":""NONE""}","2026-09-17"
"4849","49","2026-09-17 01:19:41.437","SHIPPED","655.37","app","{""device"":""mobile"",""promo"":""WELCOME10""}","2026-09-17"
"4850","50","2026-09-17 00:42:41.437","DELIVERED","655.50","store","{""device"":""tablet"",""promo"":""SPRING15""}","2026-09-17"
"4851","51","2026-09-17 00:05:41.437","CANCELLED","655.63","web","{""device"":""desktop"",""promo"":""LOYALTY5""}","2026-09-17"
"4852","52","2026-09-16 23:28:41.437","PLACED","655.76","app","{""device"":""mobile"",""promo"":""NONE""}","2026-09-16"
"4853","53","2026-09-16 22:51:41.437","SHIPPED","655.89","store","{""device"":""tablet"",""promo"":""WELCOME10""}","2026-09-16"
"4854","54","2026-09-16 22:14:41.437","DELIVERED","656.02","web","{""device"":""desktop"",""promo"":""SPRING15""}","2026-09-16"
"4855","55","2026-09-16 21:37:41.437","CANCELLED","656.15","app","{""device"":""mobile"",""promo"":""LOYALTY5""}","2026-09-16"
"4856","56","2026-09-16 21:00:41.437","PLACED","656.28","store","{""device"":""tablet"",""promo"":""NONE""}","2026-09-16"
"4857","57","2026-09-16 20:23:41.437","SHIPPED","656.41","web","{""device"":""desktop"",""promo"":""WELCOME10""}","2026-09-16"
"4858","58","2026-09-16 19:46:41.437","DELIVERED","656.54","app","{""device"":""mobile"",""promo"":""SPRING15""}","2026-09-16"
"4859","59","2026-09-16 19:09:41.437","CANCELLED","656.67","store","{""device"":""tablet"",""promo"":""LOYALTY5""}","2026-09-16"
"4860","60","2026-09-16 18:32:41.437","PLACED","656.80","web","{""device"":""desktop"",""promo"":""NONE""}","2026-09-16"
"4861","61","2026-09-16 17:55:41.437","SHIPPED","656.93","app","{""device"":""mobile"",""promo"":""WELCOME10""}","2026-09-16"
"4862","62","2026-09-16 17:18:41.437","DELIVERED","657.06","store","{""device"":""tablet"",""promo"":""SPRING15""}","2026-09-16"
"4863","63","2026-09-16 16:41:41.437","CANCELLED","657.19","web","{""device"":""desktop"",""promo"":""LOYALTY5""}","2026-09-16"
"4864","64","2026-09-16 16:04:41.437","PLACED","657.32","app","{""device"":""mobile"",""promo"":""NONE""}","2026-09-16"
"4865","65","2026-09-16 15:27:41.437","SHIPPED","657.45","store","{""device"":""tablet"",""promo"":""WELCOME10""}","2026-09-16"
"4866","66","2026-09-16 14:50:41.437","DELIVERED","657.58","web","{""device"":""desktop"",""promo"":""SPRING15""}","2026-09-16"
"4867","67","2026-09-16 14:13:41.437","CANCELLED","657.71","app","{""device"":""mobile"",""promo"":""LOYALTY5""}","2026-09-16"
"4868","68","2026-09-16 13:36:41.437","PLACED","657.84","store","{""device"":""tablet"",""promo"":""NONE""}","2026-09-16"
"4869","69","2026-09-16 12:59:41.437","SHIPPED","657.97","web","{""device"":""desktop"",""promo"":""WELCOME10""}","2026-09-16"
"4870","70","2026-09-16 12:22:41.437","DELIVERED","658.10","app","{""device"":""mobile"",""promo"":""SPRING15""}","2026-09-16"
"4871","71","2026-09-16 11:45:41.437","CANCELLED","658.23","store","{""device"":""tablet"",""promo"":""LOYALTY5""}","2026-09-16"
"4872","72","2026-09-16 11:08:41.437","PLACED","658.36","web","{""device"":""desktop"",""promo"":""NONE""}","2026-09-16"
"4873","73","2026-09-16 10:31:41.437","SHIPPED","658.49","app","{""device"":""mobile"",""promo"":""WELCOME10""}","2026-09-16"
"4874","74","2026-09-16 09:54:41.437","DELIVERED","658.62","store","{""device"":""tablet"",""promo"":""SPRING15""}","2026-09-16"
"4875","75","2026-09-16 09:17:41.437","CANCELLED","658.75","web","{""device"":""desktop"",""promo"":""LOYALTY5""}","2026-09-16"
"4876","76","2026-09-16 08:40:41.437","PLACED","658.88","app","{""device"":""mobile"",""promo"":""NONE""}","2026-09-16"
"4877","77","2026-09-16 08:03:41.437","SHIPPED","659.01","store","{""device"":""tablet"",""promo"":""WELCOME10""}","2026-09-16"
"4878","78","2026-09-16 07:26:41.437","DELIVERED","659.14","web","{""device"":""desktop"",""promo"":""SPRING15""}","2026-09-16"
"4879","79","2026-09-16 06:49:41.437","CANCELLED","659.27","app","{""device"":""mobile"",""promo"":""LOYALTY5""}","2026-09-16"
"4880","80","2026-09-16 06:12:41.437","PLACED","659.40","store","{""device"":""tablet"",""promo"":""NONE""}","2026-09-16"
"4881","81","2026-09-16 05:35:41.437","SHIPPED","659.53","web","{""device"":""desktop"",""promo"":""WELCOME10""}","2026-09-16"
"4882","82","2026-09-16 04:58:41.437","DELIVERED","659.66","app","{""device"":""mobile"",""promo"":""SPRING15""}","2026-09-16"
"4883","83","2026-09-16 04:21:41.437","CANCELLED","659.79","store","{""device"":""tablet"",""promo"":""LOYALTY5""}","2026-09-16"
"4884","84","2026-09-16 03:44:41.437","PLACED","659.92","web","{""device"":""desktop"",""promo"":""NONE""}","2026-09-16"
"4885","85","2026-09-16 03:07:41.437","SHIPPED","660.05","app","{""device"":""mobile"",""promo"":""WELCOME10""}","2026-09-16"
"4886","86","2026-09-16 02:30:41.437","DELIVERED","660.18","store","{""device"":""tablet"",""promo"":""SPRING15""}","2026-09-16"
"4887","87","2026-09-16 01:53:41.437","CANCELLED","660.31","web","{""device"":""desktop"",""promo"":""LOYALTY5""}","2026-09-16"
"4888","88","2026-09-16 01:16:41.437","PLACED","660.44","app","{""device"":""mobile"",""promo"":""NONE""}","2026-09-16"
"4889","89","2026-09-16 00:39:41.437","SHIPPED","660.57","store","{""device"":""tablet"",""promo"":""WELCOME10""}","2026-09-16"
"4890","90","2026-09-16 00:02:41.437","DELIVERED","660.70","web","{""device"":""desktop"",""promo"":""SPRING15""}","2026-09-16"
"4891","91","2026-09-15 23:25:41.437","CANCELLED","660.83","app","{""device"":""mobile"",""promo"":""LOYALTY5""}","2026-09-15"
"4892","92","2026-09-15 22:48:41.437","PLACED","660.96","store","{""device"":""tablet"",""promo"":""NONE""}","2026-09-15"
"4893","93","2026-09-15 22:11:41.437","SHIPPED","661.09","web","{""device"":""desktop"",""promo"":""WELCOME10""}","2026-09-15"
"4894","94","2026-09-15 21:34:41.437","DELIVERED","661.22","app","{""device"":""mobile"",""promo"":""SPRING15""}","2026-09-15"
"4895","95","2026-09-15 20:57:41.437","CANCELLED","661.35","store","{""device"":""tablet"",""promo"":""LOYALTY5""}","2026-09-15"
"4896","96","2026-09-15 20:20:41.437","PLACED","661.48","web","{""device"":""desktop"",""promo"":""NONE""}","2026-09-15"
"4897","97","2026-09-15 19:43:41.437","SHIPPED","661.61","app","{""device"":""mobile"",""promo"":""WELCOME10""}","2026-09-15"
"4898","98","2026-09-15 19:06:41.437","DELIVERED","661.74","store","{""device"":""tablet"",""promo"":""SPRING15""}","2026-09-15"
"4899","99","2026-09-15 18:29:41.437","CANCELLED","661.87","web","{""device"":""desktop"",""promo"":""LOYALTY5""}","2026-09-15"
"4900","100","2026-09-15 17:52:41.437","PLACED","662.00","app","{""device"":""mobile"",""promo"":""NONE""}","2026-09-15"
"4901","101","2026-09-15 17:15:41.437","SHIPPED","662.13","store","{""device"":""tablet"",""promo"":""WELCOME10""}","2026-09-15"
"4902","102","2026-09-15 16:38:41.437","DELIVERED","662.26","web","{""device"":""desktop"",""promo"":""SPRING15""}","2026-09-15"
"4903","103","2026-09-15 16:01:41.437","CANCELLED","662.39","app","{""device"":""mobile"",""promo"":""LOYALTY5""}","2026-09-15"
"4904","104","2026-09-15 15:24:41.437","PLACED","662.52","store","{""device"":""tablet"",""promo"":""NONE""}","2026-09-15"
"4905","105","2026-09-15 14:47:41.437","SHIPPED","662.65","web","{""device"":""desktop"",""promo"":""WELCOME10""}","2026-09-15"
"4906","106","2026-09-15 14:10:41.437","DELIVERED","662.78","app","{""device"":""mobile"",""promo"":""SPRING15""}","2026-09-15"
"4907","107","2026-09-15 13:33:41.437","CANCELLED","662.91","store","{""device"":""tablet"",""promo"":""LOYALTY5""}","2026-09-15"
"4908","108","2026-09-15 12:56:41.437","PLACED","663.04","web","{""device"":""desktop"",""promo"":""NONE""}","2026-09-15"
"4909","109","2026-09-15 12:19:41.437","SHIPPED","663.17","app","{""device"":""mobile"",""promo"":""WELCOME10""}","2026-09-15"
"4910","110","2026-09-15 11:42:41.437","DELIVERED","663.30","store","{""device"":""tablet"",""promo"":""SPRING15""}","2026-09-15"
"4911","111","2026-09-15 11:05:41.437","CANCELLED","663.43","web","{""device"":""desktop"",""promo"":""LOYALTY5""}","2026-09-15"
"4912","112","2026-09-15 10:28:41.437","PLACED","663.56","app","{""device"":""mobile"",""promo"":""NONE""}","2026-09-15"
"4913","113","2026-09-15 09:51:41.437","SHIPPED","663.69","store","{""device"":""tablet"",""promo"":""WELCOME10""}","2026-09-15"
"4914","114","2026-09-15 09:14:41.437","DELIVERED","663.82","web","{""device"":""desktop"",""promo"":""SPRING15""}","2026-09-15"
"4915","115","2026-09-15 08:37:41.437","CANCELLED","663.95","app","{""device"":""mobile"",""promo"":""LOYALTY5""}","2026-09-15"
"4916","116","2026-09-15 08:00:41.437","PLACED","664.08","store","{""device"":""tablet"",""promo"":""NONE""}","2026-09-15"
"4917","117","2026-09-15 07:23:41.437","SHIPPED","664.21","web","{""device"":""desktop"",""promo"":""WELCOME10""}","2026-09-15"
"4918","118","2026-09-15 06:46:41.437","DELIVERED","664.34","app","{""device"":""mobile"",""promo"":""SPRING15""}","2026-09-15"
"4919","119","2026-09-15 06:09:41.437","CANCELLED","664.47","store","{""device"":""tablet"",""promo"":""LOYALTY5""}","2026-09-15"
"4920","120","2026-09-15 05:32:41.437","PLACED","664.60","web","{""device"":""desktop"",""promo"":""NONE""}","2026-09-15"
"4921","121","2026-09-15 04:55:41.437","SHIPPED","664.73","app","{""device"":""mobile"",""promo"":""WELCOME10""}","2026-09-15"
"4922","122","2026-09-15 04:18:41.437","DELIVERED","664.86","store","{""device"":""tablet"",""promo"":""SPRING15""}","2026-09-15"
"4923","123","2026-09-15 03:41:41.437","CANCELLED","664.99","web","{""device"":""desktop"",""promo"":""LOYALTY5""}","2026-09-15"
"4924","124","2026-09-15 03:04:41.437","PLACED","665.12","app","{""device"":""mobile"",""promo"":""NONE""}","2026-09-15"
"4925","125","2026-09-15 02:27:41.437","SHIPPED","665.25","store","{""device"":""tablet"",""promo"":""WELCOME10""}","2026-09-15"
"4926","126","2026-09-15 01:50:41.437","DELIVERED","665.38","web","{""device"":""desktop"",""promo"":""SPRING15""}","2026-09-15"
"4927","127","2026-09-15 01:13:41.437","CANCELLED","665.51","app","{""device"":""mobile"",""promo"":""LOYALTY5""}","2026-09-15"
"4928","128","2026-09-15 00:36:41.437","PLACED","665.64","store","{""device"":""tablet"",""promo"":""NONE""}","2026-09-15"
"4929","129","2026-09-14 23:59:41.437","SHIPPED","665.77","web","{""device"":""desktop"",""promo"":""WELCOME10""}","2026-09-14"
"4930","130","2026-09-14 23:22:41.437","DELIVERED","665.90","app","{""device"":""mobile"",""promo"":""SPRING15""}","2026-09-14"
"4931","131","2026-09-14 22:45:41.437","CANCELLED","666.03","store","{""device"":""tablet"",""promo"":""LOYALTY5""}","2026-09-14"
"4932","132","2026-09-14 22:08:41.437","PLACED","666.16","web","{""device"":""desktop"",""promo"":""NONE""}","2026-09-14"
"4933","133","2026-09-14 21:31:41.437","SHIPPED","666.29","app","{""device"":""mobile"",""promo"":""WELCOME10""}","2026-09-14"
"4934","134","2026-09-14 20:54:41.437","DELIVERED","666.42","store","{""device"":""tablet"",""promo"":""SPRING15""}","2026-09-14"
"4935","135","2026-09-14 20:17:41.437","CANCELLED","666.55","web","{""device"":""desktop"",""promo"":""LOYALTY5""}","2026-09-14"
"4936","136","2026-09-14 19:40:41.437","PLACED","666.68","app","{""device"":""mobile"",""promo"":""NONE""}","2026-09-14"
"4937","137","2026-09-14 19:03:41.437","SHIPPED","666.81","store","{""device"":""tablet"",""promo"":""WELCOME10""}","2026-09-14"
"4938","138","2026-09-14 18:26:41.437","DELIVERED","666.94","web","{""device"":""desktop"",""promo"":""SPRING15""}","2026-09-14"
"4939","139","2026-09-14 17:49:41.437","CANCELLED","667.07","app","{""device"":""mobile"",""promo"":""LOYALTY5""}","2026-09-14"
"4940","140","2026-09-14 17:12:41.437","PLACED","667.20","store","{""device"":""tablet"",""promo"":""NONE""}","2026-09-14"
"4941","141","2026-09-14 16:35:41.437","SHIPPED","667.33","web","{""device"":""desktop"",""promo"":""WELCOME10""}","2026-09-14"
"4942","142","2026-09-14 15:58:41.437","DELIVERED","667.46","app","{""device"":""mobile"",""promo"":""SPRING15""}","2026-09-14"
"4943","143","2026-09-14 15:21:41.437","CANCELLED","667.59","store","{""device"":""tablet"",""promo"":""LOYALTY5""}","2026-09-14"
"4944","144","2026-09-14 14:44:41.437","PLACED","667.72","web","{""device"":""desktop"",""promo"":""NONE""}","2026-09-14"
"4945","145","2026-09-14 14:07:41.437","SHIPPED","667.85","app","{""device"":""mobile"",""promo"":""WELCOME10""}","2026-09-14"
"4946","146","2026-09-14 13:30:41.437","DELIVERED","667.98","store","{""device"":""tablet"",""promo"":""SPRING15""}","2026-09-14"
"4947","147","2026-09-14 12:53:41.437","CANCELLED","668.11","web","{""device"":""desktop"",""promo"":""LOYALTY5""}","2026-09-14"
"4948","148","2026-09-14 12:16:41.437","PLACED","668.24","app","{""device"":""mobile"",""promo"":""NONE""}","2026-09-14"
"4949","149","2026-09-14 11:39:41.437","SHIPPED","668.37","store","{""device"":""tablet"",""promo"":""WELCOME10""}","2026-09-14"
"4950","150","2026-09-14 11:02:41.437","DELIVERED","668.50","web","{""device"":""desktop"",""promo"":""SPRING15""}","2026-09-14"
"4951","151","2026-09-14 10:25:41.437","CANCELLED","668.63","app","{""device"":""mobile"",""promo"":""LOYALTY5""}","2026-09-14"
"4952","152","2026-09-14 09:48:41.437","PLACED","668.76","store","{""device"":""tablet"",""promo"":""NONE""}","2026-09-14"
"4953","153","2026-09-14 09:11:41.437","SHIPPED","668.89","web","{""device"":""desktop"",""promo"":""WELCOME10""}","2026-09-14"
"4954","154","2026-09-14 08:34:41.437","DELIVERED","669.02","app","{""device"":""mobile"",""promo"":""SPRING15""}","2026-09-14"
"4955","155","2026-09-14 07:57:41.437","CANCELLED","669.15","store","{""device"":""tablet"",""promo"":""LOYALTY5""}","2026-09-14"
"4956","156","2026-09-14 07:20:41.437","PLACED","669.28","web","{""device"":""desktop"",""promo"":""NONE""}","2026-09-14"
"4957","157","2026-09-14 06:43:41.437","SHIPPED","669.41","app","{""device"":""mobile"",""promo"":""WELCOME10""}","2026-09-14"
"4958","158","2026-09-14 06:06:41.437","DELIVERED","669.54","store","{""device"":""tablet"",""promo"":""SPRING15""}","2026-09-14"
"4959","159","2026-09-14 05:29:41.437","CANCELLED","669.67","web","{""device"":""desktop"",""promo"":""LOYALTY5""}","2026-09-14"
"4960","160","2026-09-14 04:52:41.437","PLACED","669.80","app","{""device"":""mobile"",""promo"":""NONE""}","2026-09-14"
"4961","161","2026-09-14 04:15:41.437","SHIPPED","669.93","store","{""device"":""tablet"",""promo"":""WELCOME10""}","2026-09-14"
"4962","162","2026-09-14 03:38:41.437","DELIVERED","670.06","web","{""device"":""desktop"",""promo"":""SPRING15""}","2026-09-14"
"4963","163","2026-09-14 03:01:41.437","CANCELLED","670.19","app","{""device"":""mobile"",""promo"":""LOYALTY5""}","2026-09-14"
"4964","164","2026-09-14 02:24:41.437","PLACED","670.32","store","{""device"":""tablet"",""promo"":""NONE""}","2026-09-14"
"4965","165","2026-09-14 01:47:41.437","SHIPPED","670.45","web","{""device"":""desktop"",""promo"":""WELCOME10""}","2026-09-14"
"4966","166","2026-09-14 01:10:41.437","DELIVERED","670.58","app","{""device"":""mobile"",""promo"":""SPRING15""}","2026-09-14"
"4967","167","2026-09-14 00:33:41.437","CANCELLED","670.71","store","{""device"":""tablet"",""promo"":""LOYALTY5""}","2026-09-14"
"4968","168","2026-09-13 23:56:41.437","PLACED","670.84","web","{""device"":""desktop"",""promo"":""NONE""}","2026-09-13"
"4969","169","2026-09-13 23:19:41.437","SHIPPED","670.97","app","{""device"":""mobile"",""promo"":""WELCOME10""}","2026-09-13"
"4970","170","2026-09-13 22:42:41.437","DELIVERED","671.10","store","{""device"":""tablet"",""promo"":""SPRING15""}","2026-09-13"
"4971","171","2026-09-13 22:05:41.437","CANCELLED","671.23","web","{""device"":""desktop"",""promo"":""LOYALTY5""}","2026-09-13"
"4972","172","2026-09-13 21:28:41.437","PLACED","671.36","app","{""device"":""mobile"",""promo"":""NONE""}","2026-09-13"
"4973","173","2026-09-13 20:51:41.437","SHIPPED","671.49","store","{""device"":""tablet"",""promo"":""WELCOME10""}","2026-09-13"
"4974","174","2026-09-13 20:14:41.437","DELIVERED","671.62","web","{""device"":""desktop"",""promo"":""SPRING15""}","2026-09-13"
"4975","175","2026-09-13 19:37:41.437","CANCELLED","671.75","app","{""device"":""mobile"",""promo"":""LOYALTY5""}","2026-09-13"
"4976","176","2026-09-13 19:00:41.437","PLACED","671.88","store","{""device"":""tablet"",""promo"":""NONE""}","2026-09-13"
"4977","177","2026-09-13 18:23:41.437","SHIPPED","672.01","web","{""device"":""desktop"",""promo"":""WELCOME10""}","2026-09-13"
"4978","178","2026-09-13 17:46:41.437","DELIVERED","672.14","app","{""device"":""mobile"",""promo"":""SPRING15""}","2026-09-13"
"4979","179","2026-09-13 17:09:41.437","CANCELLED","672.27","store","{""device"":""tablet"",""promo"":""LOYALTY5""}","2026-09-13"
"4980","180","2026-09-13 16:32:41.437","PLACED","672.40","web","{""device"":""desktop"",""promo"":""NONE""}","2026-09-13"
"4981","181","2026-09-13 15:55:41.437","SHIPPED","672.53","app","{""device"":""mobile"",""promo"":""WELCOME10""}","2026-09-13"
"4982","182","2026-09-13 15:18:41.437","DELIVERED","672.66","store","{""device"":""tablet"",""promo"":""SPRING15""}","2026-09-13"
"4983","183","2026-09-13 14:41:41.437","CANCELLED","672.79","web","{""device"":""desktop"",""promo"":""LOYALTY5""}","2026-09-13"
"4984","184","2026-09-13 14:04:41.437","PLACED","672.92","app","{""device"":""mobile"",""promo"":""NONE""}","2026-09-13"
"4985","185","2026-09-13 13:27:41.437","SHIPPED","673.05","store","{""device"":""tablet"",""promo"":""WELCOME10""}","2026-09-13"
"4986","186","2026-09-13 12:50:41.437","DELIVERED","673.18","web","{""device"":""desktop"",""promo"":""SPRING15""}","2026-09-13"
"4987","187","2026-09-13 12:13:41.437","CANCELLED","673.31","app","{""device"":""mobile"",""promo"":""LOYALTY5""}","2026-09-13"
"4988","188","2026-09-13 11:36:41.437","PLACED","673.44","store","{""device"":""tablet"",""promo"":""NONE""}","2026-09-13"
"4989","189","2026-09-13 10:59:41.437","SHIPPED","673.57","web","{""device"":""desktop"",""promo"":""WELCOME10""}","2026-09-13"
"4990","190","2026-09-13 10:22:41.437","DELIVERED","673.70","app","{""device"":""mobile"",""promo"":""SPRING15""}","2026-09-13"
"4991","191","2026-09-13 09:45:41.437","CANCELLED","673.83","store","{""device"":""tablet"",""promo"":""LOYALTY5""}","2026-09-13"
"4992","192","2026-09-13 09:08:41.437","PLACED","673.96","web","{""device"":""desktop"",""promo"":""NONE""}","2026-09-13"
"4993","193","2026-09-13 08:31:41.437","SHIPPED","674.09","app","{""device"":""mobile"",""promo"":""WELCOME10""}","2026-09-13"
"4994","194","2026-09-13 07:54:41.437","DELIVERED","674.22","store","{""device"":""tablet"",""promo"":""SPRING15""}","2026-09-13"
"4995","195","2026-09-13 07:17:41.437","CANCELLED","674.35","web","{""device"":""desktop"",""promo"":""LOYALTY5""}","2026-09-13"
"4996","196","2026-09-13 06:40:41.437","PLACED","674.48","app","{""device"":""mobile"",""promo"":""NONE""}","2026-09-13"
"4997","197","2026-09-13 06:03:41.437","SHIPPED","674.61","store","{""device"":""tablet"",""promo"":""WELCOME10""}","2026-09-13"
"4998","198","2026-09-13 05:26:41.437","DELIVERED","674.74","web","{""device"":""desktop"",""promo"":""SPRING15""}","2026-09-13"
"4999","199","2026-09-13 04:49:41.437","CANCELLED","674.87","app","{""device"":""mobile"",""promo"":""LOYALTY5""}","2026-09-13"
"5000","200","2026-09-13 04:12:41.437","PLACED","675.00","store","{""device"":""tablet"",""promo"":""NONE""}","2026-09-13"
