"order_item_id","order_id","sku","quantity","unit_price","discount_pct"
"1","1","SKU-00018","4","5.19","0.0003"
"2","2","SKU-00035","3","5.38","0.0006"
"3","3","SKU-00052","2","5.57","0.0009"
"4","4","SKU-00069","1","5.76","0.0012"
"5","5","SKU-00086","4","5.95","0.0015"
"6","6","SKU-00103","3","6.14","0.0018"
"7","7","SKU-00120","2","6.33","0.0021"
"8","8","SKU-00137","1","6.52","0.0024"
"9","9","SKU-00154","4","6.71","0.0002"
"10","10","SKU-00171","3","6.90","0.0005"
"11","11","SKU-00188","2","7.09","0.0008"
"12","12","SKU-00205","1","7.28","0.0011"
"13","13","SKU-00222","4","7.47","0.0014"
"14","14","SKU-00239","3","7.66","0.0017"
"15","15","SKU-00256","2","7.85","0.0020"
"16","16","SKU-00273","1","8.04","0.0023"
"17","17","SKU-00290","4","8.23","0.0001"
"18","18","SKU-00307","3","8.42","0.0004"
"19","19","SKU-00324","2","8.61","0.0007"
"20","20","SKU-00341","1","8.80","0.0010"
"21","21","SKU-00358","4","8.99","0.0013"
"22","22","SKU-00375","3","9.18","0.0016"
"23","23","SKU-00392","2","9.37","0.0019"
"24","24","SKU-00409","1","9.56","0.0022"
"25","25","SKU-00426","4","9.75","0.0000"
"26","26","SKU-00443","3","9.94","0.0003"
"27","27","SKU-00460","2","10.13","0.0006"
"28","28","SKU-00477","1","10.32","0.0009"
"29","29","SKU-00494","4","10.51","0.0012"
"30","30","SKU-00511","3","10.70","0.0015"
"31","31","SKU-00528","2","10.89","0.0018"
"32","32","SKU-00545","1","11.08","0.0021"
"33","33","SKU-00562","4","11.27","0.0024"
"34","34","SKU-00579","3","11.46","0.0002"
"35","35","SKU-00596","2","11.65","0.0005"
"36","36","SKU-00613","1","11.84","0.0008"
"37","37","SKU-00630","4","12.03","0.0011"
"38","38","SKU-00647","3","12.22","0.0014"
"39","39","SKU-00664","2","12.41","0.0017"
"40","40","SKU-00681","1","12.60","0.0020"
"41","41","SKU-00698","4","12.79","0.0023"
"42","42","SKU-00715","3","12.98","0.0001"
"43","43","SKU-00732","2","13.17","0.0004"
"44","44","SKU-00749","1","13.36","0.0007"
"45","45","SKU-00766","4","13.55","0.0010"
"46","46","SKU-00783","3","13.74","0.0013"
"47","47","SKU-00800","2","13.93","0.0016"
"48","48","SKU-00817","1","14.12","0.0019"
"49","49","SKU-00834","4","14.31","0.0022"
"50","50","SKU-00851","3","14.50","0.0000"
"51","51","SKU-00868","2","14.69","0.0003"
"52","52","SKU-00885","1","14.88","0.0006"
"53","53","SKU-00902","4","15.07","0.0009"
"54","54","SKU-00919","3","15.26","0.0012"
"55","55","SKU-00936","2","15.45","0.0015"
"56","56","SKU-00953","1","15.64","0.0018"
"57","57","SKU-00970","4","15.83","0.0021"
"58","58","SKU-00987","3","16.02","0.0024"
"59","59","SKU-00004","2","16.21","0.0002"
"60","60","SKU-00021","1","16.40","0.0005"
"61","61","SKU-00038","4","16.59","0.0008"
"62","62","SKU-00055","3","16.78","0.0011"
"63","63","SKU-00072","2","16.97","0.0014"
"64","64","SKU-00089","1","17.16","0.0017"
"65","65","SKU-00106","4","17.35","0.0020"
"66","66","SKU-00123","3","17.54","0.0023"
"67","67","SKU-00140","2","17.73","0.0001"
"68","68","SKU-00157","1","17.92","0.0004"
"69","69","SKU-00174","4","18.11","0.0007"
"70","70","SKU-00191","3","18.30","0.0010"
"71","71","SKU-00208","2","18.49","0.0013"
"72","72","SKU-00225","1","18.68","0.0016"
"73","73","SKU-00242","4","18.87","0.0019"
"74","74","SKU-00259","3","19.06","0.0022"
"75","75","SKU-00276","2","19.25","0.0000"
"76","76","SKU-00293","1","19.44","0.0003"
"77","77","SKU-00310","4","19.63","0.0006"
"78","78","SKU-00327","3","19.82","0.0009"
"79","79","SKU-00344","2","20.01","0.0012"
"80","80","SKU-00361","1","20.20","0.0015"
"81","81","SKU-00378","4","20.39","0.0018"
"82","82","SKU-00395","3","20.58","0.0021"
"83","83","SKU-00412","2","20.77","0.0024"
"84","84","SKU-00429","1","20.96","0.0002"
"85","85","SKU-00446","4","21.15","0.0005"
"86","86","SKU-00463","3","21.34","0.0008"
"87","87","SKU-00480","2","21.53","0.0011"
"88","88","SKU-00497","1","21.72","0.0014"
"89","89","SKU-00514","4","21.91","0.0017"
"90","90","SKU-00531","3","22.10","0.0020"
"91","91","SKU-00548","2","22.29","0.0023"
"92","92","SKU-00565","1","22.48","0.0001"
"93","93","SKU-00582","4","22.67","0.0004"
"94","94","SKU-00599","3","22.86","0.0007"
"95","95","SKU-00616","2","23.05","0.0010"
"96","96","SKU-00633","1","23.24","0.0013"
"97","97","SKU-00650","4","23.43","0.0016"
"98","98","SKU-00667","3","23.62","0.0019"
"99","99","SKU-00684","2","23.81","0.0022"
"100","100","SKU-00701","1","24.00","0.0000"
"101","101","SKU-00718","4","24.19","0.0003"
"102","102","SKU-00735","3","24.38","0.0006"
"103","103","SKU-00752","2","24.57","0.0009"
"104","104","SKU-00769","1","24.76","0.0012"
"105","105","SKU-00786","4","24.95","0.0015"
"106","106","SKU-00803","3","25.14","0.0018"
"107","107","SKU-00820","2","25.33","0.0021"
"108","108","SKU-00837","1","25.52","0.0024"
"109","109","SKU-00854","4","25.71","0.0002"
"110","110","SKU-00871","3","25.90","0.0005"
"111","111","SKU-00888","2","26.09","0.0008"
"112","112","SKU-00905","1","26.28","0.0011"
"113","113","SKU-00922","4","26.47","0.0014"
"114","114","SKU-00939","3","26.66","0.0017"
"115","115","SKU-00956","2","26.85","0.0020"
"116","116","SKU-00973","1","27.04","0.0023"
"117","117","SKU-00990","4","27.23","0.0001"
"118","118","SKU-00007","3","27.42","0.0004"
"119","119","SKU-00024","2","27.61","0.0007"
"120","120","SKU-00041","1","27.80","0.0010"
"121","121","SKU-00058","4","27.99","0.0013"
"122","122","SKU-00075","3","28.18","0.0016"
"123","123","SKU-00092","2","28.37","0.0019"
"124","124","SKU-00109","1","28.56","0.0022"
"125","125","SKU-00126","4","28.75","0.0000"
"126","126","SKU-00143","3","28.94","0.0003"
"127","127","SKU-00160","2","29.13","0.0006"
"128","128","SKU-00177","1","29.32","0.0009"
"129","129","SKU-00194","4","29.51","0.0012"
"130","130","SKU-00211","3","29.70","0.0015"
"131","131","SKU-00228","2","29.89","0.0018"
"132","132","SKU-00245","1","30.08","0.0021"
"133","133","SKU-00262","4","30.27","0.0024"
"134","134","SKU-00279","3","30.46","0.0002"
"135","135","SKU-00296","2","30.65","0.0005"
"136","136","SKU-00313","1","30.84","0.0008"
"137","137","SKU-00330","4","31.03","0.0011"
"138","138","SKU-00347","3","31.22","0.0014"
"139","139","SKU-00364","2","31.41","0.0017"
"140","140","SKU-00381","1","31.60","0.0020"
"141","141","SKU-00398","4","31.79","0.0023"
"142","142","SKU-00415","3","31.98","0.0001"
"143","143","SKU-00432","2","32.17","0.0004"
"144","144","SKU-00449","1","32.36","0.0007"
"145","145","SKU-00466","4","32.55","0.0010"
"146","146","SKU-00483","3","32.74","0.0013"
"147","147","SKU-00500","2","32.93","0.0016"
"148","148","SKU-00517","1","33.12","0.0019"
"149","149","SKU-00534","4","33.31","0.0022"
"150","150","SKU-00551","3","33.50","0.0000"
"151","151","SKU-00568","2","33.69","0.0003"
"152","152","SKU-00585","1","33.88","0.0006"
"153","153","SKU-00602","4","34.07","0.0009"
"154","154","SKU-00619","3","34.26","0.0012"
"155","155","SKU-00636","2","34.45","0.0015"
"156","156","SKU-00653","1","34.64","0.0018"
"157","157","SKU-00670","4","34.83","0.0021"
"158","158","SKU-00687","3","35.02","0.0024"
"159","159","SKU-00704","2","35.21","0.0002"
"160","160","SKU-00721","1","35.40","0.0005"
"161","161","SKU-00738","4","35.59","0.0008"
"162","162","SKU-00755","3","35.78","0.0011"
"163","163","SKU-00772","2","35.97","0.0014"
"164","164","SKU-00789","1","36.16","0.0017"
"165","165","SKU-00806","4","36.35","0.0020"
"166","166","SKU-00823","3","36.54","0.0023"
"167","167","SKU-00840","2","36.73","0.0001"
"168","168","SKU-00857","1","36.92","0.0004"
"169","169","SKU-00874","4","37.11","0.0007"
"170","170","SKU-00891","3","37.30","0.0010"
"171","171","SKU-00908","2","37.49","0.0013"
"172","172","SKU-00925","1","37.68","0.0016"
"173","173","SKU-00942","4","37.87","0.0019"
"174","174","SKU-00959","3","38.06","0.0022"
"175","175","SKU-00976","2","38.25","0.0000"
"176","176","SKU-00993","1","38.44","0.0003"
"177","177","SKU-00010","4","38.63","0.0006"
"178","178","SKU-00027","3","38.82","0.0009"
"179","179","SKU-00044","2","39.01","0.0012"
"180","180","SKU-00061","1","39.20","0.0015"
"181","181","SKU-00078","4","39.39","0.0018"
"182","182","SKU-00095","3","39.58","0.0021"
"183","183","SKU-00112","2","39.77","0.0024"
"184","184","SKU-00129","1","39.96","0.0002"
"185","185","SKU-00146","4","40.15","0.0005"
"186","186","SKU-00163","3","40.34","0.0008"
"187","187","SKU-00180","2","40.53","0.0011"
"188","188","SKU-00197","1","40.72","0.0014"
"189","189","SKU-00214","4","40.91","0.0017"
"190","190","SKU-00231","3","41.10","0.0020"
"191","191","SKU-00248","2","41.29","0.0023"
"192","192","SKU-00265","1","41.48","0.0001"
"193","193","SKU-00282","4","41.67","0.0004"
"194","194","SKU-00299","3","41.86","0.0007"
"195","195","SKU-00316","2","42.05","0.0010"
"196","196","SKU-00333","1","42.24","0.0013"
"197","197","SKU-00350","4","42.43","0.0016"
"198","198","SKU-00367","3","42.62","0.0019"
"199","199","SKU-00384","2","42.81","0.0022"
"200","200","SKU-00401","1","43.00","0.0000"
"201","201","SKU-00418","4","43.19","0.0003"
"202","202","SKU-00435","3","43.38","0.0006"
"203","203","SKU-00452","2","43.57","0.0009"
"204","204","SKU-00469","1","43.76","0.0012"
"205","205","SKU-00486","4","43.95","0.0015"
"206","206","SKU-00503","3","44.14","0.0018"
"207","207","SKU-00520","2","44.33","0.0021"
"208","208","SKU-00537","1","44.52","0.0024"
"209","209","SKU-00554","4","44.71","0.0002"
"210","210","SKU-00571","3","44.90","0.0005"
"211","211","SKU-00588","2","45.09","0.0008"
"212","212","SKU-00605","1","45.28","0.0011"
"213","213","SKU-00622","4","45.47","0.0014"
"214","214","SKU-00639","3","45.66","0.0017"
"215","215","SKU-00656","2","45.85","0.0020"
"216","216","SKU-00673","1","46.04","0.0023"
"217","217","SKU-00690","4","46.23","0.0001"
"218","218","SKU-00707","3","46.42","0.0004"
"219","219","SKU-00724","2","46.61","0.0007"
"220","220","SKU-00741","1","46.80","0.0010"
"221","221","SKU-00758","4","46.99","0.0013"
"222","222","SKU-00775","3","47.18","0.0016"
"223","223","SKU-00792","2","47.37","0.0019"
"224","224","SKU-00809","1","47.56","0.0022"
"225","225","SKU-00826","4","47.75","0.0000"
"226","226","SKU-00843","3","47.94","0.0003"
"227","227","SKU-00860","2","48.13","0.0006"
"228","228","SKU-00877","1","48.32","0.0009"
"229","229","SKU-00894","4","48.51","0.0012"
"230","230","SKU-00911","3","48.70","0.0015"
"231","231","SKU-00928","2","48.89","0.0018"
"232","232","SKU-00945","1","49.08","0.0021"
"233","233","SKU-00962","4","49.27","0.0024"
"234","234","SKU-00979","3","49.46","0.0002"
"235","235","SKU-00996","2","49.65","0.0005"
"236","236","SKU-00013","1","49.84","0.0008"
"237","237","SKU-00030","4","50.03","0.0011"
"238","238","SKU-00047","3","50.22","0.0014"
"239","239","SKU-00064","2","50.41","0.0017"
"240","240","SKU-00081","1","50.60","0.0020"
"241","241","SKU-00098","4","50.79","0.0023"
"242","242","SKU-00115","3","50.98","0.0001"
"243","243","SKU-00132","2","51.17","0.0004"
"244","244","SKU-00149","1","51.36","0.0007"
"245","245","SKU-00166","4","51.55","0.0010"
"246","246","SKU-00183","3","51.74","0.0013"
"247","247","SKU-00200","2","51.93","0.0016"
"248","248","SKU-00217","1","52.12","0.0019"
"249","249","SKU-00234","4","52.31","0.0022"
"250","250","SKU-00251","3","52.50","0.0000"
"251","251","SKU-00268","2","52.69","0.0003"
"252","252","SKU-00285","1","52.88","0.0006"
"253","253","SKU-00302","4","53.07","0.0009"
"254","254","SKU-00319","3","53.26","0.0012"
"255","255","SKU-00336","2","53.45","0.0015"
"256","256","SKU-00353","1","53.64","0.0018"
"257","257","SKU-00370","4","53.83","0.0021"
"258","258","SKU-00387","3","54.02","0.0024"
"259","259","SKU-00404","2","54.21","0.0002"
"260","260","SKU-00421","1","54.40","0.0005"
"261","261","SKU-00438","4","54.59","0.0008"
"262","262","SKU-00455","3","54.78","0.0011"
"263","263","SKU-00472","2","54.97","0.0014"
"264","264","SKU-00489","1","55.16","0.0017"
"265","265","SKU-00506","4","55.35","0.0020"
"266","266","SKU-00523","3","55.54","0.0023"
"267","267","SKU-00540","2","55.73","0.0001"
"268","268","SKU-00557","1","55.92","0.0004"
"269","269","SKU-00574","4","56.11","0.0007"
"270","270","SKU-00591","3","56.30","0.0010"
"271","271","SKU-00608","2","56.49","0.0013"
"272","272","SKU-00625","1","56.68","0.0016"
"273","273","SKU-00642","4","56.87","0.0019"
"274","274","SKU-00659","3","57.06","0.0022"
"275","275","SKU-00676","2","57.25","0.0000"
"276","276","SKU-00693","1","57.44","0.0003"
"277","277","SKU-00710","4","57.63","0.0006"
"278","278","SKU-00727","3","57.82","0.0009"
"279","279","SKU-00744","2","58.01","0.0012"
"280","280","SKU-00761","1","58.20","0.0015"
"281","281","SKU-00778","4","58.39","0.0018"
"282","282","SKU-00795","3","58.58","0.0021"
"283","283","SKU-00812","2","58.77","0.0024"
"284","284","SKU-00829","1","58.96","0.0002"
"285","285","SKU-00846","4","59.15","0.0005"
"286","286","SKU-00863","3","59.34","0.0008"
"287","287","SKU-00880","2","59.53","0.0011"
"288","288","SKU-00897","1","59.72","0.0014"
"289","289","SKU-00914","4","59.91","0.0017"
"290","290","SKU-00931","3","60.10","0.0020"
"291","291","SKU-00948","2","60.29","0.0023"
"292","292","SKU-00965","1","60.48","0.0001"
"293","293","SKU-00982","4","60.67","0.0004"
"294","294","SKU-00999","3","60.86","0.0007"
"295","295","SKU-00016","2","61.05","0.0010"
"296","296","SKU-00033","1","61.24","0.0013"
"297","297","SKU-00050","4","61.43","0.0016"
"298","298","SKU-00067","3","61.62","0.0019"
"299","299","SKU-00084","2","61.81","0.0022"
"300","300","SKU-00101","1","62.00","0.0000"
"301","301","SKU-00118","4","62.19","0.0003"
"302","302","SKU-00135","3","62.38","0.0006"
"303","303","SKU-00152","2","62.57","0.0009"
"304","304","SKU-00169","1","62.76","0.0012"
"305","305","SKU-00186","4","62.95","0.0015"
"306","306","SKU-00203","3","63.14","0.0018"
"307","307","SKU-00220","2","63.33","0.0021"
"308","308","SKU-00237","1","63.52","0.0024"
"309","309","SKU-00254","4","63.71","0.0002"
"310","310","SKU-00271","3","63.90","0.0005"
"311","311","SKU-00288","2","64.09","0.0008"
"312","312","SKU-00305","1","64.28","0.0011"
"313","313","SKU-00322","4","64.47","0.0014"
"314","314","SKU-00339","3","64.66","0.0017"
"315","315","SKU-00356","2","64.85","0.0020"
"316","316","SKU-00373","1","65.04","0.0023"
"317","317","SKU-00390","4","65.23","0.0001"
"318","318","SKU-00407","3","65.42","0.0004"
"319","319","SKU-00424","2","65.61","0.0007"
"320","320","SKU-00441","1","65.80","0.0010"
"321","321","SKU-00458","4","65.99","0.0013"
"322","322","SKU-00475","3","66.18","0.0016"
"323","323","SKU-00492","2","66.37","0.0019"
"324","324","SKU-00509","1","66.56","0.0022"
"325","325","SKU-00526","4","66.75","0.0000"
"326","326","SKU-00543","3","66.94","0.0003"
"327","327","SKU-00560","2","67.13","0.0006"
"328","328","SKU-00577","1","67.32","0.0009"
"329","329","SKU-00594","4","67.51","0.0012"
"330","330","SKU-00611","3","67.70","0.0015"
"331","331","SKU-00628","2","67.89","0.0018"
"332","332","SKU-00645","1","68.08","0.0021"
"333","333","SKU-00662","4","68.27","0.0024"
"334","334","SKU-00679","3","68.46","0.0002"
"335","335","SKU-00696","2","68.65","0.0005"
"336","336","SKU-00713","1","68.84","0.0008"
"337","337","SKU-00730","4","69.03","0.0011"
"338","338","SKU-00747","3","69.22","0.0014"
"339","339","SKU-00764","2","69.41","0.0017"
"340","340","SKU-00781","1","69.60","0.0020"
"341","341","SKU-00798","4","69.79","0.0023"
"342","342","SKU-00815","3","69.98","0.0001"
"343","343","SKU-00832","2","70.17","0.0004"
"344","344","SKU-00849","1","70.36","0.0007"
"345","345","SKU-00866","4","70.55","0.0010"
"346","346","SKU-00883","3","70.74","0.0013"
"347","347","SKU-00900","2","70.93","0.0016"
"348","348","SKU-00917","1","71.12","0.0019"
"349","349","SKU-00934","4","71.31","0.0022"
"350","350","SKU-00951","3","71.50","0.0000"
"351","351","SKU-00968","2","71.69","0.0003"
"352","352","SKU-00985","1","71.88","0.0006"
"353","353","SKU-00002","4","72.07","0.0009"
"354","354","SKU-00019","3","72.26","0.0012"
"355","355","SKU-00036","2","72.45","0.0015"
"356","356","SKU-00053","1","72.64","0.0018"
"357","357","SKU-00070","4","72.83","0.0021"
"358","358","SKU-00087","3","73.02","0.0024"
"359","359","SKU-00104","2","73.21","0.0002"
"360","360","SKU-00121","1","73.40","0.0005"
"361","361","SKU-00138","4","73.59","0.0008"
"362","362","SKU-00155","3","73.78","0.0011"
"363","363","SKU-00172","2","73.97","0.0014"
"364","364","SKU-00189","1","74.16","0.0017"
"365","365","SKU-00206","4","74.35","0.0020"
"366","366","SKU-00223","3","74.54","0.0023"
"367","367","SKU-00240","2","74.73","0.0001"
"368","368","SKU-00257","1","74.92","0.0004"
"369","369","SKU-00274","4","75.11","0.0007"
"370","370","SKU-00291","3","75.30","0.0010"
"371","371","SKU-00308","2","75.49","0.0013"
"372","372","SKU-00325","1","75.68","0.0016"
"373","373","SKU-00342","4","75.87","0.0019"
"374","374","SKU-00359","3","76.06","0.0022"
"375","375","SKU-00376","2","76.25","0.0000"
"376","376","SKU-00393","1","76.44","0.0003"
"377","377","SKU-00410","4","76.63","0.0006"
"378","378","SKU-00427","3","76.82","0.0009"
"379","379","SKU-00444","2","77.01","0.0012"
"380","380","SKU-00461","1","77.20","0.0015"
"381","381","SKU-00478","4","77.39","0.0018"
"382","382","SKU-00495","3","77.58","0.0021"
"383","383","SKU-00512","2","77.77","0.0024"
"384","384","SKU-00529","1","77.96","0.0002"
"385","385","SKU-00546","4","78.15","0.0005"
"386","386","SKU-00563","3","78.34","0.0008"
"387","387","SKU-00580","2","78.53","0.0011"
"388","388","SKU-00597","1","78.72","0.0014"
"389","389","SKU-00614","4","78.91","0.0017"
"390","390","SKU-00631","3","79.10","0.0020"
"391","391","SKU-00648","2","79.29","0.0023"
"392","392","SKU-00665","1","79.48","0.0001"
"393","393","SKU-00682","4","79.67","0.0004"
"394","394","SKU-00699","3","79.86","0.0007"
"395","395","SKU-00716","2","80.05","0.0010"
"396","396","SKU-00733","1","80.24","0.0013"
"397","397","SKU-00750","4","80.43","0.0016"
"398","398","SKU-00767","3","80.62","0.0019"
"399","399","SKU-00784","2","80.81","0.0022"
"400","400","SKU-00801","1","81.00","0.0000"
"401","401","SKU-00818","4","81.19","0.0003"
"402","402","SKU-00835","3","81.38","0.0006"
"403","403","SKU-00852","2","81.57","0.0009"
"404","404","SKU-00869","1","81.76","0.0012"
"405","405","SKU-00886","4","81.95","0.0015"
"406","406","SKU-00903","3","82.14","0.0018"
"407","407","SKU-00920","2","82.33","0.0021"
"408","408","SKU-00937","1","82.52","0.0024"
"409","409","SKU-00954","4","82.71","0.0002"
"410","410","SKU-00971","3","82.90","0.0005"
"411","411","SKU-00988","2","83.09","0.0008"
"412","412","SKU-00005","1","83.28","0.0011"
"413","413","SKU-00022","4","83.47","0.0014"
"414","414","SKU-00039","3","83.66","0.0017"
"415","415","SKU-00056","2","83.85","0.0020"
"416","416","SKU-00073","1","84.04","0.0023"
"417","417","SKU-00090","4","84.23","0.0001"
"418","418","SKU-00107","3","84.42","0.0004"
"419","419","SKU-00124","2","84.61","0.0007"
"420","420","SKU-00141","1","84.80","0.0010"
"421","421","SKU-00158","4","84.99","0.0013"
"422","422","SKU-00175","3","85.18","0.0016"
"423","423","SKU-00192","2","85.37","0.0019"
"424","424","SKU-00209","1","85.56","0.0022"
"425","425","SKU-00226","4","85.75","0.0000"
"426","426","SKU-00243","3","85.94","0.0003"
"427","427","SKU-00260","2","86.13","0.0006"
"428","428","SKU-00277","1","86.32","0.0009"
"429","429","SKU-00294","4","86.51","0.0012"
"430","430","SKU-00311","3","86.70","0.0015"
"431","431","SKU-00328","2","86.89","0.0018"
"432","432","SKU-00345","1","87.08","0.0021"
"433","433","SKU-00362","4","87.27","0.0024"
"434","434","SKU-00379","3","87.46","0.0002"
"435","435","SKU-00396","2","87.65","0.0005"
"436","436","SKU-00413","1","87.84","0.0008"
"437","437","SKU-00430","4","88.03","0.0011"
"438","438","SKU-00447","3","88.22","0.0014"
"439","439","SKU-00464","2","88.41","0.0017"
"440","440","SKU-00481","1","88.60","0.0020"
"441","441","SKU-00498","4","88.79","0.0023"
"442","442","SKU-00515","3","88.98","0.0001"
"443","443","SKU-00532","2","89.17","0.0004"
"444","444","SKU-00549","1","89.36","0.0007"
"445","445","SKU-00566","4","89.55","0.0010"
"446","446","SKU-00583","3","89.74","0.0013"
"447","447","SKU-00600","2","89.93","0.0016"
"448","448","SKU-00617","1","90.12","0.0019"
"449","449","SKU-00634","4","90.31","0.0022"
"450","450","SKU-00651","3","90.50","0.0000"
"451","451","SKU-00668","2","90.69","0.0003"
"452","452","SKU-00685","1","90.88","0.0006"
"453","453","SKU-00702","4","91.07","0.0009"
"454","454","SKU-00719","3","91.26","0.0012"
"455","455","SKU-00736","2","91.45","0.0015"
"456","456","SKU-00753","1","91.64","0.0018"
"457","457","SKU-00770","4","91.83","0.0021"
"458","458","SKU-00787","3","92.02","0.0024"
"459","459","SKU-00804","2","92.21","0.0002"
"460","460","SKU-00821","1","92.40","0.0005"
"461","461","SKU-00838","4","92.59","0.0008"
"462","462","SKU-00855","3","92.78","0.0011"
"463","463","SKU-00872","2","92.97","0.0014"
"464","464","SKU-00889","1","93.16","0.0017"
"465","465","SKU-00906","4","93.35","0.0020"
"466","466","SKU-00923","3","93.54","0.0023"
"467","467","SKU-00940","2","93.73","0.0001"
"468","468","SKU-00957","1","93.92","0.0004"
"469","469","SKU-00974","4","94.11","0.0007"
"470","470","SKU-00991","3","94.30","0.0010"
"471","471","SKU-00008","2","94.49","0.0013"
"472","472","SKU-00025","1","94.68","0.0016"
"473","473","SKU-00042","4","94.87","0.0019"
"474","474","SKU-00059","3","95.06","0.0022"
"475","475","SKU-00076","2","95.25","0.0000"
"476","476","SKU-00093","1","95.44","0.0003"
"477","477","SKU-00110","4","95.63","0.0006"
"478","478","SKU-00127","3","95.82","0.0009"
"479","479","SKU-00144","2","96.01","0.0012"
"480","480","SKU-00161","1","96.20","0.0015"
"481","481","SKU-00178","4","96.39","0.0018"
"482","482","SKU-00195","3","96.58","0.0021"
"483","483","SKU-00212","2","96.77","0.0024"
"484","484","SKU-00229","1","96.96","0.0002"
"485","485","SKU-00246","4","97.15","0.0005"
"486","486","SKU-00263","3","97.34","0.0008"
"487","487","SKU-00280","2","97.53","0.0011"
"488","488","SKU-00297","1","97.72","0.0014"
"489","489","SKU-00314","4","97.91","0.0017"
"490","490","SKU-00331","3","98.10","0.0020"
"491","491","SKU-00348","2","98.29","0.0023"
"492","492","SKU-00365","1","98.48","0.0001"
"493","493","SKU-00382","4","98.67","0.0004"
"494","494","SKU-00399","3","98.86","0.0007"
"495","495","SKU-00416","2","99.05","0.0010"
"496","496","SKU-00433","1","99.24","0.0013"
"497","497","SKU-00450","4","99.43","0.0016"
"498","498","SKU-00467","3","99.62","0.0019"
"499","499","SKU-00484","2","99.81","0.0022"
"500","500","SKU-00501","1","100.00","0.0000"
"501","501","SKU-00518","4","100.19","0.0003"
"502","502","SKU-00535","3","100.38","0.0006"
"503","503","SKU-00552","2","100.57","0.0009"
"504","504","SKU-00569","1","100.76","0.0012"
"505","505","SKU-00586","4","100.95","0.0015"
"506","506","SKU-00603","3","101.14","0.0018"
"507","507","SKU-00620","2","101.33","0.0021"
"508","508","SKU-00637","1","101.52","0.0024"
"509","509","SKU-00654","4","101.71","0.0002"
"510","510","SKU-00671","3","101.90","0.0005"
"511","511","SKU-00688","2","102.09","0.0008"
"512","512","SKU-00705","1","102.28","0.0011"
"513","513","SKU-00722","4","102.47","0.0014"
"514","514","SKU-00739","3","102.66","0.0017"
"515","515","SKU-00756","2","102.85","0.0020"
"516","516","SKU-00773","1","103.04","0.0023"
"517","517","SKU-00790","4","103.23","0.0001"
"518","518","SKU-00807","3","103.42","0.0004"
"519","519","SKU-00824","2","103.61","0.0007"
"520","520","SKU-00841","1","103.80","0.0010"
"521","521","SKU-00858","4","103.99","0.0013"
"522","522","SKU-00875","3","104.18","0.0016"
"523","523","SKU-00892","2","104.37","0.0019"
"524","524","SKU-00909","1","104.56","0.0022"
"525","525","SKU-00926","4","104.75","0.0000"
"526","526","SKU-00943","3","104.94","0.0003"
"527","527","SKU-00960","2","105.13","0.0006"
"528","528","SKU-00977","1","105.32","0.0009"
"529","529","SKU-00994","4","105.51","0.0012"
"530","530","SKU-00011","3","105.70","0.0015"
"531","531","SKU-00028","2","105.89","0.0018"
"532","532","SKU-00045","1","106.08","0.0021"
"533","533","SKU-00062","4","106.27","0.0024"
"534","534","SKU-00079","3","106.46","0.0002"
"535","535","SKU-00096","2","106.65","0.0005"
"536","536","SKU-00113","1","106.84","0.0008"
"537","537","SKU-00130","4","107.03","0.0011"
"538","538","SKU-00147","3","107.22","0.0014"
"539","539","SKU-00164","2","107.41","0.0017"
"540","540","SKU-00181","1","107.60","0.0020"
"541","541","SKU-00198","4","107.79","0.0023"
"542","542","SKU-00215","3","107.98","0.0001"
"543","543","SKU-00232","2","108.17","0.0004"
"544","544","SKU-00249","1","108.36","0.0007"
"545","545","SKU-00266","4","108.55","0.0010"
"546","546","SKU-00283","3","108.74","0.0013"
"547","547","SKU-00300","2","108.93","0.0016"
"548","548","SKU-00317","1","109.12","0.0019"
"549","549","SKU-00334","4","109.31","0.0022"
"550","550","SKU-00351","3","109.50","0.0000"
"551","551","SKU-00368","2","109.69","0.0003"
"552","552","SKU-00385","1","109.88","0.0006"
"553","553","SKU-00402","4","110.07","0.0009"
"554","554","SKU-00419","3","110.26","0.0012"
"555","555","SKU-00436","2","110.45","0.0015"
"556","556","SKU-00453","1","110.64","0.0018"
"557","557","SKU-00470","4","110.83","0.0021"
"558","558","SKU-00487","3","111.02","0.0024"
"559","559","SKU-00504","2","111.21","0.0002"
"560","560","SKU-00521","1","111.40","0.0005"
"561","561","SKU-00538","4","111.59","0.0008"
"562","562","SKU-00555","3","111.78","0.0011"
"563","563","SKU-00572","2","111.97","0.0014"
"564","564","SKU-00589","1","112.16","0.0017"
"565","565","SKU-00606","4","112.35","0.0020"
"566","566","SKU-00623","3","112.54","0.0023"
"567","567","SKU-00640","2","112.73","0.0001"
"568","568","SKU-00657","1","112.92","0.0004"
"569","569","SKU-00674","4","113.11","0.0007"
"570","570","SKU-00691","3","113.30","0.0010"
"571","571","SKU-00708","2","113.49","0.0013"
"572","572","SKU-00725","1","113.68","0.0016"
"573","573","SKU-00742","4","113.87","0.0019"
"574","574","SKU-00759","3","114.06","0.0022"
"575","575","SKU-00776","2","114.25","0.0000"
"576","576","SKU-00793","1","114.44","0.0003"
"577","577","SKU-00810","4","114.63","0.0006"
"578","578","SKU-00827","3","114.82","0.0009"
"579","579","SKU-00844","2","115.01","0.0012"
"580","580","SKU-00861","1","115.20","0.0015"
"581","581","SKU-00878","4","115.39","0.0018"
"582","582","SKU-00895","3","115.58","0.0021"
"583","583","SKU-00912","2","115.77","0.0024"
"584","584","SKU-00929","1","115.96","0.0002"
"585","585","SKU-00946","4","116.15","0.0005"
"586","586","SKU-00963","3","116.34","0.0008"
"587","587","SKU-00980","2","116.53","0.0011"
"588","588","SKU-00997","1","116.72","0.0014"
"589","589","SKU-00014","4","116.91","0.0017"
"590","590","SKU-00031","3","117.10","0.0020"
"591","591","SKU-00048","2","117.29","0.0023"
"592","592","SKU-00065","1","117.48","0.0001"
"593","593","SKU-00082","4","117.67","0.0004"
"594","594","SKU-00099","3","117.86","0.0007"
"595","595","SKU-00116","2","118.05","0.0010"
"596","596","SKU-00133","1","118.24","0.0013"
"597","597","SKU-00150","4","118.43","0.0016"
"598","598","SKU-00167","3","118.62","0.0019"
"599","599","SKU-00184","2","118.81","0.0022"
"600","600","SKU-00201","1","119.00","0.0000"
"601","601","SKU-00218","4","119.19","0.0003"
"602","602","SKU-00235","3","119.38","0.0006"
"603","603","SKU-00252","2","119.57","0.0009"
"604","604","SKU-00269","1","119.76","0.0012"
"605","605","SKU-00286","4","119.95","0.0015"
"606","606","SKU-00303","3","120.14","0.0018"
"607","607","SKU-00320","2","120.33","0.0021"
"608","608","SKU-00337","1","120.52","0.0024"
"609","609","SKU-00354","4","120.71","0.0002"
"610","610","SKU-00371","3","120.90","0.0005"
"611","611","SKU-00388","2","121.09","0.0008"
"612","612","SKU-00405","1","121.28","0.0011"
"613","613","SKU-00422","4","121.47","0.0014"
"614","614","SKU-00439","3","121.66","0.0017"
"615","615","SKU-00456","2","121.85","0.0020"
"616","616","SKU-00473","1","122.04","0.0023"
"617","617","SKU-00490","4","122.23","0.0001"
"618","618","SKU-00507","3","122.42","0.0004"
"619","619","SKU-00524","2","122.61","0.0007"
"620","620","SKU-00541","1","122.80","0.0010"
"621","621","SKU-00558","4","122.99","0.0013"
"622","622","SKU-00575","3","123.18","0.0016"
"623","623","SKU-00592","2","123.37","0.0019"
"624","624","SKU-00609","1","123.56","0.0022"
"625","625","SKU-00626","4","123.75","0.0000"
"626","626","SKU-00643","3","123.94","0.0003"
"627","627","SKU-00660","2","124.13","0.0006"
"628","628","SKU-00677","1","124.32","0.0009"
"629","629","SKU-00694","4","124.51","0.0012"
"630","630","SKU-00711","3","124.70","0.0015"
"631","631","SKU-00728","2","124.89","0.0018"
"632","632","SKU-00745","1","125.08","0.0021"
"633","633","SKU-00762","4","125.27","0.0024"
"634","634","SKU-00779","3","125.46","0.0002"
"635","635","SKU-00796","2","125.65","0.0005"
"636","636","SKU-00813","1","125.84","0.0008"
"637","637","SKU-00830","4","126.03","0.0011"
"638","638","SKU-00847","3","126.22","0.0014"
"639","639","SKU-00864","2","126.41","0.0017"
"640","640","SKU-00881","1","126.60","0.0020"
"641","641","SKU-00898","4","126.79","0.0023"
"642","642","SKU-00915","3","126.98","0.0001"
"643","643","SKU-00932","2","127.17","0.0004"
"644","644","SKU-00949","1","127.36","0.0007"
"645","645","SKU-00966","4","127.55","0.0010"
"646","646","SKU-00983","3","127.74","0.0013"
"647","647","SKU-01000","2","127.93","0.0016"
"648","648","SKU-00017","1","128.12","0.0019"
"649","649","SKU-00034","4","128.31","0.0022"
"650","650","SKU-00051","3","128.50","0.0000"
"651","651","SKU-00068","2","128.69","0.0003"
"652","652","SKU-00085","1","128.88","0.0006"
"653","653","SKU-00102","4","129.07","0.0009"
"654","654","SKU-00119","3","129.26","0.0012"
"655","655","SKU-00136","2","129.45","0.0015"
"656","656","SKU-00153","1","129.64","0.0018"
"657","657","SKU-00170","4","129.83","0.0021"
"658","658","SKU-00187","3","130.02","0.0024"
"659","659","SKU-00204","2","130.21","0.0002"
"660","660","SKU-00221","1","130.40","0.0005"
"661","661","SKU-00238","4","130.59","0.0008"
"662","662","SKU-00255","3","130.78","0.0011"
"663","663","SKU-00272","2","130.97","0.0014"
"664","664","SKU-00289","1","131.16","0.0017"
"665","665","SKU-00306","4","131.35","0.0020"
"666","666","SKU-00323","3","131.54","0.0023"
"667","667","SKU-00340","2","131.73","0.0001"
"668","668","SKU-00357","1","131.92","0.0004"
"669","669","SKU-00374","4","132.11","0.0007"
"670","670","SKU-00391","3","132.30","0.0010"
"671","671","SKU-00408","2","132.49","0.0013"
"672","672","SKU-00425","1","132.68","0.0016"
"673","673","SKU-00442","4","132.87","0.0019"
"674","674","SKU-00459","3","133.06","0.0022"
"675","675","SKU-00476","2","133.25","0.0000"
"676","676","SKU-00493","1","133.44","0.0003"
"677","677","SKU-00510","4","133.63","0.0006"
"678","678","SKU-00527","3","133.82","0.0009"
"679","679","SKU-00544","2","134.01","0.0012"
"680","680","SKU-00561","1","134.20","0.0015"
"681","681","SKU-00578","4","134.39","0.0018"
"682","682","SKU-00595","3","134.58","0.0021"
"683","683","SKU-00612","2","134.77","0.0024"
"684","684","SKU-00629","1","134.96","0.0002"
"685","685","SKU-00646","4","135.15","0.0005"
"686","686","SKU-00663","3","135.34","0.0008"
"687","687","SKU-00680","2","135.53","0.0011"
"688","688","SKU-00697","1","135.72","0.0014"
"689","689","SKU-00714","4","135.91","0.0017"
"690","690","SKU-00731","3","136.10","0.0020"
"691","691","SKU-00748","2","136.29","0.0023"
"692","692","SKU-00765","1","136.48","0.0001"
"693","693","SKU-00782","4","136.67","0.0004"
"694","694","SKU-00799","3","136.86","0.0007"
"695","695","SKU-00816","2","137.05","0.0010"
"696","696","SKU-00833","1","137.24","0.0013"
"697","697","SKU-00850","4","137.43","0.0016"
"698","698","SKU-00867","3","137.62","0.0019"
"699","699","SKU-00884","2","137.81","0.0022"
"700","700","SKU-00901","1","138.00","0.0000"
"701","701","SKU-00918","4","138.19","0.0003"
"702","702","SKU-00935","3","138.38","0.0006"
"703","703","SKU-00952","2","138.57","0.0009"
"704","704","SKU-00969","1","138.76","0.0012"
"705","705","SKU-00986","4","138.95","0.0015"
"706","706","SKU-00003","3","139.14","0.0018"
"707","707","SKU-00020","2","139.33","0.0021"
"708","708","SKU-00037","1","139.52","0.0024"
"709","709","SKU-00054","4","139.71","0.0002"
"710","710","SKU-00071","3","139.90","0.0005"
"711","711","SKU-00088","2","140.09","0.0008"
"712","712","SKU-00105","1","140.28","0.0011"
"713","713","SKU-00122","4","140.47","0.0014"
"714","714","SKU-00139","3","140.66","0.0017"
"715","715","SKU-00156","2","140.85","0.0020"
"716","716","SKU-00173","1","141.04","0.0023"
"717","717","SKU-00190","4","141.23","0.0001"
"718","718","SKU-00207","3","141.42","0.0004"
"719","719","SKU-00224","2","141.61","0.0007"
"720","720","SKU-00241","1","141.80","0.0010"
"721","721","SKU-00258","4","141.99","0.0013"
"722","722","SKU-00275","3","142.18","0.0016"
"723","723","SKU-00292","2","142.37","0.0019"
"724","724","SKU-00309","1","142.56","0.0022"
"725","725","SKU-00326","4","142.75","0.0000"
"726","726","SKU-00343","3","142.94","0.0003"
"727","727","SKU-00360","2","143.13","0.0006"
"728","728","SKU-00377","1","143.32","0.0009"
"729","729","SKU-00394","4","143.51","0.0012"
"730","730","SKU-00411","3","143.70","0.0015"
"731","731","SKU-00428","2","143.89","0.0018"
"732","732","SKU-00445","1","144.08","0.0021"
"733","733","SKU-00462","4","144.27","0.0024"
"734","734","SKU-00479","3","144.46","0.0002"
"735","735","SKU-00496","2","144.65","0.0005"
"736","736","SKU-00513","1","144.84","0.0008"
"737","737","SKU-00530","4","145.03","0.0011"
"738","738","SKU-00547","3","145.22","0.0014"
"739","739","SKU-00564","2","145.41","0.0017"
"740","740","SKU-00581","1","145.60","0.0020"
"741","741","SKU-00598","4","145.79","0.0023"
"742","742","SKU-00615","3","145.98","0.0001"
"743","743","SKU-00632","2","146.17","0.0004"
"744","744","SKU-00649","1","146.36","0.0007"
"745","745","SKU-00666","4","146.55","0.0010"
"746","746","SKU-00683","3","146.74","0.0013"
"747","747","SKU-00700","2","146.93","0.0016"
"748","748","SKU-00717","1","147.12","0.0019"
"749","749","SKU-00734","4","147.31","0.0022"
"750","750","SKU-00751","3","147.50","0.0000"
"751","751","SKU-00768","2","147.69","0.0003"
"752","752","SKU-00785","1","147.88","0.0006"
"753","753","SKU-00802","4","148.07","0.0009"
"754","754","SKU-00819","3","148.26","0.0012"
"755","755","SKU-00836","2","148.45","0.0015"
"756","756","SKU-00853","1","148.64","0.0018"
"757","757","SKU-00870","4","148.83","0.0021"
"758","758","SKU-00887","3","149.02","0.0024"
"759","759","SKU-00904","2","149.21","0.0002"
"760","760","SKU-00921","1","149.40","0.0005"
"761","761","SKU-00938","4","149.59","0.0008"
"762","762","SKU-00955","3","149.78","0.0011"
"763","763","SKU-00972","2","149.97","0.0014"
"764","764","SKU-00989","1","150.16","0.0017"
"765","765","SKU-00006","4","150.35","0.0020"
"766","766","SKU-00023","3","150.54","0.0023"
"767","767","SKU-00040","2","150.73","0.0001"
"768","768","SKU-00057","1","150.92","0.0004"
"769","769","SKU-00074","4","151.11","0.0007"
"770","770","SKU-00091","3","151.30","0.0010"
"771","771","SKU-00108","2","151.49","0.0013"
"772","772","SKU-00125","1","151.68","0.0016"
"773","773","SKU-00142","4","151.87","0.0019"
"774","774","SKU-00159","3","152.06","0.0022"
"775","775","SKU-00176","2","152.25","0.0000"
"776","776","SKU-00193","1","152.44","0.0003"
"777","777","SKU-00210","4","152.63","0.0006"
"778","778","SKU-00227","3","152.82","0.0009"
"779","779","SKU-00244","2","153.01","0.0012"
"780","780","SKU-00261","1","153.20","0.0015"
"781","781","SKU-00278","4","153.39","0.0018"
"782","782","SKU-00295","3","153.58","0.0021"
"783","783","SKU-00312","2","153.77","0.0024"
"784","784","SKU-00329","1","153.96","0.0002"
"785","785","SKU-00346","4","154.15","0.0005"
"786","786","SKU-00363","3","154.34","0.0008"
"787","787","SKU-00380","2","154.53","0.0011"
"788","788","SKU-00397","1","154.72","0.0014"
"789","789","SKU-00414","4","154.91","0.0017"
"790","790","SKU-00431","3","155.10","0.0020"
"791","791","SKU-00448","2","155.29","0.0023"
"792","792","SKU-00465","1","155.48","0.0001"
"793","793","SKU-00482","4","155.67","0.0004"
"794","794","SKU-00499","3","155.86","0.0007"
"795","795","SKU-00516","2","156.05","0.0010"
"796","796","SKU-00533","1","156.24","0.0013"
"797","797","SKU-00550","4","156.43","0.0016"
"798","798","SKU-00567","3","156.62","0.0019"
"799","799","SKU-00584","2","156.81","0.0022"
"800","800","SKU-00601","1","157.00","0.0000"
"801","801","SKU-00618","4","157.19","0.0003"
"802","802","SKU-00635","3","157.38","0.0006"
"803","803","SKU-00652","2","157.57","0.0009"
"804","804","SKU-00669","1","157.76","0.0012"
"805","805","SKU-00686","4","157.95","0.0015"
"806","806","SKU-00703","3","158.14","0.0018"
"807","807","SKU-00720","2","158.33","0.0021"
"808","808","SKU-00737","1","158.52","0.0024"
"809","809","SKU-00754","4","158.71","0.0002"
"810","810","SKU-00771","3","158.90","0.0005"
"811","811","SKU-00788","2","159.09","0.0008"
"812","812","SKU-00805","1","159.28","0.0011"
"813","813","SKU-00822","4","159.47","0.0014"
"814","814","SKU-00839","3","159.66","0.0017"
"815","815","SKU-00856","2","159.85","0.0020"
"816","816","SKU-00873","1","160.04","0.0023"
"817","817","SKU-00890","4","160.23","0.0001"
"818","818","SKU-00907","3","160.42","0.0004"
"819","819","SKU-00924","2","160.61","0.0007"
"820","820","SKU-00941","1","160.80","0.0010"
"821","821","SKU-00958","4","160.99","0.0013"
"822","822","SKU-00975","3","161.18","0.0016"
"823","823","SKU-00992","2","161.37","0.0019"
"824","824","SKU-00009","1","161.56","0.0022"
"825","825","SKU-00026","4","161.75","0.0000"
"826","826","SKU-00043","3","161.94","0.0003"
"827","827","SKU-00060","2","162.13","0.0006"
"828","828","SKU-00077","1","162.32","0.0009"
"829","829","SKU-00094","4","162.51","0.0012"
"830","830","SKU-00111","3","162.70","0.0015"
"831","831","SKU-00128","2","162.89","0.0018"
"832","832","SKU-00145","1","163.08","0.0021"
"833","833","SKU-00162","4","163.27","0.0024"
"834","834","SKU-00179","3","163.46","0.0002"
"835","835","SKU-00196","2","163.65","0.0005"
"836","836","SKU-00213","1","163.84","0.0008"
"837","837","SKU-00230","4","164.03","0.0011"
"838","838","SKU-00247","3","164.22","0.0014"
"839","839","SKU-00264","2","164.41","0.0017"
"840","840","SKU-00281","1","164.60","0.0020"
"841","841","SKU-00298","4","164.79","0.0023"
"842","842","SKU-00315","3","164.98","0.0001"
"843","843","SKU-00332","2","165.17","0.0004"
"844","844","SKU-00349","1","165.36","0.0007"
"845","845","SKU-00366","4","165.55","0.0010"
"846","846","SKU-00383","3","165.74","0.0013"
"847","847","SKU-00400","2","165.93","0.0016"
"848","848","SKU-00417","1","166.12","0.0019"
"849","849","SKU-00434","4","166.31","0.0022"
"850","850","SKU-00451","3","166.50","0.0000"
"851","851","SKU-00468","2","166.69","0.0003"
"852","852","SKU-00485","1","166.88","0.0006"
"853","853","SKU-00502","4","167.07","0.0009"
"854","854","SKU-00519","3","167.26","0.0012"
"855","855","SKU-00536","2","167.45","0.0015"
"856","856","SKU-00553","1","167.64","0.0018"
"857","857","SKU-00570","4","167.83","0.0021"
"858","858","SKU-00587","3","168.02","0.0024"
"859","859","SKU-00604","2","168.21","0.0002"
"860","860","SKU-00621","1","168.40","0.0005"
"861","861","SKU-00638","4","168.59","0.0008"
"862","862","SKU-00655","3","168.78","0.0011"
"863","863","SKU-00672","2","168.97","0.0014"
"864","864","SKU-00689","1","169.16","0.0017"
"865","865","SKU-00706","4","169.35","0.0020"
"866","866","SKU-00723","3","169.54","0.0023"
"867","867","SKU-00740","2","169.73","0.0001"
"868","868","SKU-00757","1","169.92","0.0004"
"869","869","SKU-00774","4","170.11","0.0007"
"870","870","SKU-00791","3","170.30","0.0010"
"871","871","SKU-00808","2","170.49","0.0013"
"872","872","SKU-00825","1","170.68","0.0016"
"873","873","SKU-00842","4","170.87","0.0019"
"874","874","SKU-00859","3","171.06","0.0022"
"875","875","SKU-00876","2","171.25","0.0000"
"876","876","SKU-00893","1","171.44","0.0003"
"877","877","SKU-00910","4","171.63","0.0006"
"878","878","SKU-00927","3","171.82","0.0009"
"879","879","SKU-00944","2","172.01","0.0012"
"880","880","SKU-00961","1","172.20","0.0015"
"881","881","SKU-00978","4","172.39","0.0018"
"882","882","SKU-00995","3","172.58","0.0021"
"883","883","SKU-00012","2","172.77","0.0024"
"884","884","SKU-00029","1","172.96","0.0002"
"885","885","SKU-00046","4","173.15","0.0005"
"886","886","SKU-00063","3","173.34","0.0008"
"887","887","SKU-00080","2","173.53","0.0011"
"888","888","SKU-00097","1","173.72","0.0014"
"889","889","SKU-00114","4","173.91","0.0017"
"890","890","SKU-00131","3","174.10","0.0020"
"891","891","SKU-00148","2","174.29","0.0023"
"892","892","SKU-00165","1","174.48","0.0001"
"893","893","SKU-00182","4","174.67","0.0004"
"894","894","SKU-00199","3","174.86","0.0007"
"895","895","SKU-00216","2","175.05","0.0010"
"896","896","SKU-00233","1","175.24","0.0013"
"897","897","SKU-00250","4","175.43","0.0016"
"898","898","SKU-00267","3","175.62","0.0019"
"899","899","SKU-00284","2","175.81","0.0022"
"900","900","SKU-00301","1","176.00","0.0000"
"901","901","SKU-00318","4","176.19","0.0003"
"902","902","SKU-00335","3","176.38","0.0006"
"903","903","SKU-00352","2","176.57","0.0009"
"904","904","SKU-00369","1","176.76","0.0012"
"905","905","SKU-00386","4","176.95","0.0015"
"906","906","SKU-00403","3","177.14","0.0018"
"907","907","SKU-00420","2","177.33","0.0021"
"908","908","SKU-00437","1","177.52","0.0024"
"909","909","SKU-00454","4","177.71","0.0002"
"910","910","SKU-00471","3","177.90","0.0005"
"911","911","SKU-00488","2","178.09","0.0008"
"912","912","SKU-00505","1","178.28","0.0011"
"913","913","SKU-00522","4","178.47","0.0014"
"914","914","SKU-00539","3","178.66","0.0017"
"915","915","SKU-00556","2","178.85","0.0020"
"916","916","SKU-00573","1","179.04","0.0023"
"917","917","SKU-00590","4","179.23","0.0001"
"918","918","SKU-00607","3","179.42","0.0004"
"919","919","SKU-00624","2","179.61","0.0007"
"920","920","SKU-00641","1","179.80","0.0010"
"921","921","SKU-00658","4","179.99","0.0013"
"922","922","SKU-00675","3","180.18","0.0016"
"923","923","SKU-00692","2","180.37","0.0019"
"924","924","SKU-00709","1","180.56","0.0022"
"925","925","SKU-00726","4","180.75","0.0000"
"926","926","SKU-00743","3","180.94","0.0003"
"927","927","SKU-00760","2","181.13","0.0006"
"928","928","SKU-00777","1","181.32","0.0009"
"929","929","SKU-00794","4","181.51","0.0012"
"930","930","SKU-00811","3","181.70","0.0015"
"931","931","SKU-00828","2","181.89","0.0018"
"932","932","SKU-00845","1","182.08","0.0021"
"933","933","SKU-00862","4","182.27","0.0024"
"934","934","SKU-00879","3","182.46","0.0002"
"935","935","SKU-00896","2","182.65","0.0005"
"936","936","SKU-00913","1","182.84","0.0008"
"937","937","SKU-00930","4","183.03","0.0011"
"938","938","SKU-00947","3","183.22","0.0014"
"939","939","SKU-00964","2","183.41","0.0017"
"940","940","SKU-00981","1","183.60","0.0020"
"941","941","SKU-00998","4","183.79","0.0023"
"942","942","SKU-00015","3","183.98","0.0001"
"943","943","SKU-00032","2","184.17","0.0004"
"944","944","SKU-00049","1","184.36","0.0007"
"945","945","SKU-00066","4","184.55","0.0010"
"946","946","SKU-00083","3","184.74","0.0013"
"947","947","SKU-00100","2","184.93","0.0016"
"948","948","SKU-00117","1","185.12","0.0019"
"949","949","SKU-00134","4","185.31","0.0022"
"950","950","SKU-00151","3","185.50","0.0000"
"951","951","SKU-00168","2","185.69","0.0003"
"952","952","SKU-00185","1","185.88","0.0006"
"953","953","SKU-00202","4","186.07","0.0009"
"954","954","SKU-00219","3","186.26","0.0012"
"955","955","SKU-00236","2","186.45","0.0015"
"956","956","SKU-00253","1","186.64","0.0018"
"957","957","SKU-00270","4","186.83","0.0021"
"958","958","SKU-00287","3","187.02","0.0024"
"959","959","SKU-00304","2","187.21","0.0002"
"960","960","SKU-00321","1","187.40","0.0005"
"961","961","SKU-00338","4","187.59","0.0008"
"962","962","SKU-00355","3","187.78","0.0011"
"963","963","SKU-00372","2","187.97","0.0014"
"964","964","SKU-00389","1","188.16","0.0017"
"965","965","SKU-00406","4","188.35","0.0020"
"966","966","SKU-00423","3","188.54","0.0023"
"967","967","SKU-00440","2","188.73","0.0001"
"968","968","SKU-00457","1","188.92","0.0004"
"969","969","SKU-00474","4","189.11","0.0007"
"970","970","SKU-00491","3","189.30","0.0010"
"971","971","SKU-00508","2","189.49","0.0013"
"972","972","SKU-00525","1","189.68","0.0016"
"973","973","SKU-00542","4","189.87","0.0019"
"974","974","SKU-00559","3","190.06","0.0022"
"975","975","SKU-00576","2","190.25","0.0000"
"976","976","SKU-00593","1","190.44","0.0003"
"977","977","SKU-00610","4","190.63","0.0006"
"978","978","SKU-00627","3","190.82","0.0009"
"979","979","SKU-00644","2","191.01","0.0012"
"980","980","SKU-00661","1","191.20","0.0015"
"981","981","SKU-00678","4","191.39","0.0018"
"982","982","SKU-00695","3","191.58","0.0021"
"983","983","SKU-00712","2","191.77","0.0024"
"984","984","SKU-00729","1","191.96","0.0002"
"985","985","SKU-00746","4","192.15","0.0005"
"986","986","SKU-00763","3","192.34","0.0008"
"987","987","SKU-00780","2","192.53","0.0011"
"988","988","SKU-00797","1","192.72","0.0014"
"989","989","SKU-00814","4","192.91","0.0017"
"990","990","SKU-00831","3","193.10","0.0020"
"991","991","SKU-00848","2","193.29","0.0023"
"992","992","SKU-00865","1","193.48","0.0001"
"993","993","SKU-00882","4","193.67","0.0004"
"994","994","SKU-00899","3","193.86","0.0007"
"995","995","SKU-00916","2","194.05","0.0010"
"996","996","SKU-00933","1","194.24","0.0013"
"997","997","SKU-00950","4","194.43","0.0016"
"998","998","SKU-00967","3","194.62","0.0019"
"999","999","SKU-00984","2","194.81","0.0022"
"1000","1000","SKU-00001","1","195.00","0.0000"
"1001","1001","SKU-00018","4","195.19","0.0003"
"1002","1002","SKU-00035","3","195.38","0.0006"
"1003","1003","SKU-00052","2","195.57","0.0009"
"1004","1004","SKU-00069","1","195.76","0.0012"
"1005","1005","SKU-00086","4","195.95","0.0015"
"1006","1006","SKU-00103","3","196.14","0.0018"
"1007","1007","SKU-00120","2","196.33","0.0021"
"1008","1008","SKU-00137","1","196.52","0.0024"
"1009","1009","SKU-00154","4","196.71","0.0002"
"1010","1010","SKU-00171","3","196.90","0.0005"
"1011","1011","SKU-00188","2","197.09","0.0008"
"1012","1012","SKU-00205","1","197.28","0.0011"
"1013","1013","SKU-00222","4","197.47","0.0014"
"1014","1014","SKU-00239","3","197.66","0.0017"
"1015","1015","SKU-00256","2","197.85","0.0020"
"1016","1016","SKU-00273","1","198.04","0.0023"
"1017","1017","SKU-00290","4","198.23","0.0001"
"1018","1018","SKU-00307","3","198.42","0.0004"
"1019","1019","SKU-00324","2","198.61","0.0007"
"1020","1020","SKU-00341","1","198.80","0.0010"
"1021","1021","SKU-00358","4","198.99","0.0013"
"1022","1022","SKU-00375","3","199.18","0.0016"
"1023","1023","SKU-00392","2","199.37","0.0019"
"1024","1024","SKU-00409","1","199.56","0.0022"
"1025","1025","SKU-00426","4","199.75","0.0000"
"1026","1026","SKU-00443","3","199.94","0.0003"
"1027","1027","SKU-00460","2","200.13","0.0006"
"1028","1028","SKU-00477","1","200.32","0.0009"
"1029","1029","SKU-00494","4","200.51","0.0012"
"1030","1030","SKU-00511","3","200.70","0.0015"
"1031","1031","SKU-00528","2","200.89","0.0018"
"1032","1032","SKU-00545","1","201.08","0.0021"
"1033","1033","SKU-00562","4","201.27","0.0024"
"1034","1034","SKU-00579","3","201.46","0.0002"
"1035","1035","SKU-00596","2","201.65","0.0005"
"1036","1036","SKU-00613","1","201.84","0.0008"
"1037","1037","SKU-00630","4","202.03","0.0011"
"1038","1038","SKU-00647","3","202.22","0.0014"
"1039","1039","SKU-00664","2","202.41","0.0017"
"1040","1040","SKU-00681","1","202.60","0.0020"
"1041","1041","SKU-00698","4","202.79","0.0023"
"1042","1042","SKU-00715","3","202.98","0.0001"
"1043","1043","SKU-00732","2","203.17","0.0004"
"1044","1044","SKU-00749","1","203.36","0.0007"
"1045","1045","SKU-00766","4","203.55","0.0010"
"1046","1046","SKU-00783","3","203.74","0.0013"
"1047","1047","SKU-00800","2","203.93","0.0016"
"1048","1048","SKU-00817","1","204.12","0.0019"
"1049","1049","SKU-00834","4","204.31","0.0022"
"1050","1050","SKU-00851","3","204.50","0.0000"
"1051","1051","SKU-00868","2","204.69","0.0003"
"1052","1052","SKU-00885","1","204.88","0.0006"
"1053","1053","SKU-00902","4","205.07","0.0009"
"1054","1054","SKU-00919","3","205.26","0.0012"
"1055","1055","SKU-00936","2","205.45","0.0015"
"1056","1056","SKU-00953","1","205.64","0.0018"
"1057","1057","SKU-00970","4","205.83","0.0021"
"1058","1058","SKU-00987","3","206.02","0.0024"
"1059","1059","SKU-00004","2","206.21","0.0002"
"1060","1060","SKU-00021","1","206.40","0.0005"
"1061","1061","SKU-00038","4","206.59","0.0008"
"1062","1062","SKU-00055","3","206.78","0.0011"
"1063","1063","SKU-00072","2","206.97","0.0014"
"1064","1064","SKU-00089","1","207.16","0.0017"
"1065","1065","SKU-00106","4","207.35","0.0020"
"1066","1066","SKU-00123","3","207.54","0.0023"
"1067","1067","SKU-00140","2","207.73","0.0001"
"1068","1068","SKU-00157","1","207.92","0.0004"
"1069","1069","SKU-00174","4","208.11","0.0007"
"1070","1070","SKU-00191","3","208.30","0.0010"
"1071","1071","SKU-00208","2","208.49","0.0013"
"1072","1072","SKU-00225","1","208.68","0.0016"
"1073","1073","SKU-00242","4","208.87","0.0019"
"1074","1074","SKU-00259","3","209.06","0.0022"
"1075","1075","SKU-00276","2","209.25","0.0000"
"1076","1076","SKU-00293","1","209.44","0.0003"
"1077","1077","SKU-00310","4","209.63","0.0006"
"1078","1078","SKU-00327","3","209.82","0.0009"
"1079","1079","SKU-00344","2","210.01","0.0012"
"1080","1080","SKU-00361","1","210.20","0.0015"
"1081","1081","SKU-00378","4","210.39","0.0018"
"1082","1082","SKU-00395","3","210.58","0.0021"
"1083","1083","SKU-00412","2","210.77","0.0024"
"1084","1084","SKU-00429","1","210.96","0.0002"
"1085","1085","SKU-00446","4","211.15","0.0005"
"1086","1086","SKU-00463","3","211.34","0.0008"
"1087","1087","SKU-00480","2","211.53","0.0011"
"1088","1088","SKU-00497","1","211.72","0.0014"
"1089","1089","SKU-00514","4","211.91","0.0017"
"1090","1090","SKU-00531","3","212.10","0.0020"
"1091","1091","SKU-00548","2","212.29","0.0023"
"1092","1092","SKU-00565","1","212.48","0.0001"
"1093","1093","SKU-00582","4","212.67","0.0004"
"1094","1094","SKU-00599","3","212.86","0.0007"
"1095","1095","SKU-00616","2","213.05","0.0010"
"1096","1096","SKU-00633","1","213.24","0.0013"
"1097","1097","SKU-00650","4","213.43","0.0016"
"1098","1098","SKU-00667","3","213.62","0.0019"
"1099","1099","SKU-00684","2","213.81","0.0022"
"1100","1100","SKU-00701","1","214.00","0.0000"
"1101","1101","SKU-00718","4","214.19","0.0003"
"1102","1102","SKU-00735","3","214.38","0.0006"
"1103","1103","SKU-00752","2","214.57","0.0009"
"1104","1104","SKU-00769","1","214.76","0.0012"
"1105","1105","SKU-00786","4","214.95","0.0015"
"1106","1106","SKU-00803","3","215.14","0.0018"
"1107","1107","SKU-00820","2","215.33","0.0021"
"1108","1108","SKU-00837","1","215.52","0.0024"
"1109","1109","SKU-00854","4","215.71","0.0002"
"1110","1110","SKU-00871","3","215.90","0.0005"
"1111","1111","SKU-00888","2","216.09","0.0008"
"1112","1112","SKU-00905","1","216.28","0.0011"
"1113","1113","SKU-00922","4","216.47","0.0014"
"1114","1114","SKU-00939","3","216.66","0.0017"
"1115","1115","SKU-00956","2","216.85","0.0020"
"1116","1116","SKU-00973","1","217.04","0.0023"
"1117","1117","SKU-00990","4","217.23","0.0001"
"1118","1118","SKU-00007","3","217.42","0.0004"
"1119","1119","SKU-00024","2","217.61","0.0007"
"1120","1120","SKU-00041","1","217.80","0.0010"
"1121","1121","SKU-00058","4","217.99","0.0013"
"1122","1122","SKU-00075","3","218.18","0.0016"
"1123","1123","SKU-00092","2","218.37","0.0019"
"1124","1124","SKU-00109","1","218.56","0.0022"
"1125","1125","SKU-00126","4","218.75","0.0000"
"1126","1126","SKU-00143","3","218.94","0.0003"
"1127","1127","SKU-00160","2","219.13","0.0006"
"1128","1128","SKU-00177","1","219.32","0.0009"
"1129","1129","SKU-00194","4","219.51","0.0012"
"1130","1130","SKU-00211","3","219.70","0.0015"
"1131","1131","SKU-00228","2","219.89","0.0018"
"1132","1132","SKU-00245","1","220.08","0.0021"
"1133","1133","SKU-00262","4","220.27","0.0024"
"1134","1134","SKU-00279","3","220.46","0.0002"
"1135","1135","SKU-00296","2","220.65","0.0005"
"1136","1136","SKU-00313","1","220.84","0.0008"
"1137","1137","SKU-00330","4","221.03","0.0011"
"1138","1138","SKU-00347","3","221.22","0.0014"
"1139","1139","SKU-00364","2","221.41","0.0017"
"1140","1140","SKU-00381","1","221.60","0.0020"
"1141","1141","SKU-00398","4","221.79","0.0023"
"1142","1142","SKU-00415","3","221.98","0.0001"
"1143","1143","SKU-00432","2","222.17","0.0004"
"1144","1144","SKU-00449","1","222.36","0.0007"
"1145","1145","SKU-00466","4","222.55","0.0010"
"1146","1146","SKU-00483","3","222.74","0.0013"
"1147","1147","SKU-00500","2","222.93","0.0016"
"1148","1148","SKU-00517","1","223.12","0.0019"
"1149","1149","SKU-00534","4","223.31","0.0022"
"1150","1150","SKU-00551","3","223.50","0.0000"
"1151","1151","SKU-00568","2","223.69","0.0003"
"1152","1152","SKU-00585","1","223.88","0.0006"
"1153","1153","SKU-00602","4","224.07","0.0009"
"1154","1154","SKU-00619","3","224.26","0.0012"
"1155","1155","SKU-00636","2","224.45","0.0015"
"1156","1156","SKU-00653","1","224.64","0.0018"
"1157","1157","SKU-00670","4","224.83","0.0021"
"1158","1158","SKU-00687","3","225.02","0.0024"
"1159","1159","SKU-00704","2","225.21","0.0002"
"1160","1160","SKU-00721","1","225.40","0.0005"
"1161","1161","SKU-00738","4","225.59","0.0008"
"1162","1162","SKU-00755","3","225.78","0.0011"
"1163","1163","SKU-00772","2","225.97","0.0014"
"1164","1164","SKU-00789","1","226.16","0.0017"
"1165","1165","SKU-00806","4","226.35","0.0020"
"1166","1166","SKU-00823","3","226.54","0.0023"
"1167","1167","SKU-00840","2","226.73","0.0001"
"1168","1168","SKU-00857","1","226.92","0.0004"
"1169","1169","SKU-00874","4","227.11","0.0007"
"1170","1170","SKU-00891","3","227.30","0.0010"
"1171","1171","SKU-00908","2","227.49","0.0013"
"1172","1172","SKU-00925","1","227.68","0.0016"
"1173","1173","SKU-00942","4","227.87","0.0019"
"1174","1174","SKU-00959","3","228.06","0.0022"
"1175","1175","SKU-00976","2","228.25","0.0000"
"1176","1176","SKU-00993","1","228.44","0.0003"
"1177","1177","SKU-00010","4","228.63","0.0006"
"1178","1178","SKU-00027","3","228.82","0.0009"
"1179","1179","SKU-00044","2","229.01","0.0012"
"1180","1180","SKU-00061","1","229.20","0.0015"
"1181","1181","SKU-00078","4","229.39","0.0018"
"1182","1182","SKU-00095","3","229.58","0.0021"
"1183","1183","SKU-00112","2","229.77","0.0024"
"1184","1184","SKU-00129","1","229.96","0.0002"
"1185","1185","SKU-00146","4","230.15","0.0005"
"1186","1186","SKU-00163","3","230.34","0.0008"
"1187","1187","SKU-00180","2","230.53","0.0011"
"1188","1188","SKU-00197","1","230.72","0.0014"
"1189","1189","SKU-00214","4","230.91","0.0017"
"1190","1190","SKU-00231","3","231.10","0.0020"
"1191","1191","SKU-00248","2","231.29","0.0023"
"1192","1192","SKU-00265","1","231.48","0.0001"
"1193","1193","SKU-00282","4","231.67","0.0004"
"1194","1194","SKU-00299","3","231.86","0.0007"
"1195","1195","SKU-00316","2","232.05","0.0010"
"1196","1196","SKU-00333","1","232.24","0.0013"
"1197","1197","SKU-00350","4","232.43","0.0016"
"1198","1198","SKU-00367","3","232.62","0.0019"
"1199","1199","SKU-00384","2","232.81","0.0022"
"1200","1200","SKU-00401","1","233.00","0.0000"
"1201","1201","SKU-00418","4","233.19","0.0003"
"1202","1202","SKU-00435","3","233.38","0.0006"
"1203","1203","SKU-00452","2","233.57","0.0009"
"1204","1204","SKU-00469","1","233.76","0.0012"
"1205","1205","SKU-00486","4","233.95","0.0015"
"1206","1206","SKU-00503","3","234.14","0.0018"
"1207","1207","SKU-00520","2","234.33","0.0021"
"1208","1208","SKU-00537","1","234.52","0.0024"
"1209","1209","SKU-00554","4","234.71","0.0002"
"1210","1210","SKU-00571","3","234.90","0.0005"
"1211","1211","SKU-00588","2","235.09","0.0008"
"1212","1212","SKU-00605","1","235.28","0.0011"
"1213","1213","SKU-00622","4","235.47","0.0014"
"1214","1214","SKU-00639","3","235.66","0.0017"
"1215","1215","SKU-00656","2","235.85","0.0020"
"1216","1216","SKU-00673","1","236.04","0.0023"
"1217","1217","SKU-00690","4","236.23","0.0001"
"1218","1218","SKU-00707","3","236.42","0.0004"
"1219","1219","SKU-00724","2","236.61","0.0007"
"1220","1220","SKU-00741","1","236.80","0.0010"
"1221","1221","SKU-00758","4","236.99","0.0013"
"1222","1222","SKU-00775","3","237.18","0.0016"
"1223","1223","SKU-00792","2","237.37","0.0019"
"1224","1224","SKU-00809","1","237.56","0.0022"
"1225","1225","SKU-00826","4","237.75","0.0000"
"1226","1226","SKU-00843","3","237.94","0.0003"
"1227","1227","SKU-00860","2","238.13","0.0006"
"1228","1228","SKU-00877","1","238.32","0.0009"
"1229","1229","SKU-00894","4","238.51","0.0012"
"1230","1230","SKU-00911","3","238.70","0.0015"
"1231","1231","SKU-00928","2","238.89","0.0018"
"1232","1232","SKU-00945","1","239.08","0.0021"
"1233","1233","SKU-00962","4","239.27","0.0024"
"1234","1234","SKU-00979","3","239.46","0.0002"
"1235","1235","SKU-00996","2","239.65","0.0005"
"1236","1236","SKU-00013","1","239.84","0.0008"
"1237","1237","SKU-00030","4","240.03","0.0011"
"1238","1238","SKU-00047","3","240.22","0.0014"
"1239","1239","SKU-00064","2","240.41","0.0017"
"1240","1240","SKU-00081","1","240.60","0.0020"
"1241","1241","SKU-00098","4","240.79","0.0023"
"1242","1242","SKU-00115","3","240.98","0.0001"
"1243","1243","SKU-00132","2","241.17","0.0004"
"1244","1244","SKU-00149","1","241.36","0.0007"
"1245","1245","SKU-00166","4","241.55","0.0010"
"1246","1246","SKU-00183","3","241.74","0.0013"
"1247","1247","SKU-00200","2","241.93","0.0016"
"1248","1248","SKU-00217","1","242.12","0.0019"
"1249","1249","SKU-00234","4","242.31","0.0022"
"1250","1250","SKU-00251","3","242.50","0.0000"
"1251","1251","SKU-00268","2","242.69","0.0003"
"1252","1252","SKU-00285","1","242.88","0.0006"
"1253","1253","SKU-00302","4","243.07","0.0009"
"1254","1254","SKU-00319","3","243.26","0.0012"
"1255","1255","SKU-00336","2","243.45","0.0015"
"1256","1256","SKU-00353","1","243.64","0.0018"
"1257","1257","SKU-00370","4","243.83","0.0021"
"1258","1258","SKU-00387","3","244.02","0.0024"
"1259","1259","SKU-00404","2","244.21","0.0002"
"1260","1260","SKU-00421","1","244.40","0.0005"
"1261","1261","SKU-00438","4","244.59","0.0008"
"1262","1262","SKU-00455","3","244.78","0.0011"
"1263","1263","SKU-00472","2","244.97","0.0014"
"1264","1264","SKU-00489","1","245.16","0.0017"
"1265","1265","SKU-00506","4","245.35","0.0020"
"1266","1266","SKU-00523","3","245.54","0.0023"
"1267","1267","SKU-00540","2","245.73","0.0001"
"1268","1268","SKU-00557","1","245.92","0.0004"
"1269","1269","SKU-00574","4","246.11","0.0007"
"1270","1270","SKU-00591","3","246.30","0.0010"
"1271","1271","SKU-00608","2","246.49","0.0013"
"1272","1272","SKU-00625","1","246.68","0.0016"
"1273","1273","SKU-00642","4","246.87","0.0019"
"1274","1274","SKU-00659","3","247.06","0.0022"
"1275","1275","SKU-00676","2","247.25","0.0000"
"1276","1276","SKU-00693","1","247.44","0.0003"
"1277","1277","SKU-00710","4","247.63","0.0006"
"1278","1278","SKU-00727","3","247.82","0.0009"
"1279","1279","SKU-00744","2","248.01","0.0012"
"1280","1280","SKU-00761","1","248.20","0.0015"
"1281","1281","SKU-00778","4","248.39","0.0018"
"1282","1282","SKU-00795","3","248.58","0.0021"
"1283","1283","SKU-00812","2","248.77","0.0024"
"1284","1284","SKU-00829","1","248.96","0.0002"
"1285","1285","SKU-00846","4","249.15","0.0005"
"1286","1286","SKU-00863","3","249.34","0.0008"
"1287","1287","SKU-00880","2","249.53","0.0011"
"1288","1288","SKU-00897","1","249.72","0.0014"
"1289","1289","SKU-00914","4","249.91","0.0017"
"1290","1290","SKU-00931","3","250.10","0.0020"
"1291","1291","SKU-00948","2","250.29","0.0023"
"1292","1292","SKU-00965","1","250.48","0.0001"
"1293","1293","SKU-00982","4","250.67","0.0004"
"1294","1294","SKU-00999","3","250.86","0.0007"
"1295","1295","SKU-00016","2","251.05","0.0010"
"1296","1296","SKU-00033","1","251.24","0.0013"
"1297","1297","SKU-00050","4","251.43","0.0016"
"1298","1298","SKU-00067","3","251.62","0.0019"
"1299","1299","SKU-00084","2","251.81","0.0022"
"1300","1300","SKU-00101","1","252.00","0.0000"
"1301","1301","SKU-00118","4","252.19","0.0003"
"1302","1302","SKU-00135","3","252.38","0.0006"
"1303","1303","SKU-00152","2","252.57","0.0009"
"1304","1304","SKU-00169","1","252.76","0.0012"
"1305","1305","SKU-00186","4","252.95","0.0015"
"1306","1306","SKU-00203","3","253.14","0.0018"
"1307","1307","SKU-00220","2","253.33","0.0021"
"1308","1308","SKU-00237","1","253.52","0.0024"
"1309","1309","SKU-00254","4","253.71","0.0002"
"1310","1310","SKU-00271","3","253.90","0.0005"
"1311","1311","SKU-00288","2","254.09","0.0008"
"1312","1312","SKU-00305","1","254.28","0.0011"
"1313","1313","SKU-00322","4","254.47","0.0014"
"1314","1314","SKU-00339","3","254.66","0.0017"
"1315","1315","SKU-00356","2","254.85","0.0020"
"1316","1316","SKU-00373","1","5.04","0.0023"
"1317","1317","SKU-00390","4","5.23","0.0001"
"1318","1318","SKU-00407","3","5.42","0.0004"
"1319","1319","SKU-00424","2","5.61","0.0007"
"1320","1320","SKU-00441","1","5.80","0.0010"
"1321","1321","SKU-00458","4","5.99","0.0013"
"1322","1322","SKU-00475","3","6.18","0.0016"
"1323","1323","SKU-00492","2","6.37","0.0019"
"1324","1324","SKU-00509","1","6.56","0.0022"
"1325","1325","SKU-00526","4","6.75","0.0000"
"1326","1326","SKU-00543","3","6.94","0.0003"
"1327","1327","SKU-00560","2","7.13","0.0006"
"1328","1328","SKU-00577","1","7.32","0.0009"
"1329","1329","SKU-00594","4","7.51","0.0012"
"1330","1330","SKU-00611","3","7.70","0.0015"
"1331","1331","SKU-00628","2","7.89","0.0018"
"1332","1332","SKU-00645","1","8.08","0.0021"
"1333","1333","SKU-00662","4","8.27","0.0024"
"1334","1334","SKU-00679","3","8.46","0.0002"
"1335","1335","SKU-00696","2","8.65","0.0005"
"1336","1336","SKU-00713","1","8.84","0.0008"
"1337","1337","SKU-00730","4","9.03","0.0011"
"1338","1338","SKU-00747","3","9.22","0.0014"
"1339","1339","SKU-00764","2","9.41","0.0017"
"1340","1340","SKU-00781","1","9.60","0.0020"
"1341","1341","SKU-00798","4","9.79","0.0023"
"1342","1342","SKU-00815","3","9.98","0.0001"
"1343","1343","SKU-00832","2","10.17","0.0004"
"1344","1344","SKU-00849","1","10.36","0.0007"
"1345","1345","SKU-00866","4","10.55","0.0010"
"1346","1346","SKU-00883","3","10.74","0.0013"
"1347","1347","SKU-00900","2","10.93","0.0016"
"1348","1348","SKU-00917","1","11.12","0.0019"
"1349","1349","SKU-00934","4","11.31","0.0022"
"1350","1350","SKU-00951","3","11.50","0.0000"
"1351","1351","SKU-00968","2","11.69","0.0003"
"1352","1352","SKU-00985","1","11.88","0.0006"
"1353","1353","SKU-00002","4","12.07","0.0009"
"1354","1354","SKU-00019","3","12.26","0.0012"
"1355","1355","SKU-00036","2","12.45","0.0015"
"1356","1356","SKU-00053","1","12.64","0.0018"
"1357","1357","SKU-00070","4","12.83","0.0021"
"1358","1358","SKU-00087","3","13.02","0.0024"
"1359","1359","SKU-00104","2","13.21","0.0002"
"1360","1360","SKU-00121","1","13.40","0.0005"
"1361","1361","SKU-00138","4","13.59","0.0008"
"1362","1362","SKU-00155","3","13.78","0.0011"
"1363","1363","SKU-00172","2","13.97","0.0014"
"1364","1364","SKU-00189","1","14.16","0.0017"
"1365","1365","SKU-00206","4","14.35","0.0020"
"1366","1366","SKU-00223","3","14.54","0.0023"
"1367","1367","SKU-00240","2","14.73","0.0001"
"1368","1368","SKU-00257","1","14.92","0.0004"
"1369","1369","SKU-00274","4","15.11","0.0007"
"1370","1370","SKU-00291","3","15.30","0.0010"
"1371","1371","SKU-00308","2","15.49","0.0013"
"1372","1372","SKU-00325","1","15.68","0.0016"
"1373","1373","SKU-00342","4","15.87","0.0019"
"1374","1374","SKU-00359","3","16.06","0.0022"
"1375","1375","SKU-00376","2","16.25","0.0000"
"1376","1376","SKU-00393","1","16.44","0.0003"
"1377","1377","SKU-00410","4","16.63","0.0006"
"1378","1378","SKU-00427","3","16.82","0.0009"
"1379","1379","SKU-00444","2","17.01","0.0012"
"1380","1380","SKU-00461","1","17.20","0.0015"
"1381","1381","SKU-00478","4","17.39","0.0018"
"1382","1382","SKU-00495","3","17.58","0.0021"
"1383","1383","SKU-00512","2","17.77","0.0024"
"1384","1384","SKU-00529","1","17.96","0.0002"
"1385","1385","SKU-00546","4","18.15","0.0005"
"1386","1386","SKU-00563","3","18.34","0.0008"
"1387","1387","SKU-00580","2","18.53","0.0011"
"1388","1388","SKU-00597","1","18.72","0.0014"
"1389","1389","SKU-00614","4","18.91","0.0017"
"1390","1390","SKU-00631","3","19.10","0.0020"
"1391","1391","SKU-00648","2","19.29","0.0023"
"1392","1392","SKU-00665","1","19.48","0.0001"
"1393","1393","SKU-00682","4","19.67","0.0004"
"1394","1394","SKU-00699","3","19.86","0.0007"
"1395","1395","SKU-00716","2","20.05","0.0010"
"1396","1396","SKU-00733","1","20.24","0.0013"
"1397","1397","SKU-00750","4","20.43","0.0016"
"1398","1398","SKU-00767","3","20.62","0.0019"
"1399","1399","SKU-00784","2","20.81","0.0022"
"1400","1400","SKU-00801","1","21.00","0.0000"
"1401","1401","SKU-00818","4","21.19","0.0003"
"1402","1402","SKU-00835","3","21.38","0.0006"
"1403","1403","SKU-00852","2","21.57","0.0009"
"1404","1404","SKU-00869","1","21.76","0.0012"
"1405","1405","SKU-00886","4","21.95","0.0015"
"1406","1406","SKU-00903","3","22.14","0.0018"
"1407","1407","SKU-00920","2","22.33","0.0021"
"1408","1408","SKU-00937","1","22.52","0.0024"
"1409","1409","SKU-00954","4","22.71","0.0002"
"1410","1410","SKU-00971","3","22.90","0.0005"
"1411","1411","SKU-00988","2","23.09","0.0008"
"1412","1412","SKU-00005","1","23.28","0.0011"
"1413","1413","SKU-00022","4","23.47","0.0014"
"1414","1414","SKU-00039","3","23.66","0.0017"
"1415","1415","SKU-00056","2","23.85","0.0020"
"1416","1416","SKU-00073","1","24.04","0.0023"
"1417","1417","SKU-00090","4","24.23","0.0001"
"1418","1418","SKU-00107","3","24.42","0.0004"
"1419","1419","SKU-00124","2","24.61","0.0007"
"1420","1420","SKU-00141","1","24.80","0.0010"
"1421","1421","SKU-00158","4","24.99","0.0013"
"1422","1422","SKU-00175","3","25.18","0.0016"
"1423","1423","SKU-00192","2","25.37","0.0019"
"1424","1424","SKU-00209","1","25.56","0.0022"
"1425","1425","SKU-00226","4","25.75","0.0000"
"1426","1426","SKU-00243","3","25.94","0.0003"
"1427","1427","SKU-00260","2","26.13","0.0006"
"1428","1428","SKU-00277","1","26.32","0.0009"
"1429","1429","SKU-00294","4","26.51","0.0012"
"1430","1430","SKU-00311","3","26.70","0.0015"
"1431","1431","SKU-00328","2","26.89","0.0018"
"1432","1432","SKU-00345","1","27.08","0.0021"
"1433","1433","SKU-00362","4","27.27","0.0024"
"1434","1434","SKU-00379","3","27.46","0.0002"
"1435","1435","SKU-00396","2","27.65","0.0005"
"1436","1436","SKU-00413","1","27.84","0.0008"
"1437","1437","SKU-00430","4","28.03","0.0011"
"1438","1438","SKU-00447","3","28.22","0.0014"
"1439","1439","SKU-00464","2","28.41","0.0017"
"1440","1440","SKU-00481","1","28.60","0.0020"
"1441","1441","SKU-00498","4","28.79","0.0023"
"1442","1442","SKU-00515","3","28.98","0.0001"
"1443","1443","SKU-00532","2","29.17","0.0004"
"1444","1444","SKU-00549","1","29.36","0.0007"
"1445","1445","SKU-00566","4","29.55","0.0010"
"1446","1446","SKU-00583","3","29.74","0.0013"
"1447","1447","SKU-00600","2","29.93","0.0016"
"1448","1448","SKU-00617","1","30.12","0.0019"
"1449","1449","SKU-00634","4","30.31","0.0022"
"1450","1450","SKU-00651","3","30.50","0.0000"
"1451","1451","SKU-00668","2","30.69","0.0003"
"1452","1452","SKU-00685","1","30.88","0.0006"
"1453","1453","SKU-00702","4","31.07","0.0009"
"1454","1454","SKU-00719","3","31.26","0.0012"
"1455","1455","SKU-00736","2","31.45","0.0015"
"1456","1456","SKU-00753","1","31.64","0.0018"
"1457","1457","SKU-00770","4","31.83","0.0021"
"1458","1458","SKU-00787","3","32.02","0.0024"
"1459","1459","SKU-00804","2","32.21","0.0002"
"1460","1460","SKU-00821","1","32.40","0.0005"
"1461","1461","SKU-00838","4","32.59","0.0008"
"1462","1462","SKU-00855","3","32.78","0.0011"
"1463","1463","SKU-00872","2","32.97","0.0014"
"1464","1464","SKU-00889","1","33.16","0.0017"
"1465","1465","SKU-00906","4","33.35","0.0020"
"1466","1466","SKU-00923","3","33.54","0.0023"
"1467","1467","SKU-00940","2","33.73","0.0001"
"1468","1468","SKU-00957","1","33.92","0.0004"
"1469","1469","SKU-00974","4","34.11","0.0007"
"1470","1470","SKU-00991","3","34.30","0.0010"
"1471","1471","SKU-00008","2","34.49","0.0013"
"1472","1472","SKU-00025","1","34.68","0.0016"
"1473","1473","SKU-00042","4","34.87","0.0019"
"1474","1474","SKU-00059","3","35.06","0.0022"
"1475","1475","SKU-00076","2","35.25","0.0000"
"1476","1476","SKU-00093","1","35.44","0.0003"
"1477","1477","SKU-00110","4","35.63","0.0006"
"1478","1478","SKU-00127","3","35.82","0.0009"
"1479","1479","SKU-00144","2","36.01","0.0012"
"1480","1480","SKU-00161","1","36.20","0.0015"
"1481","1481","SKU-00178","4","36.39","0.0018"
"1482","1482","SKU-00195","3","36.58","0.0021"
"1483","1483","SKU-00212","2","36.77","0.0024"
"1484","1484","SKU-00229","1","36.96","0.0002"
"1485","1485","SKU-00246","4","37.15","0.0005"
"1486","1486","SKU-00263","3","37.34","0.0008"
"1487","1487","SKU-00280","2","37.53","0.0011"
"1488","1488","SKU-00297","1","37.72","0.0014"
"1489","1489","SKU-00314","4","37.91","0.0017"
"1490","1490","SKU-00331","3","38.10","0.0020"
"1491","1491","SKU-00348","2","38.29","0.0023"
"1492","1492","SKU-00365","1","38.48","0.0001"
"1493","1493","SKU-00382","4","38.67","0.0004"
"1494","1494","SKU-00399","3","38.86","0.0007"
"1495","1495","SKU-00416","2","39.05","0.0010"
"1496","1496","SKU-00433","1","39.24","0.0013"
"1497","1497","SKU-00450","4","39.43","0.0016"
"1498","1498","SKU-00467","3","39.62","0.0019"
"1499","1499","SKU-00484","2","39.81","0.0022"
"1500","1500","SKU-00501","1","40.00","0.0000"
"1501","1501","SKU-00518","4","40.19","0.0003"
"1502","1502","SKU-00535","3","40.38","0.0006"
"1503","1503","SKU-00552","2","40.57","0.0009"
"1504","1504","SKU-00569","1","40.76","0.0012"
"1505","1505","SKU-00586","4","40.95","0.0015"
"1506","1506","SKU-00603","3","41.14","0.0018"
"1507","1507","SKU-00620","2","41.33","0.0021"
"1508","1508","SKU-00637","1","41.52","0.0024"
"1509","1509","SKU-00654","4","41.71","0.0002"
"1510","1510","SKU-00671","3","41.90","0.0005"
"1511","1511","SKU-00688","2","42.09","0.0008"
"1512","1512","SKU-00705","1","42.28","0.0011"
"1513","1513","SKU-00722","4","42.47","0.0014"
"1514","1514","SKU-00739","3","42.66","0.0017"
"1515","1515","SKU-00756","2","42.85","0.0020"
"1516","1516","SKU-00773","1","43.04","0.0023"
"1517","1517","SKU-00790","4","43.23","0.0001"
"1518","1518","SKU-00807","3","43.42","0.0004"
"1519","1519","SKU-00824","2","43.61","0.0007"
"1520","1520","SKU-00841","1","43.80","0.0010"
"1521","1521","SKU-00858","4","43.99","0.0013"
"1522","1522","SKU-00875","3","44.18","0.0016"
"1523","1523","SKU-00892","2","44.37","0.0019"
"1524","1524","SKU-00909","1","44.56","0.0022"
"1525","1525","SKU-00926","4","44.75","0.0000"
"1526","1526","SKU-00943","3","44.94","0.0003"
"1527","1527","SKU-00960","2","45.13","0.0006"
"1528","1528","SKU-00977","1","45.32","0.0009"
"1529","1529","SKU-00994","4","45.51","0.0012"
"1530","1530","SKU-00011","3","45.70","0.0015"
"1531","1531","SKU-00028","2","45.89","0.0018"
"1532","1532","SKU-00045","1","46.08","0.0021"
"1533","1533","SKU-00062","4","46.27","0.0024"
"1534","1534","SKU-00079","3","46.46","0.0002"
"1535","1535","SKU-00096","2","46.65","0.0005"
"1536","1536","SKU-00113","1","46.84","0.0008"
"1537","1537","SKU-00130","4","47.03","0.0011"
"1538","1538","SKU-00147","3","47.22","0.0014"
"1539","1539","SKU-00164","2","47.41","0.0017"
"1540","1540","SKU-00181","1","47.60","0.0020"
"1541","1541","SKU-00198","4","47.79","0.0023"
"1542","1542","SKU-00215","3","47.98","0.0001"
"1543","1543","SKU-00232","2","48.17","0.0004"
"1544","1544","SKU-00249","1","48.36","0.0007"
"1545","1545","SKU-00266","4","48.55","0.0010"
"1546","1546","SKU-00283","3","48.74","0.0013"
"1547","1547","SKU-00300","2","48.93","0.0016"
"1548","1548","SKU-00317","1","49.12","0.0019"
"1549","1549","SKU-00334","4","49.31","0.0022"
"1550","1550","SKU-00351","3","49.50","0.0000"
"1551","1551","SKU-00368","2","49.69","0.0003"
"1552","1552","SKU-00385","1","49.88","0.0006"
"1553","1553","SKU-00402","4","50.07","0.0009"
"1554","1554","SKU-00419","3","50.26","0.0012"
"1555","1555","SKU-00436","2","50.45","0.0015"
"1556","1556","SKU-00453","1","50.64","0.0018"
"1557","1557","SKU-00470","4","50.83","0.0021"
"1558","1558","SKU-00487","3","51.02","0.0024"
"1559","1559","SKU-00504","2","51.21","0.0002"
"1560","1560","SKU-00521","1","51.40","0.0005"
"1561","1561","SKU-00538","4","51.59","0.0008"
"1562","1562","SKU-00555","3","51.78","0.0011"
"1563","1563","SKU-00572","2","51.97","0.0014"
"1564","1564","SKU-00589","1","52.16","0.0017"
"1565","1565","SKU-00606","4","52.35","0.0020"
"1566","1566","SKU-00623","3","52.54","0.0023"
"1567","1567","SKU-00640","2","52.73","0.0001"
"1568","1568","SKU-00657","1","52.92","0.0004"
"1569","1569","SKU-00674","4","53.11","0.0007"
"1570","1570","SKU-00691","3","53.30","0.0010"
"1571","1571","SKU-00708","2","53.49","0.0013"
"1572","1572","SKU-00725","1","53.68","0.0016"
"1573","1573","SKU-00742","4","53.87","0.0019"
"1574","1574","SKU-00759","3","54.06","0.0022"
"1575","1575","SKU-00776","2","54.25","0.0000"
"1576","1576","SKU-00793","1","54.44","0.0003"
"1577","1577","SKU-00810","4","54.63","0.0006"
"1578","1578","SKU-00827","3","54.82","0.0009"
"1579","1579","SKU-00844","2","55.01","0.0012"
"1580","1580","SKU-00861","1","55.20","0.0015"
"1581","1581","SKU-00878","4","55.39","0.0018"
"1582","1582","SKU-00895","3","55.58","0.0021"
"1583","1583","SKU-00912","2","55.77","0.0024"
"1584","1584","SKU-00929","1","55.96","0.0002"
"1585","1585","SKU-00946","4","56.15","0.0005"
"1586","1586","SKU-00963","3","56.34","0.0008"
"1587","1587","SKU-00980","2","56.53","0.0011"
"1588","1588","SKU-00997","1","56.72","0.0014"
"1589","1589","SKU-00014","4","56.91","0.0017"
"1590","1590","SKU-00031","3","57.10","0.0020"
"1591","1591","SKU-00048","2","57.29","0.0023"
"1592","1592","SKU-00065","1","57.48","0.0001"
"1593","1593","SKU-00082","4","57.67","0.0004"
"1594","1594","SKU-00099","3","57.86","0.0007"
"1595","1595","SKU-00116","2","58.05","0.0010"
"1596","1596","SKU-00133","1","58.24","0.0013"
"1597","1597","SKU-00150","4","58.43","0.0016"
"1598","1598","SKU-00167","3","58.62","0.0019"
"1599","1599","SKU-00184","2","58.81","0.0022"
"1600","1600","SKU-00201","1","59.00","0.0000"
"1601","1601","SKU-00218","4","59.19","0.0003"
"1602","1602","SKU-00235","3","59.38","0.0006"
"1603","1603","SKU-00252","2","59.57","0.0009"
"1604","1604","SKU-00269","1","59.76","0.0012"
"1605","1605","SKU-00286","4","59.95","0.0015"
"1606","1606","SKU-00303","3","60.14","0.0018"
"1607","1607","SKU-00320","2","60.33","0.0021"
"1608","1608","SKU-00337","1","60.52","0.0024"
"1609","1609","SKU-00354","4","60.71","0.0002"
"1610","1610","SKU-00371","3","60.90","0.0005"
"1611","1611","SKU-00388","2","61.09","0.0008"
"1612","1612","SKU-00405","1","61.28","0.0011"
"1613","1613","SKU-00422","4","61.47","0.0014"
"1614","1614","SKU-00439","3","61.66","0.0017"
"1615","1615","SKU-00456","2","61.85","0.0020"
"1616","1616","SKU-00473","1","62.04","0.0023"
"1617","1617","SKU-00490","4","62.23","0.0001"
"1618","1618","SKU-00507","3","62.42","0.0004"
"1619","1619","SKU-00524","2","62.61","0.0007"
"1620","1620","SKU-00541","1","62.80","0.0010"
"1621","1621","SKU-00558","4","62.99","0.0013"
"1622","1622","SKU-00575","3","63.18","0.0016"
"1623","1623","SKU-00592","2","63.37","0.0019"
"1624","1624","SKU-00609","1","63.56","0.0022"
"1625","1625","SKU-00626","4","63.75","0.0000"
"1626","1626","SKU-00643","3","63.94","0.0003"
"1627","1627","SKU-00660","2","64.13","0.0006"
"1628","1628","SKU-00677","1","64.32","0.0009"
"1629","1629","SKU-00694","4","64.51","0.0012"
"1630","1630","SKU-00711","3","64.70","0.0015"
"1631","1631","SKU-00728","2","64.89","0.0018"
"1632","1632","SKU-00745","1","65.08","0.0021"
"1633","1633","SKU-00762","4","65.27","0.0024"
"1634","1634","SKU-00779","3","65.46","0.0002"
"1635","1635","SKU-00796","2","65.65","0.0005"
"1636","1636","SKU-00813","1","65.84","0.0008"
"1637","1637","SKU-00830","4","66.03","0.0011"
"1638","1638","SKU-00847","3","66.22","0.0014"
"1639","1639","SKU-00864","2","66.41","0.0017"
"1640","1640","SKU-00881","1","66.60","0.0020"
"1641","1641","SKU-00898","4","66.79","0.0023"
"1642","1642","SKU-00915","3","66.98","0.0001"
"1643","1643","SKU-00932","2","67.17","0.0004"
"1644","1644","SKU-00949","1","67.36","0.0007"
"1645","1645","SKU-00966","4","67.55","0.0010"
"1646","1646","SKU-00983","3","67.74","0.0013"
"1647","1647","SKU-01000","2","67.93","0.0016"
"1648","1648","SKU-00017","1","68.12","0.0019"
"1649","1649","SKU-00034","4","68.31","0.0022"
"1650","1650","SKU-00051","3","68.50","0.0000"
"1651","1651","SKU-00068","2","68.69","0.0003"
"1652","1652","SKU-00085","1","68.88","0.0006"
"1653","1653","SKU-00102","4","69.07","0.0009"
"1654","1654","SKU-00119","3","69.26","0.0012"
"1655","1655","SKU-00136","2","69.45","0.0015"
"1656","1656","SKU-00153","1","69.64","0.0018"
"1657","1657","SKU-00170","4","69.83","0.0021"
"1658","1658","SKU-00187","3","70.02","0.0024"
"1659","1659","SKU-00204","2","70.21","0.0002"
"1660","1660","SKU-00221","1","70.40","0.0005"
"1661","1661","SKU-00238","4","70.59","0.0008"
"1662","1662","SKU-00255","3","70.78","0.0011"
"1663","1663","SKU-00272","2","70.97","0.0014"
"1664","1664","SKU-00289","1","71.16","0.0017"
"1665","1665","SKU-00306","4","71.35","0.0020"
"1666","1666","SKU-00323","3","71.54","0.0023"
"1667","1667","SKU-00340","2","71.73","0.0001"
"1668","1668","SKU-00357","1","71.92","0.0004"
"1669","1669","SKU-00374","4","72.11","0.0007"
"1670","1670","SKU-00391","3","72.30","0.0010"
"1671","1671","SKU-00408","2","72.49","0.0013"
"1672","1672","SKU-00425","1","72.68","0.0016"
"1673","1673","SKU-00442","4","72.87","0.0019"
"1674","1674","SKU-00459","3","73.06","0.0022"
"1675","1675","SKU-00476","2","73.25","0.0000"
"1676","1676","SKU-00493","1","73.44","0.0003"
"1677","1677","SKU-00510","4","73.63","0.0006"
"1678","1678","SKU-00527","3","73.82","0.0009"
"1679","1679","SKU-00544","2","74.01","0.0012"
"1680","1680","SKU-00561","1","74.20","0.0015"
"1681","1681","SKU-00578","4","74.39","0.0018"
"1682","1682","SKU-00595","3","74.58","0.0021"
"1683","1683","SKU-00612","2","74.77","0.0024"
"1684","1684","SKU-00629","1","74.96","0.0002"
"1685","1685","SKU-00646","4","75.15","0.0005"
"1686","1686","SKU-00663","3","75.34","0.0008"
"1687","1687","SKU-00680","2","75.53","0.0011"
"1688","1688","SKU-00697","1","75.72","0.0014"
"1689","1689","SKU-00714","4","75.91","0.0017"
"1690","1690","SKU-00731","3","76.10","0.0020"
"1691","1691","SKU-00748","2","76.29","0.0023"
"1692","1692","SKU-00765","1","76.48","0.0001"
"1693","1693","SKU-00782","4","76.67","0.0004"
"1694","1694","SKU-00799","3","76.86","0.0007"
"1695","1695","SKU-00816","2","77.05","0.0010"
"1696","1696","SKU-00833","1","77.24","0.0013"
"1697","1697","SKU-00850","4","77.43","0.0016"
"1698","1698","SKU-00867","3","77.62","0.0019"
"1699","1699","SKU-00884","2","77.81","0.0022"
"1700","1700","SKU-00901","1","78.00","0.0000"
"1701","1701","SKU-00918","4","78.19","0.0003"
"1702","1702","SKU-00935","3","78.38","0.0006"
"1703","1703","SKU-00952","2","78.57","0.0009"
"1704","1704","SKU-00969","1","78.76","0.0012"
"1705","1705","SKU-00986","4","78.95","0.0015"
"1706","1706","SKU-00003","3","79.14","0.0018"
"1707","1707","SKU-00020","2","79.33","0.0021"
"1708","1708","SKU-00037","1","79.52","0.0024"
"1709","1709","SKU-00054","4","79.71","0.0002"
"1710","1710","SKU-00071","3","79.90","0.0005"
"1711","1711","SKU-00088","2","80.09","0.0008"
"1712","1712","SKU-00105","1","80.28","0.0011"
"1713","1713","SKU-00122","4","80.47","0.0014"
"1714","1714","SKU-00139","3","80.66","0.0017"
"1715","1715","SKU-00156","2","80.85","0.0020"
"1716","1716","SKU-00173","1","81.04","0.0023"
"1717","1717","SKU-00190","4","81.23","0.0001"
"1718","1718","SKU-00207","3","81.42","0.0004"
"1719","1719","SKU-00224","2","81.61","0.0007"
"1720","1720","SKU-00241","1","81.80","0.0010"
"1721","1721","SKU-00258","4","81.99","0.0013"
"1722","1722","SKU-00275","3","82.18","0.0016"
"1723","1723","SKU-00292","2","82.37","0.0019"
"1724","1724","SKU-00309","1","82.56","0.0022"
"1725","1725","SKU-00326","4","82.75","0.0000"
"1726","1726","SKU-00343","3","82.94","0.0003"
"1727","1727","SKU-00360","2","83.13","0.0006"
"1728","1728","SKU-00377","1","83.32","0.0009"
"1729","1729","SKU-00394","4","83.51","0.0012"
"1730","1730","SKU-00411","3","83.70","0.0015"
"1731","1731","SKU-00428","2","83.89","0.0018"
"1732","1732","SKU-00445","1","84.08","0.0021"
"1733","1733","SKU-00462","4","84.27","0.0024"
"1734","1734","SKU-00479","3","84.46","0.0002"
"1735","1735","SKU-00496","2","84.65","0.0005"
"1736","1736","SKU-00513","1","84.84","0.0008"
"1737","1737","SKU-00530","4","85.03","0.0011"
"1738","1738","SKU-00547","3","85.22","0.0014"
"1739","1739","SKU-00564","2","85.41","0.0017"
"1740","1740","SKU-00581","1","85.60","0.0020"
"1741","1741","SKU-00598","4","85.79","0.0023"
"1742","1742","SKU-00615","3","85.98","0.0001"
"1743","1743","SKU-00632","2","86.17","0.0004"
"1744","1744","SKU-00649","1","86.36","0.0007"
"1745","1745","SKU-00666","4","86.55","0.0010"
"1746","1746","SKU-00683","3","86.74","0.0013"
"1747","1747","SKU-00700","2","86.93","0.0016"
"1748","1748","SKU-00717","1","87.12","0.0019"
"1749","1749","SKU-00734","4","87.31","0.0022"
"1750","1750","SKU-00751","3","87.50","0.0000"
"1751","1751","SKU-00768","2","87.69","0.0003"
"1752","1752","SKU-00785","1","87.88","0.0006"
"1753","1753","SKU-00802","4","88.07","0.0009"
"1754","1754","SKU-00819","3","88.26","0.0012"
"1755","1755","SKU-00836","2","88.45","0.0015"
"1756","1756","SKU-00853","1","88.64","0.0018"
"1757","1757","SKU-00870","4","88.83","0.0021"
"1758","1758","SKU-00887","3","89.02","0.0024"
"1759","1759","SKU-00904","2","89.21","0.0002"
"1760","1760","SKU-00921","1","89.40","0.0005"
"1761","1761","SKU-00938","4","89.59","0.0008"
"1762","1762","SKU-00955","3","89.78","0.0011"
"1763","1763","SKU-00972","2","89.97","0.0014"
"1764","1764","SKU-00989","1","90.16","0.0017"
"1765","1765","SKU-00006","4","90.35","0.0020"
"1766","1766","SKU-00023","3","90.54","0.0023"
"1767","1767","SKU-00040","2","90.73","0.0001"
"1768","1768","SKU-00057","1","90.92","0.0004"
"1769","1769","SKU-00074","4","91.11","0.0007"
"1770","1770","SKU-00091","3","91.30","0.0010"
"1771","1771","SKU-00108","2","91.49","0.0013"
"1772","1772","SKU-00125","1","91.68","0.0016"
"1773","1773","SKU-00142","4","91.87","0.0019"
"1774","1774","SKU-00159","3","92.06","0.0022"
"1775","1775","SKU-00176","2","92.25","0.0000"
"1776","1776","SKU-00193","1","92.44","0.0003"
"1777","1777","SKU-00210","4","92.63","0.0006"
"1778","1778","SKU-00227","3","92.82","0.0009"
"1779","1779","SKU-00244","2","93.01","0.0012"
"1780","1780","SKU-00261","1","93.20","0.0015"
"1781","1781","SKU-00278","4","93.39","0.0018"
"1782","1782","SKU-00295","3","93.58","0.0021"
"1783","1783","SKU-00312","2","93.77","0.0024"
"1784","1784","SKU-00329","1","93.96","0.0002"
"1785","1785","SKU-00346","4","94.15","0.0005"
"1786","1786","SKU-00363","3","94.34","0.0008"
"1787","1787","SKU-00380","2","94.53","0.0011"
"1788","1788","SKU-00397","1","94.72","0.0014"
"1789","1789","SKU-00414","4","94.91","0.0017"
"1790","1790","SKU-00431","3","95.10","0.0020"
"1791","1791","SKU-00448","2","95.29","0.0023"
"1792","1792","SKU-00465","1","95.48","0.0001"
"1793","1793","SKU-00482","4","95.67","0.0004"
"1794","1794","SKU-00499","3","95.86","0.0007"
"1795","1795","SKU-00516","2","96.05","0.0010"
"1796","1796","SKU-00533","1","96.24","0.0013"
"1797","1797","SKU-00550","4","96.43","0.0016"
"1798","1798","SKU-00567","3","96.62","0.0019"
"1799","1799","SKU-00584","2","96.81","0.0022"
"1800","1800","SKU-00601","1","97.00","0.0000"
"1801","1801","SKU-00618","4","97.19","0.0003"
"1802","1802","SKU-00635","3","97.38","0.0006"
"1803","1803","SKU-00652","2","97.57","0.0009"
"1804","1804","SKU-00669","1","97.76","0.0012"
"1805","1805","SKU-00686","4","97.95","0.0015"
"1806","1806","SKU-00703","3","98.14","0.0018"
"1807","1807","SKU-00720","2","98.33","0.0021"
"1808","1808","SKU-00737","1","98.52","0.0024"
"1809","1809","SKU-00754","4","98.71","0.0002"
"1810","1810","SKU-00771","3","98.90","0.0005"
"1811","1811","SKU-00788","2","99.09","0.0008"
"1812","1812","SKU-00805","1","99.28","0.0011"
"1813","1813","SKU-00822","4","99.47","0.0014"
"1814","1814","SKU-00839","3","99.66","0.0017"
"1815","1815","SKU-00856","2","99.85","0.0020"
"1816","1816","SKU-00873","1","100.04","0.0023"
"1817","1817","SKU-00890","4","100.23","0.0001"
"1818","1818","SKU-00907","3","100.42","0.0004"
"1819","1819","SKU-00924","2","100.61","0.0007"
"1820","1820","SKU-00941","1","100.80","0.0010"
"1821","1821","SKU-00958","4","100.99","0.0013"
"1822","1822","SKU-00975","3","101.18","0.0016"
"1823","1823","SKU-00992","2","101.37","0.0019"
"1824","1824","SKU-00009","1","101.56","0.0022"
"1825","1825","SKU-00026","4","101.75","0.0000"
"1826","1826","SKU-00043","3","101.94","0.0003"
"1827","1827","SKU-00060","2","102.13","0.0006"
"1828","1828","SKU-00077","1","102.32","0.0009"
"1829","1829","SKU-00094","4","102.51","0.0012"
"1830","1830","SKU-00111","3","102.70","0.0015"
"1831","1831","SKU-00128","2","102.89","0.0018"
"1832","1832","SKU-00145","1","103.08","0.0021"
"1833","1833","SKU-00162","4","103.27","0.0024"
"1834","1834","SKU-00179","3","103.46","0.0002"
"1835","1835","SKU-00196","2","103.65","0.0005"
"1836","1836","SKU-00213","1","103.84","0.0008"
"1837","1837","SKU-00230","4","104.03","0.0011"
"1838","1838","SKU-00247","3","104.22","0.0014"
"1839","1839","SKU-00264","2","104.41","0.0017"
"1840","1840","SKU-00281","1","104.60","0.0020"
"1841","1841","SKU-00298","4","104.79","0.0023"
"1842","1842","SKU-00315","3","104.98","0.0001"
"1843","1843","SKU-00332","2","105.17","0.0004"
"1844","1844","SKU-00349","1","105.36","0.0007"
"1845","1845","SKU-00366","4","105.55","0.0010"
"1846","1846","SKU-00383","3","105.74","0.0013"
"1847","1847","SKU-00400","2","105.93","0.0016"
"1848","1848","SKU-00417","1","106.12","0.0019"
"1849","1849","SKU-00434","4","106.31","0.0022"
"1850","1850","SKU-00451","3","106.50","0.0000"
"1851","1851","SKU-00468","2","106.69","0.0003"
"1852","1852","SKU-00485","1","106.88","0.0006"
"1853","1853","SKU-00502","4","107.07","0.0009"
"1854","1854","SKU-00519","3","107.26","0.0012"
"1855","1855","SKU-00536","2","107.45","0.0015"
"1856","1856","SKU-00553","1","107.64","0.0018"
"1857","1857","SKU-00570","4","107.83","0.0021"
"1858","1858","SKU-00587","3","108.02","0.0024"
"1859","1859","SKU-00604","2","108.21","0.0002"
"1860","1860","SKU-00621","1","108.40","0.0005"
"1861","1861","SKU-00638","4","108.59","0.0008"
"1862","1862","SKU-00655","3","108.78","0.0011"
"1863","1863","SKU-00672","2","108.97","0.0014"
"1864","1864","SKU-00689","1","109.16","0.0017"
"1865","1865","SKU-00706","4","109.35","0.0020"
"1866","1866","SKU-00723","3","109.54","0.0023"
"1867","1867","SKU-00740","2","109.73","0.0001"
"1868","1868","SKU-00757","1","109.92","0.0004"
"1869","1869","SKU-00774","4","110.11","0.0007"
"1870","1870","SKU-00791","3","110.30","0.0010"
"1871","1871","SKU-00808","2","110.49","0.0013"
"1872","1872","SKU-00825","1","110.68","0.0016"
"1873","1873","SKU-00842","4","110.87","0.0019"
"1874","1874","SKU-00859","3","111.06","0.0022"
"1875","1875","SKU-00876","2","111.25","0.0000"
"1876","1876","SKU-00893","1","111.44","0.0003"
"1877","1877","SKU-00910","4","111.63","0.0006"
"1878","1878","SKU-00927","3","111.82","0.0009"
"1879","1879","SKU-00944","2","112.01","0.0012"
"1880","1880","SKU-00961","1","112.20","0.0015"
"1881","1881","SKU-00978","4","112.39","0.0018"
"1882","1882","SKU-00995","3","112.58","0.0021"
"1883","1883","SKU-00012","2","112.77","0.0024"
"1884","1884","SKU-00029","1","112.96","0.0002"
"1885","1885","SKU-00046","4","113.15","0.0005"
"1886","1886","SKU-00063","3","113.34","0.0008"
"1887","1887","SKU-00080","2","113.53","0.0011"
"1888","1888","SKU-00097","1","113.72","0.0014"
"1889","1889","SKU-00114","4","113.91","0.0017"
"1890","1890","SKU-00131","3","114.10","0.0020"
"1891","1891","SKU-00148","2","114.29","0.0023"
"1892","1892","SKU-00165","1","114.48","0.0001"
"1893","1893","SKU-00182","4","114.67","0.0004"
"1894","1894","SKU-00199","3","114.86","0.0007"
"1895","1895","SKU-00216","2","115.05","0.0010"
"1896","1896","SKU-00233","1","115.24","0.0013"
"1897","1897","SKU-00250","4","115.43","0.0016"
"1898","1898","SKU-00267","3","115.62","0.0019"
"1899","1899","SKU-00284","2","115.81","0.0022"
"1900","1900","SKU-00301","1","116.00","0.0000"
"1901","1901","SKU-00318","4","116.19","0.0003"
"1902","1902","SKU-00335","3","116.38","0.0006"
"1903","1903","SKU-00352","2","116.57","0.0009"
"1904","1904","SKU-00369","1","116.76","0.0012"
"1905","1905","SKU-00386","4","116.95","0.0015"
"1906","1906","SKU-00403","3","117.14","0.0018"
"1907","1907","SKU-00420","2","117.33","0.0021"
"1908","1908","SKU-00437","1","117.52","0.0024"
"1909","1909","SKU-00454","4","117.71","0.0002"
"1910","1910","SKU-00471","3","117.90","0.0005"
"1911","1911","SKU-00488","2","118.09","0.0008"
"1912","1912","SKU-00505","1","118.28","0.0011"
"1913","1913","SKU-00522","4","118.47","0.0014"
"1914","1914","SKU-00539","3","118.66","0.0017"
"1915","1915","SKU-00556","2","118.85","0.0020"
"1916","1916","SKU-00573","1","119.04","0.0023"
"1917","1917","SKU-00590","4","119.23","0.0001"
"1918","1918","SKU-00607","3","119.42","0.0004"
"1919","1919","SKU-00624","2","119.61","0.0007"
"1920","1920","SKU-00641","1","119.80","0.0010"
"1921","1921","SKU-00658","4","119.99","0.0013"
"1922","1922","SKU-00675","3","120.18","0.0016"
"1923","1923","SKU-00692","2","120.37","0.0019"
"1924","1924","SKU-00709","1","120.56","0.0022"
"1925","1925","SKU-00726","4","120.75","0.0000"
"1926","1926","SKU-00743","3","120.94","0.0003"
"1927","1927","SKU-00760","2","121.13","0.0006"
"1928","1928","SKU-00777","1","121.32","0.0009"
"1929","1929","SKU-00794","4","121.51","0.0012"
"1930","1930","SKU-00811","3","121.70","0.0015"
"1931","1931","SKU-00828","2","121.89","0.0018"
"1932","1932","SKU-00845","1","122.08","0.0021"
"1933","1933","SKU-00862","4","122.27","0.0024"
"1934","1934","SKU-00879","3","122.46","0.0002"
"1935","1935","SKU-00896","2","122.65","0.0005"
"1936","1936","SKU-00913","1","122.84","0.0008"
"1937","1937","SKU-00930","4","123.03","0.0011"
"1938","1938","SKU-00947","3","123.22","0.0014"
"1939","1939","SKU-00964","2","123.41","0.0017"
"1940","1940","SKU-00981","1","123.60","0.0020"
"1941","1941","SKU-00998","4","123.79","0.0023"
"1942","1942","SKU-00015","3","123.98","0.0001"
"1943","1943","SKU-00032","2","124.17","0.0004"
"1944","1944","SKU-00049","1","124.36","0.0007"
"1945","1945","SKU-00066","4","124.55","0.0010"
"1946","1946","SKU-00083","3","124.74","0.0013"
"1947","1947","SKU-00100","2","124.93","0.0016"
"1948","1948","SKU-00117","1","125.12","0.0019"
"1949","1949","SKU-00134","4","125.31","0.0022"
"1950","1950","SKU-00151","3","125.50","0.0000"
"1951","1951","SKU-00168","2","125.69","0.0003"
"1952","1952","SKU-00185","1","125.88","0.0006"
"1953","1953","SKU-00202","4","126.07","0.0009"
"1954","1954","SKU-00219","3","126.26","0.0012"
"1955","1955","SKU-00236","2","126.45","0.0015"
"1956","1956","SKU-00253","1","126.64","0.0018"
"1957","1957","SKU-00270","4","126.83","0.0021"
"1958","1958","SKU-00287","3","127.02","0.0024"
"1959","1959","SKU-00304","2","127.21","0.0002"
"1960","1960","SKU-00321","1","127.40","0.0005"
"1961","1961","SKU-00338","4","127.59","0.0008"
"1962","1962","SKU-00355","3","127.78","0.0011"
"1963","1963","SKU-00372","2","127.97","0.0014"
"1964","1964","SKU-00389","1","128.16","0.0017"
"1965","1965","SKU-00406","4","128.35","0.0020"
"1966","1966","SKU-00423","3","128.54","0.0023"
"1967","1967","SKU-00440","2","128.73","0.0001"
"1968","1968","SKU-00457","1","128.92","0.0004"
"1969","1969","SKU-00474","4","129.11","0.0007"
"1970","1970","SKU-00491","3","129.30","0.0010"
"1971","1971","SKU-00508","2","129.49","0.0013"
"1972","1972","SKU-00525","1","129.68","0.0016"
"1973","1973","SKU-00542","4","129.87","0.0019"
"1974","1974","SKU-00559","3","130.06","0.0022"
"1975","1975","SKU-00576","2","130.25","0.0000"
"1976","1976","SKU-00593","1","130.44","0.0003"
"1977","1977","SKU-00610","4","130.63","0.0006"
"1978","1978","SKU-00627","3","130.82","0.0009"
"1979","1979","SKU-00644","2","131.01","0.0012"
"1980","1980","SKU-00661","1","131.20","0.0015"
"1981","1981","SKU-00678","4","131.39","0.0018"
"1982","1982","SKU-00695","3","131.58","0.0021"
"1983","1983","SKU-00712","2","131.77","0.0024"
"1984","1984","SKU-00729","1","131.96","0.0002"
"1985","1985","SKU-00746","4","132.15","0.0005"
"1986","1986","SKU-00763","3","132.34","0.0008"
"1987","1987","SKU-00780","2","132.53","0.0011"
"1988","1988","SKU-00797","1","132.72","0.0014"
"1989","1989","SKU-00814","4","132.91","0.0017"
"1990","1990","SKU-00831","3","133.10","0.0020"
"1991","1991","SKU-00848","2","133.29","0.0023"
"1992","1992","SKU-00865","1","133.48","0.0001"
"1993","1993","SKU-00882","4","133.67","0.0004"
"1994","1994","SKU-00899","3","133.86","0.0007"
"1995","1995","SKU-00916","2","134.05","0.0010"
"1996","1996","SKU-00933","1","134.24","0.0013"
"1997","1997","SKU-00950","4","134.43","0.0016"
"1998","1998","SKU-00967","3","134.62","0.0019"
"1999","1999","SKU-00984","2","134.81","0.0022"
"2000","2000","SKU-00001","1","135.00","0.0000"
"2001","2001","SKU-00018","4","135.19","0.0003"
"2002","2002","SKU-00035","3","135.38","0.0006"
"2003","2003","SKU-00052","2","135.57","0.0009"
"2004","2004","SKU-00069","1","135.76","0.0012"
"2005","2005","SKU-00086","4","135.95","0.0015"
"2006","2006","SKU-00103","3","136.14","0.0018"
"2007","2007","SKU-00120","2","136.33","0.0021"
"2008","2008","SKU-00137","1","136.52","0.0024"
"2009","2009","SKU-00154","4","136.71","0.0002"
"2010","2010","SKU-00171","3","136.90","0.0005"
"2011","2011","SKU-00188","2","137.09","0.0008"
"2012","2012","SKU-00205","1","137.28","0.0011"
"2013","2013","SKU-00222","4","137.47","0.0014"
"2014","2014","SKU-00239","3","137.66","0.0017"
"2015","2015","SKU-00256","2","137.85","0.0020"
"2016","2016","SKU-00273","1","138.04","0.0023"
"2017","2017","SKU-00290","4","138.23","0.0001"
"2018","2018","SKU-00307","3","138.42","0.0004"
"2019","2019","SKU-00324","2","138.61","0.0007"
"2020","2020","SKU-00341","1","138.80","0.0010"
"2021","2021","SKU-00358","4","138.99","0.0013"
"2022","2022","SKU-00375","3","139.18","0.0016"
"2023","2023","SKU-00392","2","139.37","0.0019"
"2024","2024","SKU-00409","1","139.56","0.0022"
"2025","2025","SKU-00426","4","139.75","0.0000"
"2026","2026","SKU-00443","3","139.94","0.0003"
"2027","2027","SKU-00460","2","140.13","0.0006"
"2028","2028","SKU-00477","1","140.32","0.0009"
"2029","2029","SKU-00494","4","140.51","0.0012"
"2030","2030","SKU-00511","3","140.70","0.0015"
"2031","2031","SKU-00528","2","140.89","0.0018"
"2032","2032","SKU-00545","1","141.08","0.0021"
"2033","2033","SKU-00562","4","141.27","0.0024"
"2034","2034","SKU-00579","3","141.46","0.0002"
"2035","2035","SKU-00596","2","141.65","0.0005"
"2036","2036","SKU-00613","1","141.84","0.0008"
"2037","2037","SKU-00630","4","142.03","0.0011"
"2038","2038","SKU-00647","3","142.22","0.0014"
"2039","2039","SKU-00664","2","142.41","0.0017"
"2040","2040","SKU-00681","1","142.60","0.0020"
"2041","2041","SKU-00698","4","142.79","0.0023"
"2042","2042","SKU-00715","3","142.98","0.0001"
"2043","2043","SKU-00732","2","143.17","0.0004"
"2044","2044","SKU-00749","1","143.36","0.0007"
"2045","2045","SKU-00766","4","143.55","0.0010"
"2046","2046","SKU-00783","3","143.74","0.0013"
"2047","2047","SKU-00800","2","143.93","0.0016"
"2048","2048","SKU-00817","1","144.12","0.0019"
"2049","2049","SKU-00834","4","144.31","0.0022"
"2050","2050","SKU-00851","3","144.50","0.0000"
"2051","2051","SKU-00868","2","144.69","0.0003"
"2052","2052","SKU-00885","1","144.88","0.0006"
"2053","2053","SKU-00902","4","145.07","0.0009"
"2054","2054","SKU-00919","3","145.26","0.0012"
"2055","2055","SKU-00936","2","145.45","0.0015"
"2056","2056","SKU-00953","1","145.64","0.0018"
"2057","2057","SKU-00970","4","145.83","0.0021"
"2058","2058","SKU-00987","3","146.02","0.0024"
"2059","2059","SKU-00004","2","146.21","0.0002"
"2060","2060","SKU-00021","1","146.40","0.0005"
"2061","2061","SKU-00038","4","146.59","0.0008"
"2062","2062","SKU-00055","3","146.78","0.0011"
"2063","2063","SKU-00072","2","146.97","0.0014"
"2064","2064","SKU-00089","1","147.16","0.0017"
"2065","2065","SKU-00106","4","147.35","0.0020"
"2066","2066","SKU-00123","3","147.54","0.0023"
"2067","2067","SKU-00140","2","147.73","0.0001"
"2068","2068","SKU-00157","1","147.92","0.0004"
"2069","2069","SKU-00174","4","148.11","0.0007"
"2070","2070","SKU-00191","3","148.30","0.0010"
"2071","2071","SKU-00208","2","148.49","0.0013"
"2072","2072","SKU-00225","1","148.68","0.0016"
"2073","2073","SKU-00242","4","148.87","0.0019"
"2074","2074","SKU-00259","3","149.06","0.0022"
"2075","2075","SKU-00276","2","149.25","0.0000"
"2076","2076","SKU-00293","1","149.44","0.0003"
"2077","2077","SKU-00310","4","149.63","0.0006"
"2078","2078","SKU-00327","3","149.82","0.0009"
"2079","2079","SKU-00344","2","150.01","0.0012"
"2080","2080","SKU-00361","1","150.20","0.0015"
"2081","2081","SKU-00378","4","150.39","0.0018"
"2082","2082","SKU-00395","3","150.58","0.0021"
"2083","2083","SKU-00412","2","150.77","0.0024"
"2084","2084","SKU-00429","1","150.96","0.0002"
"2085","2085","SKU-00446","4","151.15","0.0005"
"2086","2086","SKU-00463","3","151.34","0.0008"
"2087","2087","SKU-00480","2","151.53","0.0011"
"2088","2088","SKU-00497","1","151.72","0.0014"
"2089","2089","SKU-00514","4","151.91","0.0017"
"2090","2090","SKU-00531","3","152.10","0.0020"
"2091","2091","SKU-00548","2","152.29","0.0023"
"2092","2092","SKU-00565","1","152.48","0.0001"
"2093","2093","SKU-00582","4","152.67","0.0004"
"2094","2094","SKU-00599","3","152.86","0.0007"
"2095","2095","SKU-00616","2","153.05","0.0010"
"2096","2096","SKU-00633","1","153.24","0.0013"
"2097","2097","SKU-00650","4","153.43","0.0016"
"2098","2098","SKU-00667","3","153.62","0.0019"
"2099","2099","SKU-00684","2","153.81","0.0022"
"2100","2100","SKU-00701","1","154.00","0.0000"
"2101","2101","SKU-00718","4","154.19","0.0003"
"2102","2102","SKU-00735","3","154.38","0.0006"
"2103","2103","SKU-00752","2","154.57","0.0009"
"2104","2104","SKU-00769","1","154.76","0.0012"
"2105","2105","SKU-00786","4","154.95","0.0015"
"2106","2106","SKU-00803","3","155.14","0.0018"
"2107","2107","SKU-00820","2","155.33","0.0021"
"2108","2108","SKU-00837","1","155.52","0.0024"
"2109","2109","SKU-00854","4","155.71","0.0002"
"2110","2110","SKU-00871","3","155.90","0.0005"
"2111","2111","SKU-00888","2","156.09","0.0008"
"2112","2112","SKU-00905","1","156.28","0.0011"
"2113","2113","SKU-00922","4","156.47","0.0014"
"2114","2114","SKU-00939","3","156.66","0.0017"
"2115","2115","SKU-00956","2","156.85","0.0020"
"2116","2116","SKU-00973","1","157.04","0.0023"
"2117","2117","SKU-00990","4","157.23","0.0001"
"2118","2118","SKU-00007","3","157.42","0.0004"
"2119","2119","SKU-00024","2","157.61","0.0007"
"2120","2120","SKU-00041","1","157.80","0.0010"
"2121","2121","SKU-00058","4","157.99","0.0013"
"2122","2122","SKU-00075","3","158.18","0.0016"
"2123","2123","SKU-00092","2","158.37","0.0019"
"2124","2124","SKU-00109","1","158.56","0.0022"
"2125","2125","SKU-00126","4","158.75","0.0000"
"2126","2126","SKU-00143","3","158.94","0.0003"
"2127","2127","SKU-00160","2","159.13","0.0006"
"2128","2128","SKU-00177","1","159.32","0.0009"
"2129","2129","SKU-00194","4","159.51","0.0012"
"2130","2130","SKU-00211","3","159.70","0.0015"
"2131","2131","SKU-00228","2","159.89","0.0018"
"2132","2132","SKU-00245","1","160.08","0.0021"
"2133","2133","SKU-00262","4","160.27","0.0024"
"2134","2134","SKU-00279","3","160.46","0.0002"
"2135","2135","SKU-00296","2","160.65","0.0005"
"2136","2136","SKU-00313","1","160.84","0.0008"
"2137","2137","SKU-00330","4","161.03","0.0011"
"2138","2138","SKU-00347","3","161.22","0.0014"
"2139","2139","SKU-00364","2","161.41","0.0017"
"2140","2140","SKU-00381","1","161.60","0.0020"
"2141","2141","SKU-00398","4","161.79","0.0023"
"2142","2142","SKU-00415","3","161.98","0.0001"
"2143","2143","SKU-00432","2","162.17","0.0004"
"2144","2144","SKU-00449","1","162.36","0.0007"
"2145","2145","SKU-00466","4","162.55","0.0010"
"2146","2146","SKU-00483","3","162.74","0.0013"
"2147","2147","SKU-00500","2","162.93","0.0016"
"2148","2148","SKU-00517","1","163.12","0.0019"
"2149","2149","SKU-00534","4","163.31","0.0022"
"2150","2150","SKU-00551","3","163.50","0.0000"
"2151","2151","SKU-00568","2","163.69","0.0003"
"2152","2152","SKU-00585","1","163.88","0.0006"
"2153","2153","SKU-00602","4","164.07","0.0009"
"2154","2154","SKU-00619","3","164.26","0.0012"
"2155","2155","SKU-00636","2","164.45","0.0015"
"2156","2156","SKU-00653","1","164.64","0.0018"
"2157","2157","SKU-00670","4","164.83","0.0021"
"2158","2158","SKU-00687","3","165.02","0.0024"
"2159","2159","SKU-00704","2","165.21","0.0002"
"2160","2160","SKU-00721","1","165.40","0.0005"
"2161","2161","SKU-00738","4","165.59","0.0008"
"2162","2162","SKU-00755","3","165.78","0.0011"
"2163","2163","SKU-00772","2","165.97","0.0014"
"2164","2164","SKU-00789","1","166.16","0.0017"
"2165","2165","SKU-00806","4","166.35","0.0020"
"2166","2166","SKU-00823","3","166.54","0.0023"
"2167","2167","SKU-00840","2","166.73","0.0001"
"2168","2168","SKU-00857","1","166.92","0.0004"
"2169","2169","SKU-00874","4","167.11","0.0007"
"2170","2170","SKU-00891","3","167.30","0.0010"
"2171","2171","SKU-00908","2","167.49","0.0013"
"2172","2172","SKU-00925","1","167.68","0.0016"
"2173","2173","SKU-00942","4","167.87","0.0019"
"2174","2174","SKU-00959","3","168.06","0.0022"
"2175","2175","SKU-00976","2","168.25","0.0000"
"2176","2176","SKU-00993","1","168.44","0.0003"
"2177","2177","SKU-00010","4","168.63","0.0006"
"2178","2178","SKU-00027","3","168.82","0.0009"
"2179","2179","SKU-00044","2","169.01","0.0012"
"2180","2180","SKU-00061","1","169.20","0.0015"
"2181","2181","SKU-00078","4","169.39","0.0018"
"2182","2182","SKU-00095","3","169.58","0.0021"
"2183","2183","SKU-00112","2","169.77","0.0024"
"2184","2184","SKU-00129","1","169.96","0.0002"
"2185","2185","SKU-00146","4","170.15","0.0005"
"2186","2186","SKU-00163","3","170.34","0.0008"
"2187","2187","SKU-00180","2","170.53","0.0011"
"2188","2188","SKU-00197","1","170.72","0.0014"
"2189","2189","SKU-00214","4","170.91","0.0017"
"2190","2190","SKU-00231","3","171.10","0.0020"
"2191","2191","SKU-00248","2","171.29","0.0023"
"2192","2192","SKU-00265","1","171.48","0.0001"
"2193","2193","SKU-00282","4","171.67","0.0004"
"2194","2194","SKU-00299","3","171.86","0.0007"
"2195","2195","SKU-00316","2","172.05","0.0010"
"2196","2196","SKU-00333","1","172.24","0.0013"
"2197","2197","SKU-00350","4","172.43","0.0016"
"2198","2198","SKU-00367","3","172.62","0.0019"
"2199","2199","SKU-00384","2","172.81","0.0022"
"2200","2200","SKU-00401","1","173.00","0.0000"
"2201","2201","SKU-00418","4","173.19","0.0003"
"2202","2202","SKU-00435","3","173.38","0.0006"
"2203","2203","SKU-00452","2","173.57","0.0009"
"2204","2204","SKU-00469","1","173.76","0.0012"
"2205","2205","SKU-00486","4","173.95","0.0015"
"2206","2206","SKU-00503","3","174.14","0.0018"
"2207","2207","SKU-00520","2","174.33","0.0021"
"2208","2208","SKU-00537","1","174.52","0.0024"
"2209","2209","SKU-00554","4","174.71","0.0002"
"2210","2210","SKU-00571","3","174.90","0.0005"
"2211","2211","SKU-00588","2","175.09","0.0008"
"2212","2212","SKU-00605","1","175.28","0.0011"
"2213","2213","SKU-00622","4","175.47","0.0014"
"2214","2214","SKU-00639","3","175.66","0.0017"
"2215","2215","SKU-00656","2","175.85","0.0020"
"2216","2216","SKU-00673","1","176.04","0.0023"
"2217","2217","SKU-00690","4","176.23","0.0001"
"2218","2218","SKU-00707","3","176.42","0.0004"
"2219","2219","SKU-00724","2","176.61","0.0007"
"2220","2220","SKU-00741","1","176.80","0.0010"
"2221","2221","SKU-00758","4","176.99","0.0013"
"2222","2222","SKU-00775","3","177.18","0.0016"
"2223","2223","SKU-00792","2","177.37","0.0019"
"2224","2224","SKU-00809","1","177.56","0.0022"
"2225","2225","SKU-00826","4","177.75","0.0000"
"2226","2226","SKU-00843","3","177.94","0.0003"
"2227","2227","SKU-00860","2","178.13","0.0006"
"2228","2228","SKU-00877","1","178.32","0.0009"
"2229","2229","SKU-00894","4","178.51","0.0012"
"2230","2230","SKU-00911","3","178.70","0.0015"
"2231","2231","SKU-00928","2","178.89","0.0018"
"2232","2232","SKU-00945","1","179.08","0.0021"
"2233","2233","SKU-00962","4","179.27","0.0024"
"2234","2234","SKU-00979","3","179.46","0.0002"
"2235","2235","SKU-00996","2","179.65","0.0005"
"2236","2236","SKU-00013","1","179.84","0.0008"
"2237","2237","SKU-00030","4","180.03","0.0011"
"2238","2238","SKU-00047","3","180.22","0.0014"
"2239","2239","SKU-00064","2","180.41","0.0017"
"2240","2240","SKU-00081","1","180.60","0.0020"
"2241","2241","SKU-00098","4","180.79","0.0023"
"2242","2242","SKU-00115","3","180.98","0.0001"
"2243","2243","SKU-00132","2","181.17","0.0004"
"2244","2244","SKU-00149","1","181.36","0.0007"
"2245","2245","SKU-00166","4","181.55","0.0010"
"2246","2246","SKU-00183","3","181.74","0.0013"
"2247","2247","SKU-00200","2","181.93","0.0016"
"2248","2248","SKU-00217","1","182.12","0.0019"
"2249","2249","SKU-00234","4","182.31","0.0022"
"2250","2250","SKU-00251","3","182.50","0.0000"
"2251","2251","SKU-00268","2","182.69","0.0003"
"2252","2252","SKU-00285","1","182.88","0.0006"
"2253","2253","SKU-00302","4","183.07","0.0009"
"2254","2254","SKU-00319","3","183.26","0.0012"
"2255","2255","SKU-00336","2","183.45","0.0015"
"2256","2256","SKU-00353","1","183.64","0.0018"
"2257","2257","SKU-00370","4","183.83","0.0021"
"2258","2258","SKU-00387","3","184.02","0.0024"
"2259","2259","SKU-00404","2","184.21","0.0002"
"2260","2260","SKU-00421","1","184.40","0.0005"
"2261","2261","SKU-00438","4","184.59","0.0008"
"2262","2262","SKU-00455","3","184.78","0.0011"
"2263","2263","SKU-00472","2","184.97","0.0014"
"2264","2264","SKU-00489","1","185.16","0.0017"
"2265","2265","SKU-00506","4","185.35","0.0020"
"2266","2266","SKU-00523","3","185.54","0.0023"
"2267","2267","SKU-00540","2","185.73","0.0001"
"2268","2268","SKU-00557","1","185.92","0.0004"
"2269","2269","SKU-00574","4","186.11","0.0007"
"2270","2270","SKU-00591","3","186.30","0.0010"
"2271","2271","SKU-00608","2","186.49","0.0013"
"2272","2272","SKU-00625","1","186.68","0.0016"
"2273","2273","SKU-00642","4","186.87","0.0019"
"2274","2274","SKU-00659","3","187.06","0.0022"
"2275","2275","SKU-00676","2","187.25","0.0000"
"2276","2276","SKU-00693","1","187.44","0.0003"
"2277","2277","SKU-00710","4","187.63","0.0006"
"2278","2278","SKU-00727","3","187.82","0.0009"
"2279","2279","SKU-00744","2","188.01","0.0012"
"2280","2280","SKU-00761","1","188.20","0.0015"
"2281","2281","SKU-00778","4","188.39","0.0018"
"2282","2282","SKU-00795","3","188.58","0.0021"
"2283","2283","SKU-00812","2","188.77","0.0024"
"2284","2284","SKU-00829","1","188.96","0.0002"
"2285","2285","SKU-00846","4","189.15","0.0005"
"2286","2286","SKU-00863","3","189.34","0.0008"
"2287","2287","SKU-00880","2","189.53","0.0011"
"2288","2288","SKU-00897","1","189.72","0.0014"
"2289","2289","SKU-00914","4","189.91","0.0017"
"2290","2290","SKU-00931","3","190.10","0.0020"
"2291","2291","SKU-00948","2","190.29","0.0023"
"2292","2292","SKU-00965","1","190.48","0.0001"
"2293","2293","SKU-00982","4","190.67","0.0004"
"2294","2294","SKU-00999","3","190.86","0.0007"
"2295","2295","SKU-00016","2","191.05","0.0010"
"2296","2296","SKU-00033","1","191.24","0.0013"
"2297","2297","SKU-00050","4","191.43","0.0016"
"2298","2298","SKU-00067","3","191.62","0.0019"
"2299","2299","SKU-00084","2","191.81","0.0022"
"2300","2300","SKU-00101","1","192.00","0.0000"
"2301","2301","SKU-00118","4","192.19","0.0003"
"2302","2302","SKU-00135","3","192.38","0.0006"
"2303","2303","SKU-00152","2","192.57","0.0009"
"2304","2304","SKU-00169","1","192.76","0.0012"
"2305","2305","SKU-00186","4","192.95","0.0015"
"2306","2306","SKU-00203","3","193.14","0.0018"
"2307","2307","SKU-00220","2","193.33","0.0021"
"2308","2308","SKU-00237","1","193.52","0.0024"
"2309","2309","SKU-00254","4","193.71","0.0002"
"2310","2310","SKU-00271","3","193.90","0.0005"
"2311","2311","SKU-00288","2","194.09","0.0008"
"2312","2312","SKU-00305","1","194.28","0.0011"
"2313","2313","SKU-00322","4","194.47","0.0014"
"2314","2314","SKU-00339","3","194.66","0.0017"
"2315","2315","SKU-00356","2","194.85","0.0020"
"2316","2316","SKU-00373","1","195.04","0.0023"
"2317","2317","SKU-00390","4","195.23","0.0001"
"2318","2318","SKU-00407","3","195.42","0.0004"
"2319","2319","SKU-00424","2","195.61","0.0007"
"2320","2320","SKU-00441","1","195.80","0.0010"
"2321","2321","SKU-00458","4","195.99","0.0013"
"2322","2322","SKU-00475","3","196.18","0.0016"
"2323","2323","SKU-00492","2","196.37","0.0019"
"2324","2324","SKU-00509","1","196.56","0.0022"
"2325","2325","SKU-00526","4","196.75","0.0000"
"2326","2326","SKU-00543","3","196.94","0.0003"
"2327","2327","SKU-00560","2","197.13","0.0006"
"2328","2328","SKU-00577","1","197.32","0.0009"
"2329","2329","SKU-00594","4","197.51","0.0012"
"2330","2330","SKU-00611","3","197.70","0.0015"
"2331","2331","SKU-00628","2","197.89","0.0018"
"2332","2332","SKU-00645","1","198.08","0.0021"
"2333","2333","SKU-00662","4","198.27","0.0024"
"2334","2334","SKU-00679","3","198.46","0.0002"
"2335","2335","SKU-00696","2","198.65","0.0005"
"2336","2336","SKU-00713","1","198.84","0.0008"
"2337","2337","SKU-00730","4","199.03","0.0011"
"2338","2338","SKU-00747","3","199.22","0.0014"
"2339","2339","SKU-00764","2","199.41","0.0017"
"2340","2340","SKU-00781","1","199.60","0.0020"
"2341","2341","SKU-00798","4","199.79","0.0023"
"2342","2342","SKU-00815","3","199.98","0.0001"
"2343","2343","SKU-00832","2","200.17","0.0004"
"2344","2344","SKU-00849","1","200.36","0.0007"
"2345","2345","SKU-00866","4","200.55","0.0010"
"2346","2346","SKU-00883","3","200.74","0.0013"
"2347","2347","SKU-00900","2","200.93","0.0016"
"2348","2348","SKU-00917","1","201.12","0.0019"
"2349","2349","SKU-00934","4","201.31","0.0022"
"2350","2350","SKU-00951","3","201.50","0.0000"
"2351","2351","SKU-00968","2","201.69","0.0003"
"2352","2352","SKU-00985","1","201.88","0.0006"
"2353","2353","SKU-00002","4","202.07","0.0009"
"2354","2354","SKU-00019","3","202.26","0.0012"
"2355","2355","SKU-00036","2","202.45","0.0015"
"2356","2356","SKU-00053","1","202.64","0.0018"
"2357","2357","SKU-00070","4","202.83","0.0021"
"2358","2358","SKU-00087","3","203.02","0.0024"
"2359","2359","SKU-00104","2","203.21","0.0002"
"2360","2360","SKU-00121","1","203.40","0.0005"
"2361","2361","SKU-00138","4","203.59","0.0008"
"2362","2362","SKU-00155","3","203.78","0.0011"
"2363","2363","SKU-00172","2","203.97","0.0014"
"2364","2364","SKU-00189","1","204.16","0.0017"
"2365","2365","SKU-00206","4","204.35","0.0020"
"2366","2366","SKU-00223","3","204.54","0.0023"
"2367","2367","SKU-00240","2","204.73","0.0001"
"2368","2368","SKU-00257","1","204.92","0.0004"
"2369","2369","SKU-00274","4","205.11","0.0007"
"2370","2370","SKU-00291","3","205.30","0.0010"
"2371","2371","SKU-00308","2","205.49","0.0013"
"2372","2372","SKU-00325","1","205.68","0.0016"
"2373","2373","SKU-00342","4","205.87","0.0019"
"2374","2374","SKU-00359","3","206.06","0.0022"
"2375","2375","SKU-00376","2","206.25","0.0000"
"2376","2376","SKU-00393","1","206.44","0.0003"
"2377","2377","SKU-00410","4","206.63","0.0006"
"2378","2378","SKU-00427","3","206.82","0.0009"
"2379","2379","SKU-00444","2","207.01","0.0012"
"2380","2380","SKU-00461","1","207.20","0.0015"
"2381","2381","SKU-00478","4","207.39","0.0018"
"2382","2382","SKU-00495","3","207.58","0.0021"
"2383","2383","SKU-00512","2","207.77","0.0024"
"2384","2384","SKU-00529","1","207.96","0.0002"
"2385","2385","SKU-00546","4","208.15","0.0005"
"2386","2386","SKU-00563","3","208.34","0.0008"
"2387","2387","SKU-00580","2","208.53","0.0011"
"2388","2388","SKU-00597","1","208.72","0.0014"
"2389","2389","SKU-00614","4","208.91","0.0017"
"2390","2390","SKU-00631","3","209.10","0.0020"
"2391","2391","SKU-00648","2","209.29","0.0023"
"2392","2392","SKU-00665","1","209.48","0.0001"
"2393","2393","SKU-00682","4","209.67","0.0004"
"2394","2394","SKU-00699","3","209.86","0.0007"
"2395","2395","SKU-00716","2","210.05","0.0010"
"2396","2396","SKU-00733","1","210.24","0.0013"
"2397","2397","SKU-00750","4","210.43","0.0016"
"2398","2398","SKU-00767","3","210.62","0.0019"
"2399","2399","SKU-00784","2","210.81","0.0022"
"2400","2400","SKU-00801","1","211.00","0.0000"
"2401","2401","SKU-00818","4","211.19","0.0003"
"2402","2402","SKU-00835","3","211.38","0.0006"
"2403","2403","SKU-00852","2","211.57","0.0009"
"2404","2404","SKU-00869","1","211.76","0.0012"
"2405","2405","SKU-00886","4","211.95","0.0015"
"2406","2406","SKU-00903","3","212.14","0.0018"
"2407","2407","SKU-00920","2","212.33","0.0021"
"2408","2408","SKU-00937","1","212.52","0.0024"
"2409","2409","SKU-00954","4","212.71","0.0002"
"2410","2410","SKU-00971","3","212.90","0.0005"
"2411","2411","SKU-00988","2","213.09","0.0008"
"2412","2412","SKU-00005","1","213.28","0.0011"
"2413","2413","SKU-00022","4","213.47","0.0014"
"2414","2414","SKU-00039","3","213.66","0.0017"
"2415","2415","SKU-00056","2","213.85","0.0020"
"2416","2416","SKU-00073","1","214.04","0.0023"
"2417","2417","SKU-00090","4","214.23","0.0001"
"2418","2418","SKU-00107","3","214.42","0.0004"
"2419","2419","SKU-00124","2","214.61","0.0007"
"2420","2420","SKU-00141","1","214.80","0.0010"
"2421","2421","SKU-00158","4","214.99","0.0013"
"2422","2422","SKU-00175","3","215.18","0.0016"
"2423","2423","SKU-00192","2","215.37","0.0019"
"2424","2424","SKU-00209","1","215.56","0.0022"
"2425","2425","SKU-00226","4","215.75","0.0000"
"2426","2426","SKU-00243","3","215.94","0.0003"
"2427","2427","SKU-00260","2","216.13","0.0006"
"2428","2428","SKU-00277","1","216.32","0.0009"
"2429","2429","SKU-00294","4","216.51","0.0012"
"2430","2430","SKU-00311","3","216.70","0.0015"
"2431","2431","SKU-00328","2","216.89","0.0018"
"2432","2432","SKU-00345","1","217.08","0.0021"
"2433","2433","SKU-00362","4","217.27","0.0024"
"2434","2434","SKU-00379","3","217.46","0.0002"
"2435","2435","SKU-00396","2","217.65","0.0005"
"2436","2436","SKU-00413","1","217.84","0.0008"
"2437","2437","SKU-00430","4","218.03","0.0011"
"2438","2438","SKU-00447","3","218.22","0.0014"
"2439","2439","SKU-00464","2","218.41","0.0017"
"2440","2440","SKU-00481","1","218.60","0.0020"
"2441","2441","SKU-00498","4","218.79","0.0023"
"2442","2442","SKU-00515","3","218.98","0.0001"
"2443","2443","SKU-00532","2","219.17","0.0004"
"2444","2444","SKU-00549","1","219.36","0.0007"
"2445","2445","SKU-00566","4","219.55","0.0010"
"2446","2446","SKU-00583","3","219.74","0.0013"
"2447","2447","SKU-00600","2","219.93","0.0016"
"2448","2448","SKU-00617","1","220.12","0.0019"
"2449","2449","SKU-00634","4","220.31","0.0022"
"2450","2450","SKU-00651","3","220.50","0.0000"
"2451","2451","SKU-00668","2","220.69","0.0003"
"2452","2452","SKU-00685","1","220.88","0.0006"
"2453","2453","SKU-00702","4","221.07","0.0009"
"2454","2454","SKU-00719","3","221.26","0.0012"
"2455","2455","SKU-00736","2","221.45","0.0015"
"2456","2456","SKU-00753","1","221.64","0.0018"
"2457","2457","SKU-00770","4","221.83","0.0021"
"2458","2458","SKU-00787","3","222.02","0.0024"
"2459","2459","SKU-00804","2","222.21","0.0002"
"2460","2460","SKU-00821","1","222.40","0.0005"
"2461","2461","SKU-00838","4","222.59","0.0008"
"2462","2462","SKU-00855","3","222.78","0.0011"
"2463","2463","SKU-00872","2","222.97","0.0014"
"2464","2464","SKU-00889","1","223.16","0.0017"
"2465","2465","SKU-00906","4","223.35","0.0020"
"2466","2466","SKU-00923","3","223.54","0.0023"
"2467","2467","SKU-00940","2","223.73","0.0001"
"2468","2468","SKU-00957","1","223.92","0.0004"
"2469","2469","SKU-00974","4","224.11","0.0007"
"2470","2470","SKU-00991","3","224.30","0.0010"
"2471","2471","SKU-00008","2","224.49","0.0013"
"2472","2472","SKU-00025","1","224.68","0.0016"
"2473","2473","SKU-00042","4","224.87","0.0019"
"2474","2474","SKU-00059","3","225.06","0.0022"
"2475","2475","SKU-00076","2","225.25","0.0000"
"2476","2476","SKU-00093","1","225.44","0.0003"
"2477","2477","SKU-00110","4","225.63","0.0006"
"2478","2478","SKU-00127","3","225.82","0.0009"
"2479","2479","SKU-00144","2","226.01","0.0012"
"2480","2480","SKU-00161","1","226.20","0.0015"
"2481","2481","SKU-00178","4","226.39","0.0018"
"2482","2482","SKU-00195","3","226.58","0.0021"
"2483","2483","SKU-00212","2","226.77","0.0024"
"2484","2484","SKU-00229","1","226.96","0.0002"
"2485","2485","SKU-00246","4","227.15","0.0005"
"2486","2486","SKU-00263","3","227.34","0.0008"
"2487","2487","SKU-00280","2","227.53","0.0011"
"2488","2488","SKU-00297","1","227.72","0.0014"
"2489","2489","SKU-00314","4","227.91","0.0017"
"2490","2490","SKU-00331","3","228.10","0.0020"
"2491","2491","SKU-00348","2","228.29","0.0023"
"2492","2492","SKU-00365","1","228.48","0.0001"
"2493","2493","SKU-00382","4","228.67","0.0004"
"2494","2494","SKU-00399","3","228.86","0.0007"
"2495","2495","SKU-00416","2","229.05","0.0010"
"2496","2496","SKU-00433","1","229.24","0.0013"
"2497","2497","SKU-00450","4","229.43","0.0016"
"2498","2498","SKU-00467","3","229.62","0.0019"
"2499","2499","SKU-00484","2","229.81","0.0022"
"2500","2500","SKU-00501","1","230.00","0.0000"
"2501","2501","SKU-00518","4","230.19","0.0003"
"2502","2502","SKU-00535","3","230.38","0.0006"
"2503","2503","SKU-00552","2","230.57","0.0009"
"2504","2504","SKU-00569","1","230.76","0.0012"
"2505","2505","SKU-00586","4","230.95","0.0015"
"2506","2506","SKU-00603","3","231.14","0.0018"
"2507","2507","SKU-00620","2","231.33","0.0021"
"2508","2508","SKU-00637","1","231.52","0.0024"
"2509","2509","SKU-00654","4","231.71","0.0002"
"2510","2510","SKU-00671","3","231.90","0.0005"
"2511","2511","SKU-00688","2","232.09","0.0008"
"2512","2512","SKU-00705","1","232.28","0.0011"
"2513","2513","SKU-00722","4","232.47","0.0014"
"2514","2514","SKU-00739","3","232.66","0.0017"
"2515","2515","SKU-00756","2","232.85","0.0020"
"2516","2516","SKU-00773","1","233.04","0.0023"
"2517","2517","SKU-00790","4","233.23","0.0001"
"2518","2518","SKU-00807","3","233.42","0.0004"
"2519","2519","SKU-00824","2","233.61","0.0007"
"2520","2520","SKU-00841","1","233.80","0.0010"
"2521","2521","SKU-00858","4","233.99","0.0013"
"2522","2522","SKU-00875","3","234.18","0.0016"
"2523","2523","SKU-00892","2","234.37","0.0019"
"2524","2524","SKU-00909","1","234.56","0.0022"
"2525","2525","SKU-00926","4","234.75","0.0000"
"2526","2526","SKU-00943","3","234.94","0.0003"
"2527","2527","SKU-00960","2","235.13","0.0006"
"2528","2528","SKU-00977","1","235.32","0.0009"
"2529","2529","SKU-00994","4","235.51","0.0012"
"2530","2530","SKU-00011","3","235.70","0.0015"
"2531","2531","SKU-00028","2","235.89","0.0018"
"2532","2532","SKU-00045","1","236.08","0.0021"
"2533","2533","SKU-00062","4","236.27","0.0024"
"2534","2534","SKU-00079","3","236.46","0.0002"
"2535","2535","SKU-00096","2","236.65","0.0005"
"2536","2536","SKU-00113","1","236.84","0.0008"
"2537","2537","SKU-00130","4","237.03","0.0011"
"2538","2538","SKU-00147","3","237.22","0.0014"
"2539","2539","SKU-00164","2","237.41","0.0017"
"2540","2540","SKU-00181","1","237.60","0.0020"
"2541","2541","SKU-00198","4","237.79","0.0023"
"2542","2542","SKU-00215","3","237.98","0.0001"
"2543","2543","SKU-00232","2","238.17","0.0004"
"2544","2544","SKU-00249","1","238.36","0.0007"
"2545","2545","SKU-00266","4","238.55","0.0010"
"2546","2546","SKU-00283","3","238.74","0.0013"
"2547","2547","SKU-00300","2","238.93","0.0016"
"2548","2548","SKU-00317","1","239.12","0.0019"
"2549","2549","SKU-00334","4","239.31","0.0022"
"2550","2550","SKU-00351","3","239.50","0.0000"
"2551","2551","SKU-00368","2","239.69","0.0003"
"2552","2552","SKU-00385","1","239.88","0.0006"
"2553","2553","SKU-00402","4","240.07","0.0009"
"2554","2554","SKU-00419","3","240.26","0.0012"
"2555","2555","SKU-00436","2","240.45","0.0015"
"2556","2556","SKU-00453","1","240.64","0.0018"
"2557","2557","SKU-00470","4","240.83","0.0021"
"2558","2558","SKU-00487","3","241.02","0.0024"
"2559","2559","SKU-00504","2","241.21","0.0002"
"2560","2560","SKU-00521","1","241.40","0.0005"
"2561","2561","SKU-00538","4","241.59","0.0008"
"2562","2562","SKU-00555","3","241.78","0.0011"
"2563","2563","SKU-00572","2","241.97","0.0014"
"2564","2564","SKU-00589","1","242.16","0.0017"
"2565","2565","SKU-00606","4","242.35","0.0020"
"2566","2566","SKU-00623","3","242.54","0.0023"
"2567","2567","SKU-00640","2","242.73","0.0001"
"2568","2568","SKU-00657","1","242.92","0.0004"
"2569","2569","SKU-00674","4","243.11","0.0007"
"2570","2570","SKU-00691","3","243.30","0.0010"
"2571","2571","SKU-00708","2","243.49","0.0013"
"2572","2572","SKU-00725","1","243.68","0.0016"
"2573","2573","SKU-00742","4","243.87","0.0019"
"2574","2574","SKU-00759","3","244.06","0.0022"
"2575","2575","SKU-00776","2","244.25","0.0000"
"2576","2576","SKU-00793","1","244.44","0.0003"
"2577","2577","SKU-00810","4","244.63","0.0006"
"2578","2578","SKU-00827","3","244.82","0.0009"
"2579","2579","SKU-00844","2","245.01","0.0012"
"2580","2580","SKU-00861","1","245.20","0.0015"
"2581","2581","SKU-00878","4","245.39","0.0018"
"2582","2582","SKU-00895","3","245.58","0.0021"
"2583","2583","SKU-00912","2","245.77","0.0024"
"2584","2584","SKU-00929","1","245.96","0.0002"
"2585","2585","SKU-00946","4","246.15","0.0005"
"2586","2586","SKU-00963","3","246.34","0.0008"
"2587","2587","SKU-00980","2","246.53","0.0011"
"2588","2588","SKU-00997","1","246.72","0.0014"
"2589","2589","SKU-00014","4","246.91","0.0017"
"2590","2590","SKU-00031","3","247.10","0.0020"
"2591","2591","SKU-00048","2","247.29","0.0023"
"2592","2592","SKU-00065","1","247.48","0.0001"
"2593","2593","SKU-00082","4","247.67","0.0004"
"2594","2594","SKU-00099","3","247.86","0.0007"
"2595","2595","SKU-00116","2","248.05","0.0010"
"2596","2596","SKU-00133","1","248.24","0.0013"
"2597","2597","SKU-00150","4","248.43","0.0016"
"2598","2598","SKU-00167","3","248.62","0.0019"
"2599","2599","SKU-00184","2","248.81","0.0022"
"2600","2600","SKU-00201","1","249.00","0.0000"
"2601","2601","SKU-00218","4","249.19","0.0003"
"2602","2602","SKU-00235","3","249.38","0.0006"
"2603","2603","SKU-00252","2","249.57","0.0009"
"2604","2604","SKU-00269","1","249.76","0.0012"
"2605","2605","SKU-00286","4","249.95","0.0015"
"2606","2606","SKU-00303","3","250.14","0.0018"
"2607","2607","SKU-00320","2","250.33","0.0021"
"2608","2608","SKU-00337","1","250.52","0.0024"
"2609","2609","SKU-00354","4","250.71","0.0002"
"2610","2610","SKU-00371","3","250.90","0.0005"
"2611","2611","SKU-00388","2","251.09","0.0008"
"2612","2612","SKU-00405","1","251.28","0.0011"
"2613","2613","SKU-00422","4","251.47","0.0014"
"2614","2614","SKU-00439","3","251.66","0.0017"
"2615","2615","SKU-00456","2","251.85","0.0020"
"2616","2616","SKU-00473","1","252.04","0.0023"
"2617","2617","SKU-00490","4","252.23","0.0001"
"2618","2618","SKU-00507","3","252.42","0.0004"
"2619","2619","SKU-00524","2","252.61","0.0007"
"2620","2620","SKU-00541","1","252.80","0.0010"
"2621","2621","SKU-00558","4","252.99","0.0013"
"2622","2622","SKU-00575","3","253.18","0.0016"
"2623","2623","SKU-00592","2","253.37","0.0019"
"2624","2624","SKU-00609","1","253.56","0.0022"
"2625","2625","SKU-00626","4","253.75","0.0000"
"2626","2626","SKU-00643","3","253.94","0.0003"
"2627","2627","SKU-00660","2","254.13","0.0006"
"2628","2628","SKU-00677","1","254.32","0.0009"
"2629","2629","SKU-00694","4","254.51","0.0012"
"2630","2630","SKU-00711","3","254.70","0.0015"
"2631","2631","SKU-00728","2","254.89","0.0018"
"2632","2632","SKU-00745","1","5.08","0.0021"
"2633","2633","SKU-00762","4","5.27","0.0024"
"2634","2634","SKU-00779","3","5.46","0.0002"
"2635","2635","SKU-00796","2","5.65","0.0005"
"2636","2636","SKU-00813","1","5.84","0.0008"
"2637","2637","SKU-00830","4","6.03","0.0011"
"2638","2638","SKU-00847","3","6.22","0.0014"
"2639","2639","SKU-00864","2","6.41","0.0017"
"2640","2640","SKU-00881","1","6.60","0.0020"
"2641","2641","SKU-00898","4","6.79","0.0023"
"2642","2642","SKU-00915","3","6.98","0.0001"
"2643","2643","SKU-00932","2","7.17","0.0004"
"2644","2644","SKU-00949","1","7.36","0.0007"
"2645","2645","SKU-00966","4","7.55","0.0010"
"2646","2646","SKU-00983","3","7.74","0.0013"
"2647","2647","SKU-01000","2","7.93","0.0016"
"2648","2648","SKU-00017","1","8.12","0.0019"
"2649","2649","SKU-00034","4","8.31","0.0022"
"2650","2650","SKU-00051","3","8.50","0.0000"
"2651","2651","SKU-00068","2","8.69","0.0003"
"2652","2652","SKU-00085","1","8.88","0.0006"
"2653","2653","SKU-00102","4","9.07","0.0009"
"2654","2654","SKU-00119","3","9.26","0.0012"
"2655","2655","SKU-00136","2","9.45","0.0015"
"2656","2656","SKU-00153","1","9.64","0.0018"
"2657","2657","SKU-00170","4","9.83","0.0021"
"2658","2658","SKU-00187","3","10.02","0.0024"
"2659","2659","SKU-00204","2","10.21","0.0002"
"2660","2660","SKU-00221","1","10.40","0.0005"
"2661","2661","SKU-00238","4","10.59","0.0008"
"2662","2662","SKU-00255","3","10.78","0.0011"
"2663","2663","SKU-00272","2","10.97","0.0014"
"2664","2664","SKU-00289","1","11.16","0.0017"
"2665","2665","SKU-00306","4","11.35","0.0020"
"2666","2666","SKU-00323","3","11.54","0.0023"
"2667","2667","SKU-00340","2","11.73","0.0001"
"2668","2668","SKU-00357","1","11.92","0.0004"
"2669","2669","SKU-00374","4","12.11","0.0007"
"2670","2670","SKU-00391","3","12.30","0.0010"
"2671","2671","SKU-00408","2","12.49","0.0013"
"2672","2672","SKU-00425","1","12.68","0.0016"
"2673","2673","SKU-00442","4","12.87","0.0019"
"2674","2674","SKU-00459","3","13.06","0.0022"
"2675","2675","SKU-00476","2","13.25","0.0000"
"2676","2676","SKU-00493","1","13.44","0.0003"
"2677","2677","SKU-00510","4","13.63","0.0006"
"2678","2678","SKU-00527","3","13.82","0.0009"
"2679","2679","SKU-00544","2","14.01","0.0012"
"2680","2680","SKU-00561","1","14.20","0.0015"
"2681","2681","SKU-00578","4","14.39","0.0018"
"2682","2682","SKU-00595","3","14.58","0.0021"
"2683","2683","SKU-00612","2","14.77","0.0024"
"2684","2684","SKU-00629","1","14.96","0.0002"
"2685","2685","SKU-00646","4","15.15","0.0005"
"2686","2686","SKU-00663","3","15.34","0.0008"
"2687","2687","SKU-00680","2","15.53","0.0011"
"2688","2688","SKU-00697","1","15.72","0.0014"
"2689","2689","SKU-00714","4","15.91","0.0017"
"2690","2690","SKU-00731","3","16.10","0.0020"
"2691","2691","SKU-00748","2","16.29","0.0023"
"2692","2692","SKU-00765","1","16.48","0.0001"
"2693","2693","SKU-00782","4","16.67","0.0004"
"2694","2694","SKU-00799","3","16.86","0.0007"
"2695","2695","SKU-00816","2","17.05","0.0010"
"2696","2696","SKU-00833","1","17.24","0.0013"
"2697","2697","SKU-00850","4","17.43","0.0016"
"2698","2698","SKU-00867","3","17.62","0.0019"
"2699","2699","SKU-00884","2","17.81","0.0022"
"2700","2700","SKU-00901","1","18.00","0.0000"
"2701","2701","SKU-00918","4","18.19","0.0003"
"2702","2702","SKU-00935","3","18.38","0.0006"
"2703","2703","SKU-00952","2","18.57","0.0009"
"2704","2704","SKU-00969","1","18.76","0.0012"
"2705","2705","SKU-00986","4","18.95","0.0015"
"2706","2706","SKU-00003","3","19.14","0.0018"
"2707","2707","SKU-00020","2","19.33","0.0021"
"2708","2708","SKU-00037","1","19.52","0.0024"
"2709","2709","SKU-00054","4","19.71","0.0002"
"2710","2710","SKU-00071","3","19.90","0.0005"
"2711","2711","SKU-00088","2","20.09","0.0008"
"2712","2712","SKU-00105","1","20.28","0.0011"
"2713","2713","SKU-00122","4","20.47","0.0014"
"2714","2714","SKU-00139","3","20.66","0.0017"
"2715","2715","SKU-00156","2","20.85","0.0020"
"2716","2716","SKU-00173","1","21.04","0.0023"
"2717","2717","SKU-00190","4","21.23","0.0001"
"2718","2718","SKU-00207","3","21.42","0.0004"
"2719","2719","SKU-00224","2","21.61","0.0007"
"2720","2720","SKU-00241","1","21.80","0.0010"
"2721","2721","SKU-00258","4","21.99","0.0013"
"2722","2722","SKU-00275","3","22.18","0.0016"
"2723","2723","SKU-00292","2","22.37","0.0019"
"2724","2724","SKU-00309","1","22.56","0.0022"
"2725","2725","SKU-00326","4","22.75","0.0000"
"2726","2726","SKU-00343","3","22.94","0.0003"
"2727","2727","SKU-00360","2","23.13","0.0006"
"2728","2728","SKU-00377","1","23.32","0.0009"
"2729","2729","SKU-00394","4","23.51","0.0012"
"2730","2730","SKU-00411","3","23.70","0.0015"
"2731","2731","SKU-00428","2","23.89","0.0018"
"2732","2732","SKU-00445","1","24.08","0.0021"
"2733","2733","SKU-00462","4","24.27","0.0024"
"2734","2734","SKU-00479","3","24.46","0.0002"
"2735","2735","SKU-00496","2","24.65","0.0005"
"2736","2736","SKU-00513","1","24.84","0.0008"
"2737","2737","SKU-00530","4","25.03","0.0011"
"2738","2738","SKU-00547","3","25.22","0.0014"
"2739","2739","SKU-00564","2","25.41","0.0017"
"2740","2740","SKU-00581","1","25.60","0.0020"
"2741","2741","SKU-00598","4","25.79","0.0023"
"2742","2742","SKU-00615","3","25.98","0.0001"
"2743","2743","SKU-00632","2","26.17","0.0004"
"2744","2744","SKU-00649","1","26.36","0.0007"
"2745","2745","SKU-00666","4","26.55","0.0010"
"2746","2746","SKU-00683","3","26.74","0.0013"
"2747","2747","SKU-00700","2","26.93","0.0016"
"2748","2748","SKU-00717","1","27.12","0.0019"
"2749","2749","SKU-00734","4","27.31","0.0022"
"2750","2750","SKU-00751","3","27.50","0.0000"
"2751","2751","SKU-00768","2","27.69","0.0003"
"2752","2752","SKU-00785","1","27.88","0.0006"
"2753","2753","SKU-00802","4","28.07","0.0009"
"2754","2754","SKU-00819","3","28.26","0.0012"
"2755","2755","SKU-00836","2","28.45","0.0015"
"2756","2756","SKU-00853","1","28.64","0.0018"
"2757","2757","SKU-00870","4","28.83","0.0021"
"2758","2758","SKU-00887","3","29.02","0.0024"
"2759","2759","SKU-00904","2","29.21","0.0002"
"2760","2760","SKU-00921","1","29.40","0.0005"
"2761","2761","SKU-00938","4","29.59","0.0008"
"2762","2762","SKU-00955","3","29.78","0.0011"
"2763","2763","SKU-00972","2","29.97","0.0014"
"2764","2764","SKU-00989","1","30.16","0.0017"
"2765","2765","SKU-00006","4","30.35","0.0020"
"2766","2766","SKU-00023","3","30.54","0.0023"
"2767","2767","SKU-00040","2","30.73","0.0001"
"2768","2768","SKU-00057","1","30.92","0.0004"
"2769","2769","SKU-00074","4","31.11","0.0007"
"2770","2770","SKU-00091","3","31.30","0.0010"
"2771","2771","SKU-00108","2","31.49","0.0013"
"2772","2772","SKU-00125","1","31.68","0.0016"
"2773","2773","SKU-00142","4","31.87","0.0019"
"2774","2774","SKU-00159","3","32.06","0.0022"
"2775","2775","SKU-00176","2","32.25","0.0000"
"2776","2776","SKU-00193","1","32.44","0.0003"
"2777","2777","SKU-00210","4","32.63","0.0006"
"2778","2778","SKU-00227","3","32.82","0.0009"
"2779","2779","SKU-00244","2","33.01","0.0012"
"2780","2780","SKU-00261","1","33.20","0.0015"
"2781","2781","SKU-00278","4","33.39","0.0018"
"2782","2782","SKU-00295","3","33.58","0.0021"
"2783","2783","SKU-00312","2","33.77","0.0024"
"2784","2784","SKU-00329","1","33.96","0.0002"
"2785","2785","SKU-00346","4","34.15","0.0005"
"2786","2786","SKU-00363","3","34.34","0.0008"
"2787","2787","SKU-00380","2","34.53","0.0011"
"2788","2788","SKU-00397","1","34.72","0.0014"
"2789","2789","SKU-00414","4","34.91","0.0017"
"2790","2790","SKU-00431","3","35.10","0.0020"
"2791","2791","SKU-00448","2","35.29","0.0023"
"2792","2792","SKU-00465","1","35.48","0.0001"
"2793","2793","SKU-00482","4","35.67","0.0004"
"2794","2794","SKU-00499","3","35.86","0.0007"
"2795","2795","SKU-00516","2","36.05","0.0010"
"2796","2796","SKU-00533","1","36.24","0.0013"
"2797","2797","SKU-00550","4","36.43","0.0016"
"2798","2798","SKU-00567","3","36.62","0.0019"
"2799","2799","SKU-00584","2","36.81","0.0022"
"2800","2800","SKU-00601","1","37.00","0.0000"
"2801","2801","SKU-00618","4","37.19","0.0003"
"2802","2802","SKU-00635","3","37.38","0.0006"
"2803","2803","SKU-00652","2","37.57","0.0009"
"2804","2804","SKU-00669","1","37.76","0.0012"
"2805","2805","SKU-00686","4","37.95","0.0015"
"2806","2806","SKU-00703","3","38.14","0.0018"
"2807","2807","SKU-00720","2","38.33","0.0021"
"2808","2808","SKU-00737","1","38.52","0.0024"
"2809","2809","SKU-00754","4","38.71","0.0002"
"2810","2810","SKU-00771","3","38.90","0.0005"
"2811","2811","SKU-00788","2","39.09","0.0008"
"2812","2812","SKU-00805","1","39.28","0.0011"
"2813","2813","SKU-00822","4","39.47","0.0014"
"2814","2814","SKU-00839","3","39.66","0.0017"
"2815","2815","SKU-00856","2","39.85","0.0020"
"2816","2816","SKU-00873","1","40.04","0.0023"
"2817","2817","SKU-00890","4","40.23","0.0001"
"2818","2818","SKU-00907","3","40.42","0.0004"
"2819","2819","SKU-00924","2","40.61","0.0007"
"2820","2820","SKU-00941","1","40.80","0.0010"
"2821","2821","SKU-00958","4","40.99","0.0013"
"2822","2822","SKU-00975","3","41.18","0.0016"
"2823","2823","SKU-00992","2","41.37","0.0019"
"2824","2824","SKU-00009","1","41.56","0.0022"
"2825","2825","SKU-00026","4","41.75","0.0000"
"2826","2826","SKU-00043","3","41.94","0.0003"
"2827","2827","SKU-00060","2","42.13","0.0006"
"2828","2828","SKU-00077","1","42.32","0.0009"
"2829","2829","SKU-00094","4","42.51","0.0012"
"2830","2830","SKU-00111","3","42.70","0.0015"
"2831","2831","SKU-00128","2","42.89","0.0018"
"2832","2832","SKU-00145","1","43.08","0.0021"
"2833","2833","SKU-00162","4","43.27","0.0024"
"2834","2834","SKU-00179","3","43.46","0.0002"
"2835","2835","SKU-00196","2","43.65","0.0005"
"2836","2836","SKU-00213","1","43.84","0.0008"
"2837","2837","SKU-00230","4","44.03","0.0011"
"2838","2838","SKU-00247","3","44.22","0.0014"
"2839","2839","SKU-00264","2","44.41","0.0017"
"2840","2840","SKU-00281","1","44.60","0.0020"
"2841","2841","SKU-00298","4","44.79","0.0023"
"2842","2842","SKU-00315","3","44.98","0.0001"
"2843","2843","SKU-00332","2","45.17","0.0004"
"2844","2844","SKU-00349","1","45.36","0.0007"
"2845","2845","SKU-00366","4","45.55","0.0010"
"2846","2846","SKU-00383","3","45.74","0.0013"
"2847","2847","SKU-00400","2","45.93","0.0016"
"2848","2848","SKU-00417","1","46.12","0.0019"
"2849","2849","SKU-00434","4","46.31","0.0022"
"2850","2850","SKU-00451","3","46.50","0.0000"
"2851","2851","SKU-00468","2","46.69","0.0003"
"2852","2852","SKU-00485","1","46.88","0.0006"
"2853","2853","SKU-00502","4","47.07","0.0009"
"2854","2854","SKU-00519","3","47.26","0.0012"
"2855","2855","SKU-00536","2","47.45","0.0015"
"2856","2856","SKU-00553","1","47.64","0.0018"
"2857","2857","SKU-00570","4","47.83","0.0021"
"2858","2858","SKU-00587","3","48.02","0.0024"
"2859","2859","SKU-00604","2","48.21","0.0002"
"2860","2860","SKU-00621","1","48.40","0.0005"
"2861","2861","SKU-00638","4","48.59","0.0008"
"2862","2862","SKU-00655","3","48.78","0.0011"
"2863","2863","SKU-00672","2","48.97","0.0014"
"2864","2864","SKU-00689","1","49.16","0.0017"
"2865","2865","SKU-00706","4","49.35","0.0020"
"2866","2866","SKU-00723","3","49.54","0.0023"
"2867","2867","SKU-00740","2","49.73","0.0001"
"2868","2868","SKU-00757","1","49.92","0.0004"
"2869","2869","SKU-00774","4","50.11","0.0007"
"2870","2870","SKU-00791","3","50.30","0.0010"
"2871","2871","SKU-00808","2","50.49","0.0013"
"2872","2872","SKU-00825","1","50.68","0.0016"
"2873","2873","SKU-00842","4","50.87","0.0019"
"2874","2874","SKU-00859","3","51.06","0.0022"
"2875","2875","SKU-00876","2","51.25","0.0000"
"2876","2876","SKU-00893","1","51.44","0.0003"
"2877","2877","SKU-00910","4","51.63","0.0006"
"2878","2878","SKU-00927","3","51.82","0.0009"
"2879","2879","SKU-00944","2","52.01","0.0012"
"2880","2880","SKU-00961","1","52.20","0.0015"
"2881","2881","SKU-00978","4","52.39","0.0018"
"2882","2882","SKU-00995","3","52.58","0.0021"
"2883","2883","SKU-00012","2","52.77","0.0024"
"2884","2884","SKU-00029","1","52.96","0.0002"
"2885","2885","SKU-00046","4","53.15","0.0005"
"2886","2886","SKU-00063","3","53.34","0.0008"
"2887","2887","SKU-00080","2","53.53","0.0011"
"2888","2888","SKU-00097","1","53.72","0.0014"
"2889","2889","SKU-00114","4","53.91","0.0017"
"2890","2890","SKU-00131","3","54.10","0.0020"
"2891","2891","SKU-00148","2","54.29","0.0023"
"2892","2892","SKU-00165","1","54.48","0.0001"
"2893","2893","SKU-00182","4","54.67","0.0004"
"2894","2894","SKU-00199","3","54.86","0.0007"
"2895","2895","SKU-00216","2","55.05","0.0010"
"2896","2896","SKU-00233","1","55.24","0.0013"
"2897","2897","SKU-00250","4","55.43","0.0016"
"2898","2898","SKU-00267","3","55.62","0.0019"
"2899","2899","SKU-00284","2","55.81","0.0022"
"2900","2900","SKU-00301","1","56.00","0.0000"
"2901","2901","SKU-00318","4","56.19","0.0003"
"2902","2902","SKU-00335","3","56.38","0.0006"
"2903","2903","SKU-00352","2","56.57","0.0009"
"2904","2904","SKU-00369","1","56.76","0.0012"
"2905","2905","SKU-00386","4","56.95","0.0015"
"2906","2906","SKU-00403","3","57.14","0.0018"
"2907","2907","SKU-00420","2","57.33","0.0021"
"2908","2908","SKU-00437","1","57.52","0.0024"
"2909","2909","SKU-00454","4","57.71","0.0002"
"2910","2910","SKU-00471","3","57.90","0.0005"
"2911","2911","SKU-00488","2","58.09","0.0008"
"2912","2912","SKU-00505","1","58.28","0.0011"
"2913","2913","SKU-00522","4","58.47","0.0014"
"2914","2914","SKU-00539","3","58.66","0.0017"
"2915","2915","SKU-00556","2","58.85","0.0020"
"2916","2916","SKU-00573","1","59.04","0.0023"
"2917","2917","SKU-00590","4","59.23","0.0001"
"2918","2918","SKU-00607","3","59.42","0.0004"
"2919","2919","SKU-00624","2","59.61","0.0007"
"2920","2920","SKU-00641","1","59.80","0.0010"
"2921","2921","SKU-00658","4","59.99","0.0013"
"2922","2922","SKU-00675","3","60.18","0.0016"
"2923","2923","SKU-00692","2","60.37","0.0019"
"2924","2924","SKU-00709","1","60.56","0.0022"
"2925","2925","SKU-00726","4","60.75","0.0000"
"2926","2926","SKU-00743","3","60.94","0.0003"
"2927","2927","SKU-00760","2","61.13","0.0006"
"2928","2928","SKU-00777","1","61.32","0.0009"
"2929","2929","SKU-00794","4","61.51","0.0012"
"2930","2930","SKU-00811","3","61.70","0.0015"
"2931","2931","SKU-00828","2","61.89","0.0018"
"2932","2932","SKU-00845","1","62.08","0.0021"
"2933","2933","SKU-00862","4","62.27","0.0024"
"2934","2934","SKU-00879","3","62.46","0.0002"
"2935","2935","SKU-00896","2","62.65","0.0005"
"2936","2936","SKU-00913","1","62.84","0.0008"
"2937","2937","SKU-00930","4","63.03","0.0011"
"2938","2938","SKU-00947","3","63.22","0.0014"
"2939","2939","SKU-00964","2","63.41","0.0017"
"2940","2940","SKU-00981","1","63.60","0.0020"
"2941","2941","SKU-00998","4","63.79","0.0023"
"2942","2942","SKU-00015","3","63.98","0.0001"
"2943","2943","SKU-00032","2","64.17","0.0004"
"2944","2944","SKU-00049","1","64.36","0.0007"
"2945","2945","SKU-00066","4","64.55","0.0010"
"2946","2946","SKU-00083","3","64.74","0.0013"
"2947","2947","SKU-00100","2","64.93","0.0016"
"2948","2948","SKU-00117","1","65.12","0.0019"
"2949","2949","SKU-00134","4","65.31","0.0022"
"2950","2950","SKU-00151","3","65.50","0.0000"
"2951","2951","SKU-00168","2","65.69","0.0003"
"2952","2952","SKU-00185","1","65.88","0.0006"
"2953","2953","SKU-00202","4","66.07","0.0009"
"2954","2954","SKU-00219","3","66.26","0.0012"
"2955","2955","SKU-00236","2","66.45","0.0015"
"2956","2956","SKU-00253","1","66.64","0.0018"
"2957","2957","SKU-00270","4","66.83","0.0021"
"2958","2958","SKU-00287","3","67.02","0.0024"
"2959","2959","SKU-00304","2","67.21","0.0002"
"2960","2960","SKU-00321","1","67.40","0.0005"
"2961","2961","SKU-00338","4","67.59","0.0008"
"2962","2962","SKU-00355","3","67.78","0.0011"
"2963","2963","SKU-00372","2","67.97","0.0014"
"2964","2964","SKU-00389","1","68.16","0.0017"
"2965","2965","SKU-00406","4","68.35","0.0020"
"2966","2966","SKU-00423","3","68.54","0.0023"
"2967","2967","SKU-00440","2","68.73","0.0001"
"2968","2968","SKU-00457","1","68.92","0.0004"
"2969","2969","SKU-00474","4","69.11","0.0007"
"2970","2970","SKU-00491","3","69.30","0.0010"
"2971","2971","SKU-00508","2","69.49","0.0013"
"2972","2972","SKU-00525","1","69.68","0.0016"
"2973","2973","SKU-00542","4","69.87","0.0019"
"2974","2974","SKU-00559","3","70.06","0.0022"
"2975","2975","SKU-00576","2","70.25","0.0000"
"2976","2976","SKU-00593","1","70.44","0.0003"
"2977","2977","SKU-00610","4","70.63","0.0006"
"2978","2978","SKU-00627","3","70.82","0.0009"
"2979","2979","SKU-00644","2","71.01","0.0012"
"2980","2980","SKU-00661","1","71.20","0.0015"
"2981","2981","SKU-00678","4","71.39","0.0018"
"2982","2982","SKU-00695","3","71.58","0.0021"
"2983","2983","SKU-00712","2","71.77","0.0024"
"2984","2984","SKU-00729","1","71.96","0.0002"
"2985","2985","SKU-00746","4","72.15","0.0005"
"2986","2986","SKU-00763","3","72.34","0.0008"
"2987","2987","SKU-00780","2","72.53","0.0011"
"2988","2988","SKU-00797","1","72.72","0.0014"
"2989","2989","SKU-00814","4","72.91","0.0017"
"2990","2990","SKU-00831","3","73.10","0.0020"
"2991","2991","SKU-00848","2","73.29","0.0023"
"2992","2992","SKU-00865","1","73.48","0.0001"
"2993","2993","SKU-00882","4","73.67","0.0004"
"2994","2994","SKU-00899","3","73.86","0.0007"
"2995","2995","SKU-00916","2","74.05","0.0010"
"2996","2996","SKU-00933","1","74.24","0.0013"
"2997","2997","SKU-00950","4","74.43","0.0016"
"2998","2998","SKU-00967","3","74.62","0.0019"
"2999","2999","SKU-00984","2","74.81","0.0022"
"3000","3000","SKU-00001","1","75.00","0.0000"
"3001","3001","SKU-00018","4","75.19","0.0003"
"3002","3002","SKU-00035","3","75.38","0.0006"
"3003","3003","SKU-00052","2","75.57","0.0009"
"3004","3004","SKU-00069","1","75.76","0.0012"
"3005","3005","SKU-00086","4","75.95","0.0015"
"3006","3006","SKU-00103","3","76.14","0.0018"
"3007","3007","SKU-00120","2","76.33","0.0021"
"3008","3008","SKU-00137","1","76.52","0.0024"
"3009","3009","SKU-00154","4","76.71","0.0002"
"3010","3010","SKU-00171","3","76.90","0.0005"
"3011","3011","SKU-00188","2","77.09","0.0008"
"3012","3012","SKU-00205","1","77.28","0.0011"
"3013","3013","SKU-00222","4","77.47","0.0014"
"3014","3014","SKU-00239","3","77.66","0.0017"
"3015","3015","SKU-00256","2","77.85","0.0020"
"3016","3016","SKU-00273","1","78.04","0.0023"
"3017","3017","SKU-00290","4","78.23","0.0001"
"3018","3018","SKU-00307","3","78.42","0.0004"
"3019","3019","SKU-00324","2","78.61","0.0007"
"3020","3020","SKU-00341","1","78.80","0.0010"
"3021","3021","SKU-00358","4","78.99","0.0013"
"3022","3022","SKU-00375","3","79.18","0.0016"
"3023","3023","SKU-00392","2","79.37","0.0019"
"3024","3024","SKU-00409","1","79.56","0.0022"
"3025","3025","SKU-00426","4","79.75","0.0000"
"3026","3026","SKU-00443","3","79.94","0.0003"
"3027","3027","SKU-00460","2","80.13","0.0006"
"3028","3028","SKU-00477","1","80.32","0.0009"
"3029","3029","SKU-00494","4","80.51","0.0012"
"3030","3030","SKU-00511","3","80.70","0.0015"
"3031","3031","SKU-00528","2","80.89","0.0018"
"3032","3032","SKU-00545","1","81.08","0.0021"
"3033","3033","SKU-00562","4","81.27","0.0024"
"3034","3034","SKU-00579","3","81.46","0.0002"
"3035","3035","SKU-00596","2","81.65","0.0005"
"3036","3036","SKU-00613","1","81.84","0.0008"
"3037","3037","SKU-00630","4","82.03","0.0011"
"3038","3038","SKU-00647","3","82.22","0.0014"
"3039","3039","SKU-00664","2","82.41","0.0017"
"3040","3040","SKU-00681","1","82.60","0.0020"
"3041","3041","SKU-00698","4","82.79","0.0023"
"3042","3042","SKU-00715","3","82.98","0.0001"
"3043","3043","SKU-00732","2","83.17","0.0004"
"3044","3044","SKU-00749","1","83.36","0.0007"
"3045","3045","SKU-00766","4","83.55","0.0010"
"3046","3046","SKU-00783","3","83.74","0.0013"
"3047","3047","SKU-00800","2","83.93","0.0016"
"3048","3048","SKU-00817","1","84.12","0.0019"
"3049","3049","SKU-00834","4","84.31","0.0022"
"3050","3050","SKU-00851","3","84.50","0.0000"
"3051","3051","SKU-00868","2","84.69","0.0003"
"3052","3052","SKU-00885","1","84.88","0.0006"
"3053","3053","SKU-00902","4","85.07","0.0009"
"3054","3054","SKU-00919","3","85.26","0.0012"
"3055","3055","SKU-00936","2","85.45","0.0015"
"3056","3056","SKU-00953","1","85.64","0.0018"
"3057","3057","SKU-00970","4","85.83","0.0021"
"3058","3058","SKU-00987","3","86.02","0.0024"
"3059","3059","SKU-00004","2","86.21","0.0002"
"3060","3060","SKU-00021","1","86.40","0.0005"
"3061","3061","SKU-00038","4","86.59","0.0008"
"3062","3062","SKU-00055","3","86.78","0.0011"
"3063","3063","SKU-00072","2","86.97","0.0014"
"3064","3064","SKU-00089","1","87.16","0.0017"
"3065","3065","SKU-00106","4","87.35","0.0020"
"3066","3066","SKU-00123","3","87.54","0.0023"
"3067","3067","SKU-00140","2","87.73","0.0001"
"3068","3068","SKU-00157","1","87.92","0.0004"
"3069","3069","SKU-00174","4","88.11","0.0007"
"3070","3070","SKU-00191","3","88.30","0.0010"
"3071","3071","SKU-00208","2","88.49","0.0013"
"3072","3072","SKU-00225","1","88.68","0.0016"
"3073","3073","SKU-00242","4","88.87","0.0019"
"3074","3074","SKU-00259","3","89.06","0.0022"
"3075","3075","SKU-00276","2","89.25","0.0000"
"3076","3076","SKU-00293","1","89.44","0.0003"
"3077","3077","SKU-00310","4","89.63","0.0006"
"3078","3078","SKU-00327","3","89.82","0.0009"
"3079","3079","SKU-00344","2","90.01","0.0012"
"3080","3080","SKU-00361","1","90.20","0.0015"
"3081","3081","SKU-00378","4","90.39","0.0018"
"3082","3082","SKU-00395","3","90.58","0.0021"
"3083","3083","SKU-00412","2","90.77","0.0024"
"3084","3084","SKU-00429","1","90.96","0.0002"
"3085","3085","SKU-00446","4","91.15","0.0005"
"3086","3086","SKU-00463","3","91.34","0.0008"
"3087","3087","SKU-00480","2","91.53","0.0011"
"3088","3088","SKU-00497","1","91.72","0.0014"
"3089","3089","SKU-00514","4","91.91","0.0017"
"3090","3090","SKU-00531","3","92.10","0.0020"
"3091","3091","SKU-00548","2","92.29","0.0023"
"3092","3092","SKU-00565","1","92.48","0.0001"
"3093","3093","SKU-00582","4","92.67","0.0004"
"3094","3094","SKU-00599","3","92.86","0.0007"
"3095","3095","SKU-00616","2","93.05","0.0010"
"3096","3096","SKU-00633","1","93.24","0.0013"
"3097","3097","SKU-00650","4","93.43","0.0016"
"3098","3098","SKU-00667","3","93.62","0.0019"
"3099","3099","SKU-00684","2","93.81","0.0022"
"3100","3100","SKU-00701","1","94.00","0.0000"
"3101","3101","SKU-00718","4","94.19","0.0003"
"3102","3102","SKU-00735","3","94.38","0.0006"
"3103","3103","SKU-00752","2","94.57","0.0009"
"3104","3104","SKU-00769","1","94.76","0.0012"
"3105","3105","SKU-00786","4","94.95","0.0015"
"3106","3106","SKU-00803","3","95.14","0.0018"
"3107","3107","SKU-00820","2","95.33","0.0021"
"3108","3108","SKU-00837","1","95.52","0.0024"
"3109","3109","SKU-00854","4","95.71","0.0002"
"3110","3110","SKU-00871","3","95.90","0.0005"
"3111","3111","SKU-00888","2","96.09","0.0008"
"3112","3112","SKU-00905","1","96.28","0.0011"
"3113","3113","SKU-00922","4","96.47","0.0014"
"3114","3114","SKU-00939","3","96.66","0.0017"
"3115","3115","SKU-00956","2","96.85","0.0020"
"3116","3116","SKU-00973","1","97.04","0.0023"
"3117","3117","SKU-00990","4","97.23","0.0001"
"3118","3118","SKU-00007","3","97.42","0.0004"
"3119","3119","SKU-00024","2","97.61","0.0007"
"3120","3120","SKU-00041","1","97.80","0.0010"
"3121","3121","SKU-00058","4","97.99","0.0013"
"3122","3122","SKU-00075","3","98.18","0.0016"
"3123","3123","SKU-00092","2","98.37","0.0019"
"3124","3124","SKU-00109","1","98.56","0.0022"
"3125","3125","SKU-00126","4","98.75","0.0000"
"3126","3126","SKU-00143","3","98.94","0.0003"
"3127","3127","SKU-00160","2","99.13","0.0006"
"3128","3128","SKU-00177","1","99.32","0.0009"
"3129","3129","SKU-00194","4","99.51","0.0012"
"3130","3130","SKU-00211","3","99.70","0.0015"
"3131","3131","SKU-00228","2","99.89","0.0018"
"3132","3132","SKU-00245","1","100.08","0.0021"
"3133","3133","SKU-00262","4","100.27","0.0024"
"3134","3134","SKU-00279","3","100.46","0.0002"
"3135","3135","SKU-00296","2","100.65","0.0005"
"3136","3136","SKU-00313","1","100.84","0.0008"
"3137","3137","SKU-00330","4","101.03","0.0011"
"3138","3138","SKU-00347","3","101.22","0.0014"
"3139","3139","SKU-00364","2","101.41","0.0017"
"3140","3140","SKU-00381","1","101.60","0.0020"
"3141","3141","SKU-00398","4","101.79","0.0023"
"3142","3142","SKU-00415","3","101.98","0.0001"
"3143","3143","SKU-00432","2","102.17","0.0004"
"3144","3144","SKU-00449","1","102.36","0.0007"
"3145","3145","SKU-00466","4","102.55","0.0010"
"3146","3146","SKU-00483","3","102.74","0.0013"
"3147","3147","SKU-00500","2","102.93","0.0016"
"3148","3148","SKU-00517","1","103.12","0.0019"
"3149","3149","SKU-00534","4","103.31","0.0022"
"3150","3150","SKU-00551","3","103.50","0.0000"
"3151","3151","SKU-00568","2","103.69","0.0003"
"3152","3152","SKU-00585","1","103.88","0.0006"
"3153","3153","SKU-00602","4","104.07","0.0009"
"3154","3154","SKU-00619","3","104.26","0.0012"
"3155","3155","SKU-00636","2","104.45","0.0015"
"3156","3156","SKU-00653","1","104.64","0.0018"
"3157","3157","SKU-00670","4","104.83","0.0021"
"3158","3158","SKU-00687","3","105.02","0.0024"
"3159","3159","SKU-00704","2","105.21","0.0002"
"3160","3160","SKU-00721","1","105.40","0.0005"
"3161","3161","SKU-00738","4","105.59","0.0008"
"3162","3162","SKU-00755","3","105.78","0.0011"
"3163","3163","SKU-00772","2","105.97","0.0014"
"3164","3164","SKU-00789","1","106.16","0.0017"
"3165","3165","SKU-00806","4","106.35","0.0020"
"3166","3166","SKU-00823","3","106.54","0.0023"
"3167","3167","SKU-00840","2","106.73","0.0001"
"3168","3168","SKU-00857","1","106.92","0.0004"
"3169","3169","SKU-00874","4","107.11","0.0007"
"3170","3170","SKU-00891","3","107.30","0.0010"
"3171","3171","SKU-00908","2","107.49","0.0013"
"3172","3172","SKU-00925","1","107.68","0.0016"
"3173","3173","SKU-00942","4","107.87","0.0019"
"3174","3174","SKU-00959","3","108.06","0.0022"
"3175","3175","SKU-00976","2","108.25","0.0000"
"3176","3176","SKU-00993","1","108.44","0.0003"
"3177","3177","SKU-00010","4","108.63","0.0006"
"3178","3178","SKU-00027","3","108.82","0.0009"
"3179","3179","SKU-00044","2","109.01","0.0012"
"3180","3180","SKU-00061","1","109.20","0.0015"
"3181","3181","SKU-00078","4","109.39","0.0018"
"3182","3182","SKU-00095","3","109.58","0.0021"
"3183","3183","SKU-00112","2","109.77","0.0024"
"3184","3184","SKU-00129","1","109.96","0.0002"
"3185","3185","SKU-00146","4","110.15","0.0005"
"3186","3186","SKU-00163","3","110.34","0.0008"
"3187","3187","SKU-00180","2","110.53","0.0011"
"3188","3188","SKU-00197","1","110.72","0.0014"
"3189","3189","SKU-00214","4","110.91","0.0017"
"3190","3190","SKU-00231","3","111.10","0.0020"
"3191","3191","SKU-00248","2","111.29","0.0023"
"3192","3192","SKU-00265","1","111.48","0.0001"
"3193","3193","SKU-00282","4","111.67","0.0004"
"3194","3194","SKU-00299","3","111.86","0.0007"
"3195","3195","SKU-00316","2","112.05","0.0010"
"3196","3196","SKU-00333","1","112.24","0.0013"
"3197","3197","SKU-00350","4","112.43","0.0016"
"3198","3198","SKU-00367","3","112.62","0.0019"
"3199","3199","SKU-00384","2","112.81","0.0022"
"3200","3200","SKU-00401","1","113.00","0.0000"
"3201","3201","SKU-00418","4","113.19","0.0003"
"3202","3202","SKU-00435","3","113.38","0.0006"
"3203","3203","SKU-00452","2","113.57","0.0009"
"3204","3204","SKU-00469","1","113.76","0.0012"
"3205","3205","SKU-00486","4","113.95","0.0015"
"3206","3206","SKU-00503","3","114.14","0.0018"
"3207","3207","SKU-00520","2","114.33","0.0021"
"3208","3208","SKU-00537","1","114.52","0.0024"
"3209","3209","SKU-00554","4","114.71","0.0002"
"3210","3210","SKU-00571","3","114.90","0.0005"
"3211","3211","SKU-00588","2","115.09","0.0008"
"3212","3212","SKU-00605","1","115.28","0.0011"
"3213","3213","SKU-00622","4","115.47","0.0014"
"3214","3214","SKU-00639","3","115.66","0.0017"
"3215","3215","SKU-00656","2","115.85","0.0020"
"3216","3216","SKU-00673","1","116.04","0.0023"
"3217","3217","SKU-00690","4","116.23","0.0001"
"3218","3218","SKU-00707","3","116.42","0.0004"
"3219","3219","SKU-00724","2","116.61","0.0007"
"3220","3220","SKU-00741","1","116.80","0.0010"
"3221","3221","SKU-00758","4","116.99","0.0013"
"3222","3222","SKU-00775","3","117.18","0.0016"
"3223","3223","SKU-00792","2","117.37","0.0019"
"3224","3224","SKU-00809","1","117.56","0.0022"
"3225","3225","SKU-00826","4","117.75","0.0000"
"3226","3226","SKU-00843","3","117.94","0.0003"
"3227","3227","SKU-00860","2","118.13","0.0006"
"3228","3228","SKU-00877","1","118.32","0.0009"
"3229","3229","SKU-00894","4","118.51","0.0012"
"3230","3230","SKU-00911","3","118.70","0.0015"
"3231","3231","SKU-00928","2","118.89","0.0018"
"3232","3232","SKU-00945","1","119.08","0.0021"
"3233","3233","SKU-00962","4","119.27","0.0024"
"3234","3234","SKU-00979","3","119.46","0.0002"
"3235","3235","SKU-00996","2","119.65","0.0005"
"3236","3236","SKU-00013","1","119.84","0.0008"
"3237","3237","SKU-00030","4","120.03","0.0011"
"3238","3238","SKU-00047","3","120.22","0.0014"
"3239","3239","SKU-00064","2","120.41","0.0017"
"3240","3240","SKU-00081","1","120.60","0.0020"
"3241","3241","SKU-00098","4","120.79","0.0023"
"3242","3242","SKU-00115","3","120.98","0.0001"
"3243","3243","SKU-00132","2","121.17","0.0004"
"3244","3244","SKU-00149","1","121.36","0.0007"
"3245","3245","SKU-00166","4","121.55","0.0010"
"3246","3246","SKU-00183","3","121.74","0.0013"
"3247","3247","SKU-00200","2","121.93","0.0016"
"3248","3248","SKU-00217","1","122.12","0.0019"
"3249","3249","SKU-00234","4","122.31","0.0022"
"3250","3250","SKU-00251","3","122.50","0.0000"
"3251","3251","SKU-00268","2","122.69","0.0003"
"3252","3252","SKU-00285","1","122.88","0.0006"
"3253","3253","SKU-00302","4","123.07","0.0009"
"3254","3254","SKU-00319","3","123.26","0.0012"
"3255","3255","SKU-00336","2","123.45","0.0015"
"3256","3256","SKU-00353","1","123.64","0.0018"
"3257","3257","SKU-00370","4","123.83","0.0021"
"3258","3258","SKU-00387","3","124.02","0.0024"
"3259","3259","SKU-00404","2","124.21","0.0002"
"3260","3260","SKU-00421","1","124.40","0.0005"
"3261","3261","SKU-00438","4","124.59","0.0008"
"3262","3262","SKU-00455","3","124.78","0.0011"
"3263","3263","SKU-00472","2","124.97","0.0014"
"3264","3264","SKU-00489","1","125.16","0.0017"
"3265","3265","SKU-00506","4","125.35","0.0020"
"3266","3266","SKU-00523","3","125.54","0.0023"
"3267","3267","SKU-00540","2","125.73","0.0001"
"3268","3268","SKU-00557","1","125.92","0.0004"
"3269","3269","SKU-00574","4","126.11","0.0007"
"3270","3270","SKU-00591","3","126.30","0.0010"
"3271","3271","SKU-00608","2","126.49","0.0013"
"3272","3272","SKU-00625","1","126.68","0.0016"
"3273","3273","SKU-00642","4","126.87","0.0019"
"3274","3274","SKU-00659","3","127.06","0.0022"
"3275","3275","SKU-00676","2","127.25","0.0000"
"3276","3276","SKU-00693","1","127.44","0.0003"
"3277","3277","SKU-00710","4","127.63","0.0006"
"3278","3278","SKU-00727","3","127.82","0.0009"
"3279","3279","SKU-00744","2","128.01","0.0012"
"3280","3280","SKU-00761","1","128.20","0.0015"
"3281","3281","SKU-00778","4","128.39","0.0018"
"3282","3282","SKU-00795","3","128.58","0.0021"
"3283","3283","SKU-00812","2","128.77","0.0024"
"3284","3284","SKU-00829","1","128.96","0.0002"
"3285","3285","SKU-00846","4","129.15","0.0005"
"3286","3286","SKU-00863","3","129.34","0.0008"
"3287","3287","SKU-00880","2","129.53","0.0011"
"3288","3288","SKU-00897","1","129.72","0.0014"
"3289","3289","SKU-00914","4","129.91","0.0017"
"3290","3290","SKU-00931","3","130.10","0.0020"
"3291","3291","SKU-00948","2","130.29","0.0023"
"3292","3292","SKU-00965","1","130.48","0.0001"
"3293","3293","SKU-00982","4","130.67","0.0004"
"3294","3294","SKU-00999","3","130.86","0.0007"
"3295","3295","SKU-00016","2","131.05","0.0010"
"3296","3296","SKU-00033","1","131.24","0.0013"
"3297","3297","SKU-00050","4","131.43","0.0016"
"3298","3298","SKU-00067","3","131.62","0.0019"
"3299","3299","SKU-00084","2","131.81","0.0022"
"3300","3300","SKU-00101","1","132.00","0.0000"
"3301","3301","SKU-00118","4","132.19","0.0003"
"3302","3302","SKU-00135","3","132.38","0.0006"
"3303","3303","SKU-00152","2","132.57","0.0009"
"3304","3304","SKU-00169","1","132.76","0.0012"
"3305","3305","SKU-00186","4","132.95","0.0015"
"3306","3306","SKU-00203","3","133.14","0.0018"
"3307","3307","SKU-00220","2","133.33","0.0021"
"3308","3308","SKU-00237","1","133.52","0.0024"
"3309","3309","SKU-00254","4","133.71","0.0002"
"3310","3310","SKU-00271","3","133.90","0.0005"
"3311","3311","SKU-00288","2","134.09","0.0008"
"3312","3312","SKU-00305","1","134.28","0.0011"
"3313","3313","SKU-00322","4","134.47","0.0014"
"3314","3314","SKU-00339","3","134.66","0.0017"
"3315","3315","SKU-00356","2","134.85","0.0020"
"3316","3316","SKU-00373","1","135.04","0.0023"
"3317","3317","SKU-00390","4","135.23","0.0001"
"3318","3318","SKU-00407","3","135.42","0.0004"
"3319","3319","SKU-00424","2","135.61","0.0007"
"3320","3320","SKU-00441","1","135.80","0.0010"
"3321","3321","SKU-00458","4","135.99","0.0013"
"3322","3322","SKU-00475","3","136.18","0.0016"
"3323","3323","SKU-00492","2","136.37","0.0019"
"3324","3324","SKU-00509","1","136.56","0.0022"
"3325","3325","SKU-00526","4","136.75","0.0000"
"3326","3326","SKU-00543","3","136.94","0.0003"
"3327","3327","SKU-00560","2","137.13","0.0006"
"3328","3328","SKU-00577","1","137.32","0.0009"
"3329","3329","SKU-00594","4","137.51","0.0012"
"3330","3330","SKU-00611","3","137.70","0.0015"
"3331","3331","SKU-00628","2","137.89","0.0018"
"3332","3332","SKU-00645","1","138.08","0.0021"
"3333","3333","SKU-00662","4","138.27","0.0024"
"3334","3334","SKU-00679","3","138.46","0.0002"
"3335","3335","SKU-00696","2","138.65","0.0005"
"3336","3336","SKU-00713","1","138.84","0.0008"
"3337","3337","SKU-00730","4","139.03","0.0011"
"3338","3338","SKU-00747","3","139.22","0.0014"
"3339","3339","SKU-00764","2","139.41","0.0017"
"3340","3340","SKU-00781","1","139.60","0.0020"
"3341","3341","SKU-00798","4","139.79","0.0023"
"3342","3342","SKU-00815","3","139.98","0.0001"
"3343","3343","SKU-00832","2","140.17","0.0004"
"3344","3344","SKU-00849","1","140.36","0.0007"
"3345","3345","SKU-00866","4","140.55","0.0010"
"3346","3346","SKU-00883","3","140.74","0.0013"
"3347","3347","SKU-00900","2","140.93","0.0016"
"3348","3348","SKU-00917","1","141.12","0.0019"
"3349","3349","SKU-00934","4","141.31","0.0022"
"3350","3350","SKU-00951","3","141.50","0.0000"
"3351","3351","SKU-00968","2","141.69","0.0003"
"3352","3352","SKU-00985","1","141.88","0.0006"
"3353","3353","SKU-00002","4","142.07","0.0009"
"3354","3354","SKU-00019","3","142.26","0.0012"
"3355","3355","SKU-00036","2","142.45","0.0015"
"3356","3356","SKU-00053","1","142.64","0.0018"
"3357","3357","SKU-00070","4","142.83","0.0021"
"3358","3358","SKU-00087","3","143.02","0.0024"
"3359","3359","SKU-00104","2","143.21","0.0002"
"3360","3360","SKU-00121","1","143.40","0.0005"
"3361","3361","SKU-00138","4","143.59","0.0008"
"3362","3362","SKU-00155","3","143.78","0.0011"
"3363","3363","SKU-00172","2","143.97","0.0014"
"3364","3364","SKU-00189","1","144.16","0.0017"
"3365","3365","SKU-00206","4","144.35","0.0020"
"3366","3366","SKU-00223","3","144.54","0.0023"
"3367","3367","SKU-00240","2","144.73","0.0001"
"3368","3368","SKU-00257","1","144.92","0.0004"
"3369","3369","SKU-00274","4","145.11","0.0007"
"3370","3370","SKU-00291","3","145.30","0.0010"
"3371","3371","SKU-00308","2","145.49","0.0013"
"3372","3372","SKU-00325","1","145.68","0.0016"
"3373","3373","SKU-00342","4","145.87","0.0019"
"3374","3374","SKU-00359","3","146.06","0.0022"
"3375","3375","SKU-00376","2","146.25","0.0000"
"3376","3376","SKU-00393","1","146.44","0.0003"
"3377","3377","SKU-00410","4","146.63","0.0006"
"3378","3378","SKU-00427","3","146.82","0.0009"
"3379","3379","SKU-00444","2","147.01","0.0012"
"3380","3380","SKU-00461","1","147.20","0.0015"
"3381","3381","SKU-00478","4","147.39","0.0018"
"3382","3382","SKU-00495","3","147.58","0.0021"
"3383","3383","SKU-00512","2","147.77","0.0024"
"3384","3384","SKU-00529","1","147.96","0.0002"
"3385","3385","SKU-00546","4","148.15","0.0005"
"3386","3386","SKU-00563","3","148.34","0.0008"
"3387","3387","SKU-00580","2","148.53","0.0011"
"3388","3388","SKU-00597","1","148.72","0.0014"
"3389","3389","SKU-00614","4","148.91","0.0017"
"3390","3390","SKU-00631","3","149.10","0.0020"
"3391","3391","SKU-00648","2","149.29","0.0023"
"3392","3392","SKU-00665","1","149.48","0.0001"
"3393","3393","SKU-00682","4","149.67","0.0004"
"3394","3394","SKU-00699","3","149.86","0.0007"
"3395","3395","SKU-00716","2","150.05","0.0010"
"3396","3396","SKU-00733","1","150.24","0.0013"
"3397","3397","SKU-00750","4","150.43","0.0016"
"3398","3398","SKU-00767","3","150.62","0.0019"
"3399","3399","SKU-00784","2","150.81","0.0022"
"3400","3400","SKU-00801","1","151.00","0.0000"
"3401","3401","SKU-00818","4","151.19","0.0003"
"3402","3402","SKU-00835","3","151.38","0.0006"
"3403","3403","SKU-00852","2","151.57","0.0009"
"3404","3404","SKU-00869","1","151.76","0.0012"
"3405","3405","SKU-00886","4","151.95","0.0015"
"3406","3406","SKU-00903","3","152.14","0.0018"
"3407","3407","SKU-00920","2","152.33","0.0021"
"3408","3408","SKU-00937","1","152.52","0.0024"
"3409","3409","SKU-00954","4","152.71","0.0002"
"3410","3410","SKU-00971","3","152.90","0.0005"
"3411","3411","SKU-00988","2","153.09","0.0008"
"3412","3412","SKU-00005","1","153.28","0.0011"
"3413","3413","SKU-00022","4","153.47","0.0014"
"3414","3414","SKU-00039","3","153.66","0.0017"
"3415","3415","SKU-00056","2","153.85","0.0020"
"3416","3416","SKU-00073","1","154.04","0.0023"
"3417","3417","SKU-00090","4","154.23","0.0001"
"3418","3418","SKU-00107","3","154.42","0.0004"
"3419","3419","SKU-00124","2","154.61","0.0007"
"3420","3420","SKU-00141","1","154.80","0.0010"
"3421","3421","SKU-00158","4","154.99","0.0013"
"3422","3422","SKU-00175","3","155.18","0.0016"
"3423","3423","SKU-00192","2","155.37","0.0019"
"3424","3424","SKU-00209","1","155.56","0.0022"
"3425","3425","SKU-00226","4","155.75","0.0000"
"3426","3426","SKU-00243","3","155.94","0.0003"
"3427","3427","SKU-00260","2","156.13","0.0006"
"3428","3428","SKU-00277","1","156.32","0.0009"
"3429","3429","SKU-00294","4","156.51","0.0012"
"3430","3430","SKU-00311","3","156.70","0.0015"
"3431","3431","SKU-00328","2","156.89","0.0018"
"3432","3432","SKU-00345","1","157.08","0.0021"
"3433","3433","SKU-00362","4","157.27","0.0024"
"3434","3434","SKU-00379","3","157.46","0.0002"
"3435","3435","SKU-00396","2","157.65","0.0005"
"3436","3436","SKU-00413","1","157.84","0.0008"
"3437","3437","SKU-00430","4","158.03","0.0011"
"3438","3438","SKU-00447","3","158.22","0.0014"
"3439","3439","SKU-00464","2","158.41","0.0017"
"3440","3440","SKU-00481","1","158.60","0.0020"
"3441","3441","SKU-00498","4","158.79","0.0023"
"3442","3442","SKU-00515","3","158.98","0.0001"
"3443","3443","SKU-00532","2","159.17","0.0004"
"3444","3444","SKU-00549","1","159.36","0.0007"
"3445","3445","SKU-00566","4","159.55","0.0010"
"3446","3446","SKU-00583","3","159.74","0.0013"
"3447","3447","SKU-00600","2","159.93","0.0016"
"3448","3448","SKU-00617","1","160.12","0.0019"
"3449","3449","SKU-00634","4","160.31","0.0022"
"3450","3450","SKU-00651","3","160.50","0.0000"
"3451","3451","SKU-00668","2","160.69","0.0003"
"3452","3452","SKU-00685","1","160.88","0.0006"
"3453","3453","SKU-00702","4","161.07","0.0009"
"3454","3454","SKU-00719","3","161.26","0.0012"
"3455","3455","SKU-00736","2","161.45","0.0015"
"3456","3456","SKU-00753","1","161.64","0.0018"
"3457","3457","SKU-00770","4","161.83","0.0021"
"3458","3458","SKU-00787","3","162.02","0.0024"
"3459","3459","SKU-00804","2","162.21","0.0002"
"3460","3460","SKU-00821","1","162.40","0.0005"
"3461","3461","SKU-00838","4","162.59","0.0008"
"3462","3462","SKU-00855","3","162.78","0.0011"
"3463","3463","SKU-00872","2","162.97","0.0014"
"3464","3464","SKU-00889","1","163.16","0.0017"
"3465","3465","SKU-00906","4","163.35","0.0020"
"3466","3466","SKU-00923","3","163.54","0.0023"
"3467","3467","SKU-00940","2","163.73","0.0001"
"3468","3468","SKU-00957","1","163.92","0.0004"
"3469","3469","SKU-00974","4","164.11","0.0007"
"3470","3470","SKU-00991","3","164.30","0.0010"
"3471","3471","SKU-00008","2","164.49","0.0013"
"3472","3472","SKU-00025","1","164.68","0.0016"
"3473","3473","SKU-00042","4","164.87","0.0019"
"3474","3474","SKU-00059","3","165.06","0.0022"
"3475","3475","SKU-00076","2","165.25","0.0000"
"3476","3476","SKU-00093","1","165.44","0.0003"
"3477","3477","SKU-00110","4","165.63","0.0006"
"3478","3478","SKU-00127","3","165.82","0.0009"
"3479","3479","SKU-00144","2","166.01","0.0012"
"3480","3480","SKU-00161","1","166.20","0.0015"
"3481","3481","SKU-00178","4","166.39","0.0018"
"3482","3482","SKU-00195","3","166.58","0.0021"
"3483","3483","SKU-00212","2","166.77","0.0024"
"3484","3484","SKU-00229","1","166.96","0.0002"
"3485","3485","SKU-00246","4","167.15","0.0005"
"3486","3486","SKU-00263","3","167.34","0.0008"
"3487","3487","SKU-00280","2","167.53","0.0011"
"3488","3488","SKU-00297","1","167.72","0.0014"
"3489","3489","SKU-00314","4","167.91","0.0017"
"3490","3490","SKU-00331","3","168.10","0.0020"
"3491","3491","SKU-00348","2","168.29","0.0023"
"3492","3492","SKU-00365","1","168.48","0.0001"
"3493","3493","SKU-00382","4","168.67","0.0004"
"3494","3494","SKU-00399","3","168.86","0.0007"
"3495","3495","SKU-00416","2","169.05","0.0010"
"3496","3496","SKU-00433","1","169.24","0.0013"
"3497","3497","SKU-00450","4","169.43","0.0016"
"3498","3498","SKU-00467","3","169.62","0.0019"
"3499","3499","SKU-00484","2","169.81","0.0022"
"3500","3500","SKU-00501","1","170.00","0.0000"
"3501","3501","SKU-00518","4","170.19","0.0003"
"3502","3502","SKU-00535","3","170.38","0.0006"
"3503","3503","SKU-00552","2","170.57","0.0009"
"3504","3504","SKU-00569","1","170.76","0.0012"
"3505","3505","SKU-00586","4","170.95","0.0015"
"3506","3506","SKU-00603","3","171.14","0.0018"
"3507","3507","SKU-00620","2","171.33","0.0021"
"3508","3508","SKU-00637","1","171.52","0.0024"
"3509","3509","SKU-00654","4","171.71","0.0002"
"3510","3510","SKU-00671","3","171.90","0.0005"
"3511","3511","SKU-00688","2","172.09","0.0008"
"3512","3512","SKU-00705","1","172.28","0.0011"
"3513","3513","SKU-00722","4","172.47","0.0014"
"3514","3514","SKU-00739","3","172.66","0.0017"
"3515","3515","SKU-00756","2","172.85","0.0020"
"3516","3516","SKU-00773","1","173.04","0.0023"
"3517","3517","SKU-00790","4","173.23","0.0001"
"3518","3518","SKU-00807","3","173.42","0.0004"
"3519","3519","SKU-00824","2","173.61","0.0007"
"3520","3520","SKU-00841","1","173.80","0.0010"
"3521","3521","SKU-00858","4","173.99","0.0013"
"3522","3522","SKU-00875","3","174.18","0.0016"
"3523","3523","SKU-00892","2","174.37","0.0019"
"3524","3524","SKU-00909","1","174.56","0.0022"
"3525","3525","SKU-00926","4","174.75","0.0000"
"3526","3526","SKU-00943","3","174.94","0.0003"
"3527","3527","SKU-00960","2","175.13","0.0006"
"3528","3528","SKU-00977","1","175.32","0.0009"
"3529","3529","SKU-00994","4","175.51","0.0012"
"3530","3530","SKU-00011","3","175.70","0.0015"
"3531","3531","SKU-00028","2","175.89","0.0018"
"3532","3532","SKU-00045","1","176.08","0.0021"
"3533","3533","SKU-00062","4","176.27","0.0024"
"3534","3534","SKU-00079","3","176.46","0.0002"
"3535","3535","SKU-00096","2","176.65","0.0005"
"3536","3536","SKU-00113","1","176.84","0.0008"
"3537","3537","SKU-00130","4","177.03","0.0011"
"3538","3538","SKU-00147","3","177.22","0.0014"
"3539","3539","SKU-00164","2","177.41","0.0017"
"3540","3540","SKU-00181","1","177.60","0.0020"
"3541","3541","SKU-00198","4","177.79","0.0023"
"3542","3542","SKU-00215","3","177.98","0.0001"
"3543","3543","SKU-00232","2","178.17","0.0004"
"3544","3544","SKU-00249","1","178.36","0.0007"
"3545","3545","SKU-00266","4","178.55","0.0010"
"3546","3546","SKU-00283","3","178.74","0.0013"
"3547","3547","SKU-00300","2","178.93","0.0016"
"3548","3548","SKU-00317","1","179.12","0.0019"
"3549","3549","SKU-00334","4","179.31","0.0022"
"3550","3550","SKU-00351","3","179.50","0.0000"
"3551","3551","SKU-00368","2","179.69","0.0003"
"3552","3552","SKU-00385","1","179.88","0.0006"
"3553","3553","SKU-00402","4","180.07","0.0009"
"3554","3554","SKU-00419","3","180.26","0.0012"
"3555","3555","SKU-00436","2","180.45","0.0015"
"3556","3556","SKU-00453","1","180.64","0.0018"
"3557","3557","SKU-00470","4","180.83","0.0021"
"3558","3558","SKU-00487","3","181.02","0.0024"
"3559","3559","SKU-00504","2","181.21","0.0002"
"3560","3560","SKU-00521","1","181.40","0.0005"
"3561","3561","SKU-00538","4","181.59","0.0008"
"3562","3562","SKU-00555","3","181.78","0.0011"
"3563","3563","SKU-00572","2","181.97","0.0014"
"3564","3564","SKU-00589","1","182.16","0.0017"
"3565","3565","SKU-00606","4","182.35","0.0020"
"3566","3566","SKU-00623","3","182.54","0.0023"
"3567","3567","SKU-00640","2","182.73","0.0001"
"3568","3568","SKU-00657","1","182.92","0.0004"
"3569","3569","SKU-00674","4","183.11","0.0007"
"3570","3570","SKU-00691","3","183.30","0.0010"
"3571","3571","SKU-00708","2","183.49","0.0013"
"3572","3572","SKU-00725","1","183.68","0.0016"
"3573","3573","SKU-00742","4","183.87","0.0019"
"3574","3574","SKU-00759","3","184.06","0.0022"
"3575","3575","SKU-00776","2","184.25","0.0000"
"3576","3576","SKU-00793","1","184.44","0.0003"
"3577","3577","SKU-00810","4","184.63","0.0006"
"3578","3578","SKU-00827","3","184.82","0.0009"
"3579","3579","SKU-00844","2","185.01","0.0012"
"3580","3580","SKU-00861","1","185.20","0.0015"
"3581","3581","SKU-00878","4","185.39","0.0018"
"3582","3582","SKU-00895","3","185.58","0.0021"
"3583","3583","SKU-00912","2","185.77","0.0024"
"3584","3584","SKU-00929","1","185.96","0.0002"
"3585","3585","SKU-00946","4","186.15","0.0005"
"3586","3586","SKU-00963","3","186.34","0.0008"
"3587","3587","SKU-00980","2","186.53","0.0011"
"3588","3588","SKU-00997","1","186.72","0.0014"
"3589","3589","SKU-00014","4","186.91","0.0017"
"3590","3590","SKU-00031","3","187.10","0.0020"
"3591","3591","SKU-00048","2","187.29","0.0023"
"3592","3592","SKU-00065","1","187.48","0.0001"
"3593","3593","SKU-00082","4","187.67","0.0004"
"3594","3594","SKU-00099","3","187.86","0.0007"
"3595","3595","SKU-00116","2","188.05","0.0010"
"3596","3596","SKU-00133","1","188.24","0.0013"
"3597","3597","SKU-00150","4","188.43","0.0016"
"3598","3598","SKU-00167","3","188.62","0.0019"
"3599","3599","SKU-00184","2","188.81","0.0022"
"3600","3600","SKU-00201","1","189.00","0.0000"
"3601","3601","SKU-00218","4","189.19","0.0003"
"3602","3602","SKU-00235","3","189.38","0.0006"
"3603","3603","SKU-00252","2","189.57","0.0009"
"3604","3604","SKU-00269","1","189.76","0.0012"
"3605","3605","SKU-00286","4","189.95","0.0015"
"3606","3606","SKU-00303","3","190.14","0.0018"
"3607","3607","SKU-00320","2","190.33","0.0021"
"3608","3608","SKU-00337","1","190.52","0.0024"
"3609","3609","SKU-00354","4","190.71","0.0002"
"3610","3610","SKU-00371","3","190.90","0.0005"
"3611","3611","SKU-00388","2","191.09","0.0008"
"3612","3612","SKU-00405","1","191.28","0.0011"
"3613","3613","SKU-00422","4","191.47","0.0014"
"3614","3614","SKU-00439","3","191.66","0.0017"
"3615","3615","SKU-00456","2","191.85","0.0020"
"3616","3616","SKU-00473","1","192.04","0.0023"
"3617","3617","SKU-00490","4","192.23","0.0001"
"3618","3618","SKU-00507","3","192.42","0.0004"
"3619","3619","SKU-00524","2","192.61","0.0007"
"3620","3620","SKU-00541","1","192.80","0.0010"
"3621","3621","SKU-00558","4","192.99","0.0013"
"3622","3622","SKU-00575","3","193.18","0.0016"
"3623","3623","SKU-00592","2","193.37","0.0019"
"3624","3624","SKU-00609","1","193.56","0.0022"
"3625","3625","SKU-00626","4","193.75","0.0000"
"3626","3626","SKU-00643","3","193.94","0.0003"
"3627","3627","SKU-00660","2","194.13","0.0006"
"3628","3628","SKU-00677","1","194.32","0.0009"
"3629","3629","SKU-00694","4","194.51","0.0012"
"3630","3630","SKU-00711","3","194.70","0.0015"
"3631","3631","SKU-00728","2","194.89","0.0018"
"3632","3632","SKU-00745","1","195.08","0.0021"
"3633","3633","SKU-00762","4","195.27","0.0024"
"3634","3634","SKU-00779","3","195.46","0.0002"
"3635","3635","SKU-00796","2","195.65","0.0005"
"3636","3636","SKU-00813","1","195.84","0.0008"
"3637","3637","SKU-00830","4","196.03","0.0011"
"3638","3638","SKU-00847","3","196.22","0.0014"
"3639","3639","SKU-00864","2","196.41","0.0017"
"3640","3640","SKU-00881","1","196.60","0.0020"
"3641","3641","SKU-00898","4","196.79","0.0023"
"3642","3642","SKU-00915","3","196.98","0.0001"
"3643","3643","SKU-00932","2","197.17","0.0004"
"3644","3644","SKU-00949","1","197.36","0.0007"
"3645","3645","SKU-00966","4","197.55","0.0010"
"3646","3646","SKU-00983","3","197.74","0.0013"
"3647","3647","SKU-01000","2","197.93","0.0016"
"3648","3648","SKU-00017","1","198.12","0.0019"
"3649","3649","SKU-00034","4","198.31","0.0022"
"3650","3650","SKU-00051","3","198.50","0.0000"
"3651","3651","SKU-00068","2","198.69","0.0003"
"3652","3652","SKU-00085","1","198.88","0.0006"
"3653","3653","SKU-00102","4","199.07","0.0009"
"3654","3654","SKU-00119","3","199.26","0.0012"
"3655","3655","SKU-00136","2","199.45","0.0015"
"3656","3656","SKU-00153","1","199.64","0.0018"
"3657","3657","SKU-00170","4","199.83","0.0021"
"3658","3658","SKU-00187","3","200.02","0.0024"
"3659","3659","SKU-00204","2","200.21","0.0002"
"3660","3660","SKU-00221","1","200.40","0.0005"
"3661","3661","SKU-00238","4","200.59","0.0008"
"3662","3662","SKU-00255","3","200.78","0.0011"
"3663","3663","SKU-00272","2","200.97","0.0014"
"3664","3664","SKU-00289","1","201.16","0.0017"
"3665","3665","SKU-00306","4","201.35","0.0020"
"3666","3666","SKU-00323","3","201.54","0.0023"
"3667","3667","SKU-00340","2","201.73","0.0001"
"3668","3668","SKU-00357","1","201.92","0.0004"
"3669","3669","SKU-00374","4","202.11","0.0007"
"3670","3670","SKU-00391","3","202.30","0.0010"
"3671","3671","SKU-00408","2","202.49","0.0013"
"3672","3672","SKU-00425","1","202.68","0.0016"
"3673","3673","SKU-00442","4","202.87","0.0019"
"3674","3674","SKU-00459","3","203.06","0.0022"
"3675","3675","SKU-00476","2","203.25","0.0000"
"3676","3676","SKU-00493","1","203.44","0.0003"
"3677","3677","SKU-00510","4","203.63","0.0006"
"3678","3678","SKU-00527","3","203.82","0.0009"
"3679","3679","SKU-00544","2","204.01","0.0012"
"3680","3680","SKU-00561","1","204.20","0.0015"
"3681","3681","SKU-00578","4","204.39","0.0018"
"3682","3682","SKU-00595","3","204.58","0.0021"
"3683","3683","SKU-00612","2","204.77","0.0024"
"3684","3684","SKU-00629","1","204.96","0.0002"
"3685","3685","SKU-00646","4","205.15","0.0005"
"3686","3686","SKU-00663","3","205.34","0.0008"
"3687","3687","SKU-00680","2","205.53","0.0011"
"3688","3688","SKU-00697","1","205.72","0.0014"
"3689","3689","SKU-00714","4","205.91","0.0017"
"3690","3690","SKU-00731","3","206.10","0.0020"
"3691","3691","SKU-00748","2","206.29","0.0023"
"3692","3692","SKU-00765","1","206.48","0.0001"
"3693","3693","SKU-00782","4","206.67","0.0004"
"3694","3694","SKU-00799","3","206.86","0.0007"
"3695","3695","SKU-00816","2","207.05","0.0010"
"3696","3696","SKU-00833","1","207.24","0.0013"
"3697","3697","SKU-00850","4","207.43","0.0016"
"3698","3698","SKU-00867","3","207.62","0.0019"
"3699","3699","SKU-00884","2","207.81","0.0022"
"3700","3700","SKU-00901","1","208.00","0.0000"
"3701","3701","SKU-00918","4","208.19","0.0003"
"3702","3702","SKU-00935","3","208.38","0.0006"
"3703","3703","SKU-00952","2","208.57","0.0009"
"3704","3704","SKU-00969","1","208.76","0.0012"
"3705","3705","SKU-00986","4","208.95","0.0015"
"3706","3706","SKU-00003","3","209.14","0.0018"
"3707","3707","SKU-00020","2","209.33","0.0021"
"3708","3708","SKU-00037","1","209.52","0.0024"
"3709","3709","SKU-00054","4","209.71","0.0002"
"3710","3710","SKU-00071","3","209.90","0.0005"
"3711","3711","SKU-00088","2","210.09","0.0008"
"3712","3712","SKU-00105","1","210.28","0.0011"
"3713","3713","SKU-00122","4","210.47","0.0014"
"3714","3714","SKU-00139","3","210.66","0.0017"
"3715","3715","SKU-00156","2","210.85","0.0020"
"3716","3716","SKU-00173","1","211.04","0.0023"
"3717","3717","SKU-00190","4","211.23","0.0001"
"3718","3718","SKU-00207","3","211.42","0.0004"
"3719","3719","SKU-00224","2","211.61","0.0007"
"3720","3720","SKU-00241","1","211.80","0.0010"
"3721","3721","SKU-00258","4","211.99","0.0013"
"3722","3722","SKU-00275","3","212.18","0.0016"
"3723","3723","SKU-00292","2","212.37","0.0019"
"3724","3724","SKU-00309","1","212.56","0.0022"
"3725","3725","SKU-00326","4","212.75","0.0000"
"3726","3726","SKU-00343","3","212.94","0.0003"
"3727","3727","SKU-00360","2","213.13","0.0006"
"3728","3728","SKU-00377","1","213.32","0.0009"
"3729","3729","SKU-00394","4","213.51","0.0012"
"3730","3730","SKU-00411","3","213.70","0.0015"
"3731","3731","SKU-00428","2","213.89","0.0018"
"3732","3732","SKU-00445","1","214.08","0.0021"
"3733","3733","SKU-00462","4","214.27","0.0024"
"3734","3734","SKU-00479","3","214.46","0.0002"
"3735","3735","SKU-00496","2","214.65","0.0005"
"3736","3736","SKU-00513","1","214.84","0.0008"
"3737","3737","SKU-00530","4","215.03","0.0011"
"3738","3738","SKU-00547","3","215.22","0.0014"
"3739","3739","SKU-00564","2","215.41","0.0017"
"3740","3740","SKU-00581","1","215.60","0.0020"
"3741","3741","SKU-00598","4","215.79","0.0023"
"3742","3742","SKU-00615","3","215.98","0.0001"
"3743","3743","SKU-00632","2","216.17","0.0004"
"3744","3744","SKU-00649","1","216.36","0.0007"
"3745","3745","SKU-00666","4","216.55","0.0010"
"3746","3746","SKU-00683","3","216.74","0.0013"
"3747","3747","SKU-00700","2","216.93","0.0016"
"3748","3748","SKU-00717","1","217.12","0.0019"
"3749","3749","SKU-00734","4","217.31","0.0022"
"3750","3750","SKU-00751","3","217.50","0.0000"
"3751","3751","SKU-00768","2","217.69","0.0003"
"3752","3752","SKU-00785","1","217.88","0.0006"
"3753","3753","SKU-00802","4","218.07","0.0009"
"3754","3754","SKU-00819","3","218.26","0.0012"
"3755","3755","SKU-00836","2","218.45","0.0015"
"3756","3756","SKU-00853","1","218.64","0.0018"
"3757","3757","SKU-00870","4","218.83","0.0021"
"3758","3758","SKU-00887","3","219.02","0.0024"
"3759","3759","SKU-00904","2","219.21","0.0002"
"3760","3760","SKU-00921","1","219.40","0.0005"
"3761","3761","SKU-00938","4","219.59","0.0008"
"3762","3762","SKU-00955","3","219.78","0.0011"
"3763","3763","SKU-00972","2","219.97","0.0014"
"3764","3764","SKU-00989","1","220.16","0.0017"
"3765","3765","SKU-00006","4","220.35","0.0020"
"3766","3766","SKU-00023","3","220.54","0.0023"
"3767","3767","SKU-00040","2","220.73","0.0001"
"3768","3768","SKU-00057","1","220.92","0.0004"
"3769","3769","SKU-00074","4","221.11","0.0007"
"3770","3770","SKU-00091","3","221.30","0.0010"
"3771","3771","SKU-00108","2","221.49","0.0013"
"3772","3772","SKU-00125","1","221.68","0.0016"
"3773","3773","SKU-00142","4","221.87","0.0019"
"3774","3774","SKU-00159","3","222.06","0.0022"
"3775","3775","SKU-00176","2","222.25","0.0000"
"3776","3776","SKU-00193","1","222.44","0.0003"
"3777","3777","SKU-00210","4","222.63","0.0006"
"3778","3778","SKU-00227","3","222.82","0.0009"
"3779","3779","SKU-00244","2","223.01","0.0012"
"3780","3780","SKU-00261","1","223.20","0.0015"
"3781","3781","SKU-00278","4","223.39","0.0018"
"3782","3782","SKU-00295","3","223.58","0.0021"
"3783","3783","SKU-00312","2","223.77","0.0024"
"3784","3784","SKU-00329","1","223.96","0.0002"
"3785","3785","SKU-00346","4","224.15","0.0005"
"3786","3786","SKU-00363","3","224.34","0.0008"
"3787","3787","SKU-00380","2","224.53","0.0011"
"3788","3788","SKU-00397","1","224.72","0.0014"
"3789","3789","SKU-00414","4","224.91","0.0017"
"3790","3790","SKU-00431","3","225.10","0.0020"
"3791","3791","SKU-00448","2","225.29","0.0023"
"3792","3792","SKU-00465","1","225.48","0.0001"
"3793","3793","SKU-00482","4","225.67","0.0004"
"3794","3794","SKU-00499","3","225.86","0.0007"
"3795","3795","SKU-00516","2","226.05","0.0010"
"3796","3796","SKU-00533","1","226.24","0.0013"
"3797","3797","SKU-00550","4","226.43","0.0016"
"3798","3798","SKU-00567","3","226.62","0.0019"
"3799","3799","SKU-00584","2","226.81","0.0022"
"3800","3800","SKU-00601","1","227.00","0.0000"
"3801","3801","SKU-00618","4","227.19","0.0003"
"3802","3802","SKU-00635","3","227.38","0.0006"
"3803","3803","SKU-00652","2","227.57","0.0009"
"3804","3804","SKU-00669","1","227.76","0.0012"
"3805","3805","SKU-00686","4","227.95","0.0015"
"3806","3806","SKU-00703","3","228.14","0.0018"
"3807","3807","SKU-00720","2","228.33","0.0021"
"3808","3808","SKU-00737","1","228.52","0.0024"
"3809","3809","SKU-00754","4","228.71","0.0002"
"3810","3810","SKU-00771","3","228.90","0.0005"
"3811","3811","SKU-00788","2","229.09","0.0008"
"3812","3812","SKU-00805","1","229.28","0.0011"
"3813","3813","SKU-00822","4","229.47","0.0014"
"3814","3814","SKU-00839","3","229.66","0.0017"
"3815","3815","SKU-00856","2","229.85","0.0020"
"3816","3816","SKU-00873","1","230.04","0.0023"
"3817","3817","SKU-00890","4","230.23","0.0001"
"3818","3818","SKU-00907","3","230.42","0.0004"
"3819","3819","SKU-00924","2","230.61","0.0007"
"3820","3820","SKU-00941","1","230.80","0.0010"
"3821","3821","SKU-00958","4","230.99","0.0013"
"3822","3822","SKU-00975","3","231.18","0.0016"
"3823","3823","SKU-00992","2","231.37","0.0019"
"3824","3824","SKU-00009","1","231.56","0.0022"
"3825","3825","SKU-00026","4","231.75","0.0000"
"3826","3826","SKU-00043","3","231.94","0.0003"
"3827","3827","SKU-00060","2","232.13","0.0006"
"3828","3828","SKU-00077","1","232.32","0.0009"
"3829","3829","SKU-00094","4","232.51","0.0012"
"3830","3830","SKU-00111","3","232.70","0.0015"
"3831","3831","SKU-00128","2","232.89","0.0018"
"3832","3832","SKU-00145","1","233.08","0.0021"
"3833","3833","SKU-00162","4","233.27","0.0024"
"3834","3834","SKU-00179","3","233.46","0.0002"
"3835","3835","SKU-00196","2","233.65","0.0005"
"3836","3836","SKU-00213","1","233.84","0.0008"
"3837","3837","SKU-00230","4","234.03","0.0011"
"3838","3838","SKU-00247","3","234.22","0.0014"
"3839","3839","SKU-00264","2","234.41","0.0017"
"3840","3840","SKU-00281","1","234.60","0.0020"
"3841","3841","SKU-00298","4","234.79","0.0023"
"3842","3842","SKU-00315","3","234.98","0.0001"
"3843","3843","SKU-00332","2","235.17","0.0004"
"3844","3844","SKU-00349","1","235.36","0.0007"
"3845","3845","SKU-00366","4","235.55","0.0010"
"3846","3846","SKU-00383","3","235.74","0.0013"
"3847","3847","SKU-00400","2","235.93","0.0016"
"3848","3848","SKU-00417","1","236.12","0.0019"
"3849","3849","SKU-00434","4","236.31","0.0022"
"3850","3850","SKU-00451","3","236.50","0.0000"
"3851","3851","SKU-00468","2","236.69","0.0003"
"3852","3852","SKU-00485","1","236.88","0.0006"
"3853","3853","SKU-00502","4","237.07","0.0009"
"3854","3854","SKU-00519","3","237.26","0.0012"
"3855","3855","SKU-00536","2","237.45","0.0015"
"3856","3856","SKU-00553","1","237.64","0.0018"
"3857","3857","SKU-00570","4","237.83","0.0021"
"3858","3858","SKU-00587","3","238.02","0.0024"
"3859","3859","SKU-00604","2","238.21","0.0002"
"3860","3860","SKU-00621","1","238.40","0.0005"
"3861","3861","SKU-00638","4","238.59","0.0008"
"3862","3862","SKU-00655","3","238.78","0.0011"
"3863","3863","SKU-00672","2","238.97","0.0014"
"3864","3864","SKU-00689","1","239.16","0.0017"
"3865","3865","SKU-00706","4","239.35","0.0020"
"3866","3866","SKU-00723","3","239.54","0.0023"
"3867","3867","SKU-00740","2","239.73","0.0001"
"3868","3868","SKU-00757","1","239.92","0.0004"
"3869","3869","SKU-00774","4","240.11","0.0007"
"3870","3870","SKU-00791","3","240.30","0.0010"
"3871","3871","SKU-00808","2","240.49","0.0013"
"3872","3872","SKU-00825","1","240.68","0.0016"
"3873","3873","SKU-00842","4","240.87","0.0019"
"3874","3874","SKU-00859","3","241.06","0.0022"
"3875","3875","SKU-00876","2","241.25","0.0000"
"3876","3876","SKU-00893","1","241.44","0.0003"
"3877","3877","SKU-00910","4","241.63","0.0006"
"3878","3878","SKU-00927","3","241.82","0.0009"
"3879","3879","SKU-00944","2","242.01","0.0012"
"3880","3880","SKU-00961","1","242.20","0.0015"
"3881","3881","SKU-00978","4","242.39","0.0018"
"3882","3882","SKU-00995","3","242.58","0.0021"
"3883","3883","SKU-00012","2","242.77","0.0024"
"3884","3884","SKU-00029","1","242.96","0.0002"
"3885","3885","SKU-00046","4","243.15","0.0005"
"3886","3886","SKU-00063","3","243.34","0.0008"
"3887","3887","SKU-00080","2","243.53","0.0011"
"3888","3888","SKU-00097","1","243.72","0.0014"
"3889","3889","SKU-00114","4","243.91","0.0017"
"3890","3890","SKU-00131","3","244.10","0.0020"
"3891","3891","SKU-00148","2","244.29","0.0023"
"3892","3892","SKU-00165","1","244.48","0.0001"
"3893","3893","SKU-00182","4","244.67","0.0004"
"3894","3894","SKU-00199","3","244.86","0.0007"
"3895","3895","SKU-00216","2","245.05","0.0010"
"3896","3896","SKU-00233","1","245.24","0.0013"
"3897","3897","SKU-00250","4","245.43","0.0016"
"3898","3898","SKU-00267","3","245.62","0.0019"
"3899","3899","SKU-00284","2","245.81","0.0022"
"3900","3900","SKU-00301","1","246.00","0.0000"
"3901","3901","SKU-00318","4","246.19","0.0003"
"3902","3902","SKU-00335","3","246.38","0.0006"
"3903","3903","SKU-00352","2","246.57","0.0009"
"3904","3904","SKU-00369","1","246.76","0.0012"
"3905","3905","SKU-00386","4","246.95","0.0015"
"3906","3906","SKU-00403","3","247.14","0.0018"
"3907","3907","SKU-00420","2","247.33","0.0021"
"3908","3908","SKU-00437","1","247.52","0.0024"
"3909","3909","SKU-00454","4","247.71","0.0002"
"3910","3910","SKU-00471","3","247.90","0.0005"
"3911","3911","SKU-00488","2","248.09","0.0008"
"3912","3912","SKU-00505","1","248.28","0.0011"
"3913","3913","SKU-00522","4","248.47","0.0014"
"3914","3914","SKU-00539","3","248.66","0.0017"
"3915","3915","SKU-00556","2","248.85","0.0020"
"3916","3916","SKU-00573","1","249.04","0.0023"
"3917","3917","SKU-00590","4","249.23","0.0001"
"3918","3918","SKU-00607","3","249.42","0.0004"
"3919","3919","SKU-00624","2","249.61","0.0007"
"3920","3920","SKU-00641","1","249.80","0.0010"
"3921","3921","SKU-00658","4","249.99","0.0013"
"3922","3922","SKU-00675","3","250.18","0.0016"
"3923","3923","SKU-00692","2","250.37","0.0019"
"3924","3924","SKU-00709","1","250.56","0.0022"
"3925","3925","SKU-00726","4","250.75","0.0000"
"3926","3926","SKU-00743","3","250.94","0.0003"
"3927","3927","SKU-00760","2","251.13","0.0006"
"3928","3928","SKU-00777","1","251.32","0.0009"
"3929","3929","SKU-00794","4","251.51","0.0012"
"3930","3930","SKU-00811","3","251.70","0.0015"
"3931","3931","SKU-00828","2","251.89","0.0018"
"3932","3932","SKU-00845","1","252.08","0.0021"
"3933","3933","SKU-00862","4","252.27","0.0024"
"3934","3934","SKU-00879","3","252.46","0.0002"
"3935","3935","SKU-00896","2","252.65","0.0005"
"3936","3936","SKU-00913","1","252.84","0.0008"
"3937","3937","SKU-00930","4","253.03","0.0011"
"3938","3938","SKU-00947","3","253.22","0.0014"
"3939","3939","SKU-00964","2","253.41","0.0017"
"3940","3940","SKU-00981","1","253.60","0.0020"
"3941","3941","SKU-00998","4","253.79","0.0023"
"3942","3942","SKU-00015","3","253.98","0.0001"
"3943","3943","SKU-00032","2","254.17","0.0004"
"3944","3944","SKU-00049","1","254.36","0.0007"
"3945","3945","SKU-00066","4","254.55","0.0010"
"3946","3946","SKU-00083","3","254.74","0.0013"
"3947","3947","SKU-00100","2","254.93","0.0016"
"3948","3948","SKU-00117","1","5.12","0.0019"
"3949","3949","SKU-00134","4","5.31","0.0022"
"3950","3950","SKU-00151","3","5.50","0.0000"
"3951","3951","SKU-00168","2","5.69","0.0003"
"3952","3952","SKU-00185","1","5.88","0.0006"
"3953","3953","SKU-00202","4","6.07","0.0009"
"3954","3954","SKU-00219","3","6.26","0.0012"
"3955","3955","SKU-00236","2","6.45","0.0015"
"3956","3956","SKU-00253","1","6.64","0.0018"
"3957","3957","SKU-00270","4","6.83","0.0021"
"3958","3958","SKU-00287","3","7.02","0.0024"
"3959","3959","SKU-00304","2","7.21","0.0002"
"3960","3960","SKU-00321","1","7.40","0.0005"
"3961","3961","SKU-00338","4","7.59","0.0008"
"3962","3962","SKU-00355","3","7.78","0.0011"
"3963","3963","SKU-00372","2","7.97","0.0014"
"3964","3964","SKU-00389","1","8.16","0.0017"
"3965","3965","SKU-00406","4","8.35","0.0020"
"3966","3966","SKU-00423","3","8.54","0.0023"
"3967","3967","SKU-00440","2","8.73","0.0001"
"3968","3968","SKU-00457","1","8.92","0.0004"
"3969","3969","SKU-00474","4","9.11","0.0007"
"3970","3970","SKU-00491","3","9.30","0.0010"
"3971","3971","SKU-00508","2","9.49","0.0013"
"3972","3972","SKU-00525","1","9.68","0.0016"
"3973","3973","SKU-00542","4","9.87","0.0019"
"3974","3974","SKU-00559","3","10.06","0.0022"
"3975","3975","SKU-00576","2","10.25","0.0000"
"3976","3976","SKU-00593","1","10.44","0.0003"
"3977","3977","SKU-00610","4","10.63","0.0006"
"3978","3978","SKU-00627","3","10.82","0.0009"
"3979","3979","SKU-00644","2","11.01","0.0012"
"3980","3980","SKU-00661","1","11.20","0.0015"
"3981","3981","SKU-00678","4","11.39","0.0018"
"3982","3982","SKU-00695","3","11.58","0.0021"
"3983","3983","SKU-00712","2","11.77","0.0024"
"3984","3984","SKU-00729","1","11.96","0.0002"
"3985","3985","SKU-00746","4","12.15","0.0005"
"3986","3986","SKU-00763","3","12.34","0.0008"
"3987","3987","SKU-00780","2","12.53","0.0011"
"3988","3988","SKU-00797","1","12.72","0.0014"
"3989","3989","SKU-00814","4","12.91","0.0017"
"3990","3990","SKU-00831","3","13.10","0.0020"
"3991","3991","SKU-00848","2","13.29","0.0023"
"3992","3992","SKU-00865","1","13.48","0.0001"
"3993","3993","SKU-00882","4","13.67","0.0004"
"3994","3994","SKU-00899","3","13.86","0.0007"
"3995","3995","SKU-00916","2","14.05","0.0010"
"3996","3996","SKU-00933","1","14.24","0.0013"
"3997","3997","SKU-00950","4","14.43","0.0016"
"3998","3998","SKU-00967","3","14.62","0.0019"
"3999","3999","SKU-00984","2","14.81","0.0022"
"4000","4000","SKU-00001","1","15.00","0.0000"
"4001","4001","SKU-00018","4","15.19","0.0003"
"4002","4002","SKU-00035","3","15.38","0.0006"
"4003","4003","SKU-00052","2","15.57","0.0009"
"4004","4004","SKU-00069","1","15.76","0.0012"
"4005","4005","SKU-00086","4","15.95","0.0015"
"4006","4006","SKU-00103","3","16.14","0.0018"
"4007","4007","SKU-00120","2","16.33","0.0021"
"4008","4008","SKU-00137","1","16.52","0.0024"
"4009","4009","SKU-00154","4","16.71","0.0002"
"4010","4010","SKU-00171","3","16.90","0.0005"
"4011","4011","SKU-00188","2","17.09","0.0008"
"4012","4012","SKU-00205","1","17.28","0.0011"
"4013","4013","SKU-00222","4","17.47","0.0014"
"4014","4014","SKU-00239","3","17.66","0.0017"
"4015","4015","SKU-00256","2","17.85","0.0020"
"4016","4016","SKU-00273","1","18.04","0.0023"
"4017","4017","SKU-00290","4","18.23","0.0001"
"4018","4018","SKU-00307","3","18.42","0.0004"
"4019","4019","SKU-00324","2","18.61","0.0007"
"4020","4020","SKU-00341","1","18.80","0.0010"
"4021","4021","SKU-00358","4","18.99","0.0013"
"4022","4022","SKU-00375","3","19.18","0.0016"
"4023","4023","SKU-00392","2","19.37","0.0019"
"4024","4024","SKU-00409","1","19.56","0.0022"
"4025","4025","SKU-00426","4","19.75","0.0000"
"4026","4026","SKU-00443","3","19.94","0.0003"
"4027","4027","SKU-00460","2","20.13","0.0006"
"4028","4028","SKU-00477","1","20.32","0.0009"
"4029","4029","SKU-00494","4","20.51","0.0012"
"4030","4030","SKU-00511","3","20.70","0.0015"
"4031","4031","SKU-00528","2","20.89","0.0018"
"4032","4032","SKU-00545","1","21.08","0.0021"
"4033","4033","SKU-00562","4","21.27","0.0024"
"4034","4034","SKU-00579","3","21.46","0.0002"
"4035","4035","SKU-00596","2","21.65","0.0005"
"4036","4036","SKU-00613","1","21.84","0.0008"
"4037","4037","SKU-00630","4","22.03","0.0011"
"4038","4038","SKU-00647","3","22.22","0.0014"
"4039","4039","SKU-00664","2","22.41","0.0017"
"4040","4040","SKU-00681","1","22.60","0.0020"
"4041","4041","SKU-00698","4","22.79","0.0023"
"4042","4042","SKU-00715","3","22.98","0.0001"
"4043","4043","SKU-00732","2","23.17","0.0004"
"4044","4044","SKU-00749","1","23.36","0.0007"
"4045","4045","SKU-00766","4","23.55","0.0010"
"4046","4046","SKU-00783","3","23.74","0.0013"
"4047","4047","SKU-00800","2","23.93","0.0016"
"4048","4048","SKU-00817","1","24.12","0.0019"
"4049","4049","SKU-00834","4","24.31","0.0022"
"4050","4050","SKU-00851","3","24.50","0.0000"
"4051","4051","SKU-00868","2","24.69","0.0003"
"4052","4052","SKU-00885","1","24.88","0.0006"
"4053","4053","SKU-00902","4","25.07","0.0009"
"4054","4054","SKU-00919","3","25.26","0.0012"
"4055","4055","SKU-00936","2","25.45","0.0015"
"4056","4056","SKU-00953","1","25.64","0.0018"
"4057","4057","SKU-00970","4","25.83","0.0021"
"4058","4058","SKU-00987","3","26.02","0.0024"
"4059","4059","SKU-00004","2","26.21","0.0002"
"4060","4060","SKU-00021","1","26.40","0.0005"
"4061","4061","SKU-00038","4","26.59","0.0008"
"4062","4062","SKU-00055","3","26.78","0.0011"
"4063","4063","SKU-00072","2","26.97","0.0014"
"4064","4064","SKU-00089","1","27.16","0.0017"
"4065","4065","SKU-00106","4","27.35","0.0020"
"4066","4066","SKU-00123","3","27.54","0.0023"
"4067","4067","SKU-00140","2","27.73","0.0001"
"4068","4068","SKU-00157","1","27.92","0.0004"
"4069","4069","SKU-00174","4","28.11","0.0007"
"4070","4070","SKU-00191","3","28.30","0.0010"
"4071","4071","SKU-00208","2","28.49","0.0013"
"4072","4072","SKU-00225","1","28.68","0.0016"
"4073","4073","SKU-00242","4","28.87","0.0019"
"4074","4074","SKU-00259","3","29.06","0.0022"
"4075","4075","SKU-00276","2","29.25","0.0000"
"4076","4076","SKU-00293","1","29.44","0.0003"
"4077","4077","SKU-00310","4","29.63","0.0006"
"4078","4078","SKU-00327","3","29.82","0.0009"
"4079","4079","SKU-00344","2","30.01","0.0012"
"4080","4080","SKU-00361","1","30.20","0.0015"
"4081","4081","SKU-00378","4","30.39","0.0018"
"4082","4082","SKU-00395","3","30.58","0.0021"
"4083","4083","SKU-00412","2","30.77","0.0024"
"4084","4084","SKU-00429","1","30.96","0.0002"
"4085","4085","SKU-00446","4","31.15","0.0005"
"4086","4086","SKU-00463","3","31.34","0.0008"
"4087","4087","SKU-00480","2","31.53","0.0011"
"4088","4088","SKU-00497","1","31.72","0.0014"
"4089","4089","SKU-00514","4","31.91","0.0017"
"4090","4090","SKU-00531","3","32.10","0.0020"
"4091","4091","SKU-00548","2","32.29","0.0023"
"4092","4092","SKU-00565","1","32.48","0.0001"
"4093","4093","SKU-00582","4","32.67","0.0004"
"4094","4094","SKU-00599","3","32.86","0.0007"
"4095","4095","SKU-00616","2","33.05","0.0010"
"4096","4096","SKU-00633","1","33.24","0.0013"
"4097","4097","SKU-00650","4","33.43","0.0016"
"4098","4098","SKU-00667","3","33.62","0.0019"
"4099","4099","SKU-00684","2","33.81","0.0022"
"4100","4100","SKU-00701","1","34.00","0.0000"
"4101","4101","SKU-00718","4","34.19","0.0003"
"4102","4102","SKU-00735","3","34.38","0.0006"
"4103","4103","SKU-00752","2","34.57","0.0009"
"4104","4104","SKU-00769","1","34.76","0.0012"
"4105","4105","SKU-00786","4","34.95","0.0015"
"4106","4106","SKU-00803","3","35.14","0.0018"
"4107","4107","SKU-00820","2","35.33","0.0021"
"4108","4108","SKU-00837","1","35.52","0.0024"
"4109","4109","SKU-00854","4","35.71","0.0002"
"4110","4110","SKU-00871","3","35.90","0.0005"
"4111","4111","SKU-00888","2","36.09","0.0008"
"4112","4112","SKU-00905","1","36.28","0.0011"
"4113","4113","SKU-00922","4","36.47","0.0014"
"4114","4114","SKU-00939","3","36.66","0.0017"
"4115","4115","SKU-00956","2","36.85","0.0020"
"4116","4116","SKU-00973","1","37.04","0.0023"
"4117","4117","SKU-00990","4","37.23","0.0001"
"4118","4118","SKU-00007","3","37.42","0.0004"
"4119","4119","SKU-00024","2","37.61","0.0007"
"4120","4120","SKU-00041","1","37.80","0.0010"
"4121","4121","SKU-00058","4","37.99","0.0013"
"4122","4122","SKU-00075","3","38.18","0.0016"
"4123","4123","SKU-00092","2","38.37","0.0019"
"4124","4124","SKU-00109","1","38.56","0.0022"
"4125","4125","SKU-00126","4","38.75","0.0000"
"4126","4126","SKU-00143","3","38.94","0.0003"
"4127","4127","SKU-00160","2","39.13","0.0006"
"4128","4128","SKU-00177","1","39.32","0.0009"
"4129","4129","SKU-00194","4","39.51","0.0012"
"4130","4130","SKU-00211","3","39.70","0.0015"
"4131","4131","SKU-00228","2","39.89","0.0018"
"4132","4132","SKU-00245","1","40.08","0.0021"
"4133","4133","SKU-00262","4","40.27","0.0024"
"4134","4134","SKU-00279","3","40.46","0.0002"
"4135","4135","SKU-00296","2","40.65","0.0005"
"4136","4136","SKU-00313","1","40.84","0.0008"
"4137","4137","SKU-00330","4","41.03","0.0011"
"4138","4138","SKU-00347","3","41.22","0.0014"
"4139","4139","SKU-00364","2","41.41","0.0017"
"4140","4140","SKU-00381","1","41.60","0.0020"
"4141","4141","SKU-00398","4","41.79","0.0023"
"4142","4142","SKU-00415","3","41.98","0.0001"
"4143","4143","SKU-00432","2","42.17","0.0004"
"4144","4144","SKU-00449","1","42.36","0.0007"
"4145","4145","SKU-00466","4","42.55","0.0010"
"4146","4146","SKU-00483","3","42.74","0.0013"
"4147","4147","SKU-00500","2","42.93","0.0016"
"4148","4148","SKU-00517","1","43.12","0.0019"
"4149","4149","SKU-00534","4","43.31","0.0022"
"4150","4150","SKU-00551","3","43.50","0.0000"
"4151","4151","SKU-00568","2","43.69","0.0003"
"4152","4152","SKU-00585","1","43.88","0.0006"
"4153","4153","SKU-00602","4","44.07","0.0009"
"4154","4154","SKU-00619","3","44.26","0.0012"
"4155","4155","SKU-00636","2","44.45","0.0015"
"4156","4156","SKU-00653","1","44.64","0.0018"
"4157","4157","SKU-00670","4","44.83","0.0021"
"4158","4158","SKU-00687","3","45.02","0.0024"
"4159","4159","SKU-00704","2","45.21","0.0002"
"4160","4160","SKU-00721","1","45.40","0.0005"
"4161","4161","SKU-00738","4","45.59","0.0008"
"4162","4162","SKU-00755","3","45.78","0.0011"
"4163","4163","SKU-00772","2","45.97","0.0014"
"4164","4164","SKU-00789","1","46.16","0.0017"
"4165","4165","SKU-00806","4","46.35","0.0020"
"4166","4166","SKU-00823","3","46.54","0.0023"
"4167","4167","SKU-00840","2","46.73","0.0001"
"4168","4168","SKU-00857","1","46.92","0.0004"
"4169","4169","SKU-00874","4","47.11","0.0007"
"4170","4170","SKU-00891","3","47.30","0.0010"
"4171","4171","SKU-00908","2","47.49","0.0013"
"4172","4172","SKU-00925","1","47.68","0.0016"
"4173","4173","SKU-00942","4","47.87","0.0019"
"4174","4174","SKU-00959","3","48.06","0.0022"
"4175","4175","SKU-00976","2","48.25","0.0000"
"4176","4176","SKU-00993","1","48.44","0.0003"
"4177","4177","SKU-00010","4","48.63","0.0006"
"4178","4178","SKU-00027","3","48.82","0.0009"
"4179","4179","SKU-00044","2","49.01","0.0012"
"4180","4180","SKU-00061","1","49.20","0.0015"
"4181","4181","SKU-00078","4","49.39","0.0018"
"4182","4182","SKU-00095","3","49.58","0.0021"
"4183","4183","SKU-00112","2","49.77","0.0024"
"4184","4184","SKU-00129","1","49.96","0.0002"
"4185","4185","SKU-00146","4","50.15","0.0005"
"4186","4186","SKU-00163","3","50.34","0.0008"
"4187","4187","SKU-00180","2","50.53","0.0011"
"4188","4188","SKU-00197","1","50.72","0.0014"
"4189","4189","SKU-00214","4","50.91","0.0017"
"4190","4190","SKU-00231","3","51.10","0.0020"
"4191","4191","SKU-00248","2","51.29","0.0023"
"4192","4192","SKU-00265","1","51.48","0.0001"
"4193","4193","SKU-00282","4","51.67","0.0004"
"4194","4194","SKU-00299","3","51.86","0.0007"
"4195","4195","SKU-00316","2","52.05","0.0010"
"4196","4196","SKU-00333","1","52.24","0.0013"
"4197","4197","SKU-00350","4","52.43","0.0016"
"4198","4198","SKU-00367","3","52.62","0.0019"
"4199","4199","SKU-00384","2","52.81","0.0022"
"4200","4200","SKU-00401","1","53.00","0.0000"
"4201","4201","SKU-00418","4","53.19","0.0003"
"4202","4202","SKU-00435","3","53.38","0.0006"
"4203","4203","SKU-00452","2","53.57","0.0009"
"4204","4204","SKU-00469","1","53.76","0.0012"
"4205","4205","SKU-00486","4","53.95","0.0015"
"4206","4206","SKU-00503","3","54.14","0.0018"
"4207","4207","SKU-00520","2","54.33","0.0021"
"4208","4208","SKU-00537","1","54.52","0.0024"
"4209","4209","SKU-00554","4","54.71","0.0002"
"4210","4210","SKU-00571","3","54.90","0.0005"
"4211","4211","SKU-00588","2","55.09","0.0008"
"4212","4212","SKU-00605","1","55.28","0.0011"
"4213","4213","SKU-00622","4","55.47","0.0014"
"4214","4214","SKU-00639","3","55.66","0.0017"
"4215","4215","SKU-00656","2","55.85","0.0020"
"4216","4216","SKU-00673","1","56.04","0.0023"
"4217","4217","SKU-00690","4","56.23","0.0001"
"4218","4218","SKU-00707","3","56.42","0.0004"
"4219","4219","SKU-00724","2","56.61","0.0007"
"4220","4220","SKU-00741","1","56.80","0.0010"
"4221","4221","SKU-00758","4","56.99","0.0013"
"4222","4222","SKU-00775","3","57.18","0.0016"
"4223","4223","SKU-00792","2","57.37","0.0019"
"4224","4224","SKU-00809","1","57.56","0.0022"
"4225","4225","SKU-00826","4","57.75","0.0000"
"4226","4226","SKU-00843","3","57.94","0.0003"
"4227","4227","SKU-00860","2","58.13","0.0006"
"4228","4228","SKU-00877","1","58.32","0.0009"
"4229","4229","SKU-00894","4","58.51","0.0012"
"4230","4230","SKU-00911","3","58.70","0.0015"
"4231","4231","SKU-00928","2","58.89","0.0018"
"4232","4232","SKU-00945","1","59.08","0.0021"
"4233","4233","SKU-00962","4","59.27","0.0024"
"4234","4234","SKU-00979","3","59.46","0.0002"
"4235","4235","SKU-00996","2","59.65","0.0005"
"4236","4236","SKU-00013","1","59.84","0.0008"
"4237","4237","SKU-00030","4","60.03","0.0011"
"4238","4238","SKU-00047","3","60.22","0.0014"
"4239","4239","SKU-00064","2","60.41","0.0017"
"4240","4240","SKU-00081","1","60.60","0.0020"
"4241","4241","SKU-00098","4","60.79","0.0023"
"4242","4242","SKU-00115","3","60.98","0.0001"
"4243","4243","SKU-00132","2","61.17","0.0004"
"4244","4244","SKU-00149","1","61.36","0.0007"
"4245","4245","SKU-00166","4","61.55","0.0010"
"4246","4246","SKU-00183","3","61.74","0.0013"
"4247","4247","SKU-00200","2","61.93","0.0016"
"4248","4248","SKU-00217","1","62.12","0.0019"
"4249","4249","SKU-00234","4","62.31","0.0022"
"4250","4250","SKU-00251","3","62.50","0.0000"
"4251","4251","SKU-00268","2","62.69","0.0003"
"4252","4252","SKU-00285","1","62.88","0.0006"
"4253","4253","SKU-00302","4","63.07","0.0009"
"4254","4254","SKU-00319","3","63.26","0.0012"
"4255","4255","SKU-00336","2","63.45","0.0015"
"4256","4256","SKU-00353","1","63.64","0.0018"
"4257","4257","SKU-00370","4","63.83","0.0021"
"4258","4258","SKU-00387","3","64.02","0.0024"
"4259","4259","SKU-00404","2","64.21","0.0002"
"4260","4260","SKU-00421","1","64.40","0.0005"
"4261","4261","SKU-00438","4","64.59","0.0008"
"4262","4262","SKU-00455","3","64.78","0.0011"
"4263","4263","SKU-00472","2","64.97","0.0014"
"4264","4264","SKU-00489","1","65.16","0.0017"
"4265","4265","SKU-00506","4","65.35","0.0020"
"4266","4266","SKU-00523","3","65.54","0.0023"
"4267","4267","SKU-00540","2","65.73","0.0001"
"4268","4268","SKU-00557","1","65.92","0.0004"
"4269","4269","SKU-00574","4","66.11","0.0007"
"4270","4270","SKU-00591","3","66.30","0.0010"
"4271","4271","SKU-00608","2","66.49","0.0013"
"4272","4272","SKU-00625","1","66.68","0.0016"
"4273","4273","SKU-00642","4","66.87","0.0019"
"4274","4274","SKU-00659","3","67.06","0.0022"
"4275","4275","SKU-00676","2","67.25","0.0000"
"4276","4276","SKU-00693","1","67.44","0.0003"
"4277","4277","SKU-00710","4","67.63","0.0006"
"4278","4278","SKU-00727","3","67.82","0.0009"
"4279","4279","SKU-00744","2","68.01","0.0012"
"4280","4280","SKU-00761","1","68.20","0.0015"
"4281","4281","SKU-00778","4","68.39","0.0018"
"4282","4282","SKU-00795","3","68.58","0.0021"
"4283","4283","SKU-00812","2","68.77","0.0024"
"4284","4284","SKU-00829","1","68.96","0.0002"
"4285","4285","SKU-00846","4","69.15","0.0005"
"4286","4286","SKU-00863","3","69.34","0.0008"
"4287","4287","SKU-00880","2","69.53","0.0011"
"4288","4288","SKU-00897","1","69.72","0.0014"
"4289","4289","SKU-00914","4","69.91","0.0017"
"4290","4290","SKU-00931","3","70.10","0.0020"
"4291","4291","SKU-00948","2","70.29","0.0023"
"4292","4292","SKU-00965","1","70.48","0.0001"
"4293","4293","SKU-00982","4","70.67","0.0004"
"4294","4294","SKU-00999","3","70.86","0.0007"
"4295","4295","SKU-00016","2","71.05","0.0010"
"4296","4296","SKU-00033","1","71.24","0.0013"
"4297","4297","SKU-00050","4","71.43","0.0016"
"4298","4298","SKU-00067","3","71.62","0.0019"
"4299","4299","SKU-00084","2","71.81","0.0022"
"4300","4300","SKU-00101","1","72.00","0.0000"
"4301","4301","SKU-00118","4","72.19","0.0003"
"4302","4302","SKU-00135","3","72.38","0.0006"
"4303","4303","SKU-00152","2","72.57","0.0009"
"4304","4304","SKU-00169","1","72.76","0.0012"
"4305","4305","SKU-00186","4","72.95","0.0015"
"4306","4306","SKU-00203","3","73.14","0.0018"
"4307","4307","SKU-00220","2","73.33","0.0021"
"4308","4308","SKU-00237","1","73.52","0.0024"
"4309","4309","SKU-00254","4","73.71","0.0002"
"4310","4310","SKU-00271","3","73.90","0.0005"
"4311","4311","SKU-00288","2","74.09","0.0008"
"4312","4312","SKU-00305","1","74.28","0.0011"
"4313","4313","SKU-00322","4","74.47","0.0014"
"4314","4314","SKU-00339","3","74.66","0.0017"
"4315","4315","SKU-00356","2","74.85","0.0020"
"4316","4316","SKU-00373","1","75.04","0.0023"
"4317","4317","SKU-00390","4","75.23","0.0001"
"4318","4318","SKU-00407","3","75.42","0.0004"
"4319","4319","SKU-00424","2","75.61","0.0007"
"4320","4320","SKU-00441","1","75.80","0.0010"
"4321","4321","SKU-00458","4","75.99","0.0013"
"4322","4322","SKU-00475","3","76.18","0.0016"
"4323","4323","SKU-00492","2","76.37","0.0019"
"4324","4324","SKU-00509","1","76.56","0.0022"
"4325","4325","SKU-00526","4","76.75","0.0000"
"4326","4326","SKU-00543","3","76.94","0.0003"
"4327","4327","SKU-00560","2","77.13","0.0006"
"4328","4328","SKU-00577","1","77.32","0.0009"
"4329","4329","SKU-00594","4","77.51","0.0012"
"4330","4330","SKU-00611","3","77.70","0.0015"
"4331","4331","SKU-00628","2","77.89","0.0018"
"4332","4332","SKU-00645","1","78.08","0.0021"
"4333","4333","SKU-00662","4","78.27","0.0024"
"4334","4334","SKU-00679","3","78.46","0.0002"
"4335","4335","SKU-00696","2","78.65","0.0005"
"4336","4336","SKU-00713","1","78.84","0.0008"
"4337","4337","SKU-00730","4","79.03","0.0011"
"4338","4338","SKU-00747","3","79.22","0.0014"
"4339","4339","SKU-00764","2","79.41","0.0017"
"4340","4340","SKU-00781","1","79.60","0.0020"
"4341","4341","SKU-00798","4","79.79","0.0023"
"4342","4342","SKU-00815","3","79.98","0.0001"
"4343","4343","SKU-00832","2","80.17","0.0004"
"4344","4344","SKU-00849","1","80.36","0.0007"
"4345","4345","SKU-00866","4","80.55","0.0010"
"4346","4346","SKU-00883","3","80.74","0.0013"
"4347","4347","SKU-00900","2","80.93","0.0016"
"4348","4348","SKU-00917","1","81.12","0.0019"
"4349","4349","SKU-00934","4","81.31","0.0022"
"4350","4350","SKU-00951","3","81.50","0.0000"
"4351","4351","SKU-00968","2","81.69","0.0003"
"4352","4352","SKU-00985","1","81.88","0.0006"
"4353","4353","SKU-00002","4","82.07","0.0009"
"4354","4354","SKU-00019","3","82.26","0.0012"
"4355","4355","SKU-00036","2","82.45","0.0015"
"4356","4356","SKU-00053","1","82.64","0.0018"
"4357","4357","SKU-00070","4","82.83","0.0021"
"4358","4358","SKU-00087","3","83.02","0.0024"
"4359","4359","SKU-00104","2","83.21","0.0002"
"4360","4360","SKU-00121","1","83.40","0.0005"
"4361","4361","SKU-00138","4","83.59","0.0008"
"4362","4362","SKU-00155","3","83.78","0.0011"
"4363","4363","SKU-00172","2","83.97","0.0014"
"4364","4364","SKU-00189","1","84.16","0.0017"
"4365","4365","SKU-00206","4","84.35","0.0020"
"4366","4366","SKU-00223","3","84.54","0.0023"
"4367","4367","SKU-00240","2","84.73","0.0001"
"4368","4368","SKU-00257","1","84.92","0.0004"
"4369","4369","SKU-00274","4","85.11","0.0007"
"4370","4370","SKU-00291","3","85.30","0.0010"
"4371","4371","SKU-00308","2","85.49","0.0013"
"4372","4372","SKU-00325","1","85.68","0.0016"
"4373","4373","SKU-00342","4","85.87","0.0019"
"4374","4374","SKU-00359","3","86.06","0.0022"
"4375","4375","SKU-00376","2","86.25","0.0000"
"4376","4376","SKU-00393","1","86.44","0.0003"
"4377","4377","SKU-00410","4","86.63","0.0006"
"4378","4378","SKU-00427","3","86.82","0.0009"
"4379","4379","SKU-00444","2","87.01","0.0012"
"4380","4380","SKU-00461","1","87.20","0.0015"
"4381","4381","SKU-00478","4","87.39","0.0018"
"4382","4382","SKU-00495","3","87.58","0.0021"
"4383","4383","SKU-00512","2","87.77","0.0024"
"4384","4384","SKU-00529","1","87.96","0.0002"
"4385","4385","SKU-00546","4","88.15","0.0005"
"4386","4386","SKU-00563","3","88.34","0.0008"
"4387","4387","SKU-00580","2","88.53","0.0011"
"4388","4388","SKU-00597","1","88.72","0.0014"
"4389","4389","SKU-00614","4","88.91","0.0017"
"4390","4390","SKU-00631","3","89.10","0.0020"
"4391","4391","SKU-00648","2","89.29","0.0023"
"4392","4392","SKU-00665","1","89.48","0.0001"
"4393","4393","SKU-00682","4","89.67","0.0004"
"4394","4394","SKU-00699","3","89.86","0.0007"
"4395","4395","SKU-00716","2","90.05","0.0010"
"4396","4396","SKU-00733","1","90.24","0.0013"
"4397","4397","SKU-00750","4","90.43","0.0016"
"4398","4398","SKU-00767","3","90.62","0.0019"
"4399","4399","SKU-00784","2","90.81","0.0022"
"4400","4400","SKU-00801","1","91.00","0.0000"
"4401","4401","SKU-00818","4","91.19","0.0003"
"4402","4402","SKU-00835","3","91.38","0.0006"
"4403","4403","SKU-00852","2","91.57","0.0009"
"4404","4404","SKU-00869","1","91.76","0.0012"
"4405","4405","SKU-00886","4","91.95","0.0015"
"4406","4406","SKU-00903","3","92.14","0.0018"
"4407","4407","SKU-00920","2","92.33","0.0021"
"4408","4408","SKU-00937","1","92.52","0.0024"
"4409","4409","SKU-00954","4","92.71","0.0002"
"4410","4410","SKU-00971","3","92.90","0.0005"
"4411","4411","SKU-00988","2","93.09","0.0008"
"4412","4412","SKU-00005","1","93.28","0.0011"
"4413","4413","SKU-00022","4","93.47","0.0014"
"4414","4414","SKU-00039","3","93.66","0.0017"
"4415","4415","SKU-00056","2","93.85","0.0020"
"4416","4416","SKU-00073","1","94.04","0.0023"
"4417","4417","SKU-00090","4","94.23","0.0001"
"4418","4418","SKU-00107","3","94.42","0.0004"
"4419","4419","SKU-00124","2","94.61","0.0007"
"4420","4420","SKU-00141","1","94.80","0.0010"
"4421","4421","SKU-00158","4","94.99","0.0013"
"4422","4422","SKU-00175","3","95.18","0.0016"
"4423","4423","SKU-00192","2","95.37","0.0019"
"4424","4424","SKU-00209","1","95.56","0.0022"
"4425","4425","SKU-00226","4","95.75","0.0000"
"4426","4426","SKU-00243","3","95.94","0.0003"
"4427","4427","SKU-00260","2","96.13","0.0006"
"4428","4428","SKU-00277","1","96.32","0.0009"
"4429","4429","SKU-00294","4","96.51","0.0012"
"4430","4430","SKU-00311","3","96.70","0.0015"
"4431","4431","SKU-00328","2","96.89","0.0018"
"4432","4432","SKU-00345","1","97.08","0.0021"
"4433","4433","SKU-00362","4","97.27","0.0024"
"4434","4434","SKU-00379","3","97.46","0.0002"
"4435","4435","SKU-00396","2","97.65","0.0005"
"4436","4436","SKU-00413","1","97.84","0.0008"
"4437","4437","SKU-00430","4","98.03","0.0011"
"4438","4438","SKU-00447","3","98.22","0.0014"
"4439","4439","SKU-00464","2","98.41","0.0017"
"4440","4440","SKU-00481","1","98.60","0.0020"
"4441","4441","SKU-00498","4","98.79","0.0023"
"4442","4442","SKU-00515","3","98.98","0.0001"
"4443","4443","SKU-00532","2","99.17","0.0004"
"4444","4444","SKU-00549","1","99.36","0.0007"
"4445","4445","SKU-00566","4","99.55","0.0010"
"4446","4446","SKU-00583","3","99.74","0.0013"
"4447","4447","SKU-00600","2","99.93","0.0016"
"4448","4448","SKU-00617","1","100.12","0.0019"
"4449","4449","SKU-00634","4","100.31","0.0022"
"4450","4450","SKU-00651","3","100.50","0.0000"
"4451","4451","SKU-00668","2","100.69","0.0003"
"4452","4452","SKU-00685","1","100.88","0.0006"
"4453","4453","SKU-00702","4","101.07","0.0009"
"4454","4454","SKU-00719","3","101.26","0.0012"
"4455","4455","SKU-00736","2","101.45","0.0015"
"4456","4456","SKU-00753","1","101.64","0.0018"
"4457","4457","SKU-00770","4","101.83","0.0021"
"4458","4458","SKU-00787","3","102.02","0.0024"
"4459","4459","SKU-00804","2","102.21","0.0002"
"4460","4460","SKU-00821","1","102.40","0.0005"
"4461","4461","SKU-00838","4","102.59","0.0008"
"4462","4462","SKU-00855","3","102.78","0.0011"
"4463","4463","SKU-00872","2","102.97","0.0014"
"4464","4464","SKU-00889","1","103.16","0.0017"
"4465","4465","SKU-00906","4","103.35","0.0020"
"4466","4466","SKU-00923","3","103.54","0.0023"
"4467","4467","SKU-00940","2","103.73","0.0001"
"4468","4468","SKU-00957","1","103.92","0.0004"
"4469","4469","SKU-00974","4","104.11","0.0007"
"4470","4470","SKU-00991","3","104.30","0.0010"
"4471","4471","SKU-00008","2","104.49","0.0013"
"4472","4472","SKU-00025","1","104.68","0.0016"
"4473","4473","SKU-00042","4","104.87","0.0019"
"4474","4474","SKU-00059","3","105.06","0.0022"
"4475","4475","SKU-00076","2","105.25","0.0000"
"4476","4476","SKU-00093","1","105.44","0.0003"
"4477","4477","SKU-00110","4","105.63","0.0006"
"4478","4478","SKU-00127","3","105.82","0.0009"
"4479","4479","SKU-00144","2","106.01","0.0012"
"4480","4480","SKU-00161","1","106.20","0.0015"
"4481","4481","SKU-00178","4","106.39","0.0018"
"4482","4482","SKU-00195","3","106.58","0.0021"
"4483","4483","SKU-00212","2","106.77","0.0024"
"4484","4484","SKU-00229","1","106.96","0.0002"
"4485","4485","SKU-00246","4","107.15","0.0005"
"4486","4486","SKU-00263","3","107.34","0.0008"
"4487","4487","SKU-00280","2","107.53","0.0011"
"4488","4488","SKU-00297","1","107.72","0.0014"
"4489","4489","SKU-00314","4","107.91","0.0017"
"4490","4490","SKU-00331","3","108.10","0.0020"
"4491","4491","SKU-00348","2","108.29","0.0023"
"4492","4492","SKU-00365","1","108.48","0.0001"
"4493","4493","SKU-00382","4","108.67","0.0004"
"4494","4494","SKU-00399","3","108.86","0.0007"
"4495","4495","SKU-00416","2","109.05","0.0010"
"4496","4496","SKU-00433","1","109.24","0.0013"
"4497","4497","SKU-00450","4","109.43","0.0016"
"4498","4498","SKU-00467","3","109.62","0.0019"
"4499","4499","SKU-00484","2","109.81","0.0022"
"4500","4500","SKU-00501","1","110.00","0.0000"
"4501","4501","SKU-00518","4","110.19","0.0003"
"4502","4502","SKU-00535","3","110.38","0.0006"
"4503","4503","SKU-00552","2","110.57","0.0009"
"4504","4504","SKU-00569","1","110.76","0.0012"
"4505","4505","SKU-00586","4","110.95","0.0015"
"4506","4506","SKU-00603","3","111.14","0.0018"
"4507","4507","SKU-00620","2","111.33","0.0021"
"4508","4508","SKU-00637","1","111.52","0.0024"
"4509","4509","SKU-00654","4","111.71","0.0002"
"4510","4510","SKU-00671","3","111.90","0.0005"
"4511","4511","SKU-00688","2","112.09","0.0008"
"4512","4512","SKU-00705","1","112.28","0.0011"
"4513","4513","SKU-00722","4","112.47","0.0014"
"4514","4514","SKU-00739","3","112.66","0.0017"
"4515","4515","SKU-00756","2","112.85","0.0020"
"4516","4516","SKU-00773","1","113.04","0.0023"
"4517","4517","SKU-00790","4","113.23","0.0001"
"4518","4518","SKU-00807","3","113.42","0.0004"
"4519","4519","SKU-00824","2","113.61","0.0007"
"4520","4520","SKU-00841","1","113.80","0.0010"
"4521","4521","SKU-00858","4","113.99","0.0013"
"4522","4522","SKU-00875","3","114.18","0.0016"
"4523","4523","SKU-00892","2","114.37","0.0019"
"4524","4524","SKU-00909","1","114.56","0.0022"
"4525","4525","SKU-00926","4","114.75","0.0000"
"4526","4526","SKU-00943","3","114.94","0.0003"
"4527","4527","SKU-00960","2","115.13","0.0006"
"4528","4528","SKU-00977","1","115.32","0.0009"
"4529","4529","SKU-00994","4","115.51","0.0012"
"4530","4530","SKU-00011","3","115.70","0.0015"
"4531","4531","SKU-00028","2","115.89","0.0018"
"4532","4532","SKU-00045","1","116.08","0.0021"
"4533","4533","SKU-00062","4","116.27","0.0024"
"4534","4534","SKU-00079","3","116.46","0.0002"
"4535","4535","SKU-00096","2","116.65","0.0005"
"4536","4536","SKU-00113","1","116.84","0.0008"
"4537","4537","SKU-00130","4","117.03","0.0011"
"4538","4538","SKU-00147","3","117.22","0.0014"
"4539","4539","SKU-00164","2","117.41","0.0017"
"4540","4540","SKU-00181","1","117.60","0.0020"
"4541","4541","SKU-00198","4","117.79","0.0023"
"4542","4542","SKU-00215","3","117.98","0.0001"
"4543","4543","SKU-00232","2","118.17","0.0004"
"4544","4544","SKU-00249","1","118.36","0.0007"
"4545","4545","SKU-00266","4","118.55","0.0010"
"4546","4546","SKU-00283","3","118.74","0.0013"
"4547","4547","SKU-00300","2","118.93","0.0016"
"4548","4548","SKU-00317","1","119.12","0.0019"
"4549","4549","SKU-00334","4","119.31","0.0022"
"4550","4550","SKU-00351","3","119.50","0.0000"
"4551","4551","SKU-00368","2","119.69","0.0003"
"4552","4552","SKU-00385","1","119.88","0.0006"
"4553","4553","SKU-00402","4","120.07","0.0009"
"4554","4554","SKU-00419","3","120.26","0.0012"
"4555","4555","SKU-00436","2","120.45","0.0015"
"4556","4556","SKU-00453","1","120.64","0.0018"
"4557","4557","SKU-00470","4","120.83","0.0021"
"4558","4558","SKU-00487","3","121.02","0.0024"
"4559","4559","SKU-00504","2","121.21","0.0002"
"4560","4560","SKU-00521","1","121.40","0.0005"
"4561","4561","SKU-00538","4","121.59","0.0008"
"4562","4562","SKU-00555","3","121.78","0.0011"
"4563","4563","SKU-00572","2","121.97","0.0014"
"4564","4564","SKU-00589","1","122.16","0.0017"
"4565","4565","SKU-00606","4","122.35","0.0020"
"4566","4566","SKU-00623","3","122.54","0.0023"
"4567","4567","SKU-00640","2","122.73","0.0001"
"4568","4568","SKU-00657","1","122.92","0.0004"
"4569","4569","SKU-00674","4","123.11","0.0007"
"4570","4570","SKU-00691","3","123.30","0.0010"
"4571","4571","SKU-00708","2","123.49","0.0013"
"4572","4572","SKU-00725","1","123.68","0.0016"
"4573","4573","SKU-00742","4","123.87","0.0019"
"4574","4574","SKU-00759","3","124.06","0.0022"
"4575","4575","SKU-00776","2","124.25","0.0000"
"4576","4576","SKU-00793","1","124.44","0.0003"
"4577","4577","SKU-00810","4","124.63","0.0006"
"4578","4578","SKU-00827","3","124.82","0.0009"
"4579","4579","SKU-00844","2","125.01","0.0012"
"4580","4580","SKU-00861","1","125.20","0.0015"
"4581","4581","SKU-00878","4","125.39","0.0018"
"4582","4582","SKU-00895","3","125.58","0.0021"
"4583","4583","SKU-00912","2","125.77","0.0024"
"4584","4584","SKU-00929","1","125.96","0.0002"
"4585","4585","SKU-00946","4","126.15","0.0005"
"4586","4586","SKU-00963","3","126.34","0.0008"
"4587","4587","SKU-00980","2","126.53","0.0011"
"4588","4588","SKU-00997","1","126.72","0.0014"
"4589","4589","SKU-00014","4","126.91","0.0017"
"4590","4590","SKU-00031","3","127.10","0.0020"
"4591","4591","SKU-00048","2","127.29","0.0023"
"4592","4592","SKU-00065","1","127.48","0.0001"
"4593","4593","SKU-00082","4","127.67","0.0004"
"4594","4594","SKU-00099","3","127.86","0.0007"
"4595","4595","SKU-00116","2","128.05","0.0010"
"4596","4596","SKU-00133","1","128.24","0.0013"
"4597","4597","SKU-00150","4","128.43","0.0016"
"4598","4598","SKU-00167","3","128.62","0.0019"
"4599","4599","SKU-00184","2","128.81","0.0022"
"4600","4600","SKU-00201","1","129.00","0.0000"
"4601","4601","SKU-00218","4","129.19","0.0003"
"4602","4602","SKU-00235","3","129.38","0.0006"
"4603","4603","SKU-00252","2","129.57","0.0009"
"4604","4604","SKU-00269","1","129.76","0.0012"
"4605","4605","SKU-00286","4","129.95","0.0015"
"4606","4606","SKU-00303","3","130.14","0.0018"
"4607","4607","SKU-00320","2","130.33","0.0021"
"4608","4608","SKU-00337","1","130.52","0.0024"
"4609","4609","SKU-00354","4","130.71","0.0002"
"4610","4610","SKU-00371","3","130.90","0.0005"
"4611","4611","SKU-00388","2","131.09","0.0008"
"4612","4612","SKU-00405","1","131.28","0.0011"
"4613","4613","SKU-00422","4","131.47","0.0014"
"4614","4614","SKU-00439","3","131.66","0.0017"
"4615","4615","SKU-00456","2","131.85","0.0020"
"4616","4616","SKU-00473","1","132.04","0.0023"
"4617","4617","SKU-00490","4","132.23","0.0001"
"4618","4618","SKU-00507","3","132.42","0.0004"
"4619","4619","SKU-00524","2","132.61","0.0007"
"4620","4620","SKU-00541","1","132.80","0.0010"
"4621","4621","SKU-00558","4","132.99","0.0013"
"4622","4622","SKU-00575","3","133.18","0.0016"
"4623","4623","SKU-00592","2","133.37","0.0019"
"4624","4624","SKU-00609","1","133.56","0.0022"
"4625","4625","SKU-00626","4","133.75","0.0000"
"4626","4626","SKU-00643","3","133.94","0.0003"
"4627","4627","SKU-00660","2","134.13","0.0006"
"4628","4628","SKU-00677","1","134.32","0.0009"
"4629","4629","SKU-00694","4","134.51","0.0012"
"4630","4630","SKU-00711","3","134.70","0.0015"
"4631","4631","SKU-00728","2","134.89","0.0018"
"4632","4632","SKU-00745","1","135.08","0.0021"
"4633","4633","SKU-00762","4","135.27","0.0024"
"4634","4634","SKU-00779","3","135.46","0.0002"
"4635","4635","SKU-00796","2","135.65","0.0005"
"4636","4636","SKU-00813","1","135.84","0.0008"
"4637","4637","SKU-00830","4","136.03","0.0011"
"4638","4638","SKU-00847","3","136.22","0.0014"
"4639","4639","SKU-00864","2","136.41","0.0017"
"4640","4640","SKU-00881","1","136.60","0.0020"
"4641","4641","SKU-00898","4","136.79","0.0023"
"4642","4642","SKU-00915","3","136.98","0.0001"
"4643","4643","SKU-00932","2","137.17","0.0004"
"4644","4644","SKU-00949","1","137.36","0.0007"
"4645","4645","SKU-00966","4","137.55","0.0010"
"4646","4646","SKU-00983","3","137.74","0.0013"
"4647","4647","SKU-01000","2","137.93","0.0016"
"4648","4648","SKU-00017","1","138.12","0.0019"
"4649","4649","SKU-00034","4","138.31","0.0022"
"4650","4650","SKU-00051","3","138.50","0.0000"
"4651","4651","SKU-00068","2","138.69","0.0003"
"4652","4652","SKU-00085","1","138.88","0.0006"
"4653","4653","SKU-00102","4","139.07","0.0009"
"4654","4654","SKU-00119","3","139.26","0.0012"
"4655","4655","SKU-00136","2","139.45","0.0015"
"4656","4656","SKU-00153","1","139.64","0.0018"
"4657","4657","SKU-00170","4","139.83","0.0021"
"4658","4658","SKU-00187","3","140.02","0.0024"
"4659","4659","SKU-00204","2","140.21","0.0002"
"4660","4660","SKU-00221","1","140.40","0.0005"
"4661","4661","SKU-00238","4","140.59","0.0008"
"4662","4662","SKU-00255","3","140.78","0.0011"
"4663","4663","SKU-00272","2","140.97","0.0014"
"4664","4664","SKU-00289","1","141.16","0.0017"
"4665","4665","SKU-00306","4","141.35","0.0020"
"4666","4666","SKU-00323","3","141.54","0.0023"
"4667","4667","SKU-00340","2","141.73","0.0001"
"4668","4668","SKU-00357","1","141.92","0.0004"
"4669","4669","SKU-00374","4","142.11","0.0007"
"4670","4670","SKU-00391","3","142.30","0.0010"
"4671","4671","SKU-00408","2","142.49","0.0013"
"4672","4672","SKU-00425","1","142.68","0.0016"
"4673","4673","SKU-00442","4","142.87","0.0019"
"4674","4674","SKU-00459","3","143.06","0.0022"
"4675","4675","SKU-00476","2","143.25","0.0000"
"4676","4676","SKU-00493","1","143.44","0.0003"
"4677","4677","SKU-00510","4","143.63","0.0006"
"4678","4678","SKU-00527","3","143.82","0.0009"
"4679","4679","SKU-00544","2","144.01","0.0012"
"4680","4680","SKU-00561","1","144.20","0.0015"
"4681","4681","SKU-00578","4","144.39","0.0018"
"4682","4682","SKU-00595","3","144.58","0.0021"
"4683","4683","SKU-00612","2","144.77","0.0024"
"4684","4684","SKU-00629","1","144.96","0.0002"
"4685","4685","SKU-00646","4","145.15","0.0005"
"4686","4686","SKU-00663","3","145.34","0.0008"
"4687","4687","SKU-00680","2","145.53","0.0011"
"4688","4688","SKU-00697","1","145.72","0.0014"
"4689","4689","SKU-00714","4","145.91","0.0017"
"4690","4690","SKU-00731","3","146.10","0.0020"
"4691","4691","SKU-00748","2","146.29","0.0023"
"4692","4692","SKU-00765","1","146.48","0.0001"
"4693","4693","SKU-00782","4","146.67","0.0004"
"4694","4694","SKU-00799","3","146.86","0.0007"
"4695","4695","SKU-00816","2","147.05","0.0010"
"4696","4696","SKU-00833","1","147.24","0.0013"
"4697","4697","SKU-00850","4","147.43","0.0016"
"4698","4698","SKU-00867","3","147.62","0.0019"
"4699","4699","SKU-00884","2","147.81","0.0022"
"4700","4700","SKU-00901","1","148.00","0.0000"
"4701","4701","SKU-00918","4","148.19","0.0003"
"4702","4702","SKU-00935","3","148.38","0.0006"
"4703","4703","SKU-00952","2","148.57","0.0009"
"4704","4704","SKU-00969","1","148.76","0.0012"
"4705","4705","SKU-00986","4","148.95","0.0015"
"4706","4706","SKU-00003","3","149.14","0.0018"
"4707","4707","SKU-00020","2","149.33","0.0021"
"4708","4708","SKU-00037","1","149.52","0.0024"
"4709","4709","SKU-00054","4","149.71","0.0002"
"4710","4710","SKU-00071","3","149.90","0.0005"
"4711","4711","SKU-00088","2","150.09","0.0008"
"4712","4712","SKU-00105","1","150.28","0.0011"
"4713","4713","SKU-00122","4","150.47","0.0014"
"4714","4714","SKU-00139","3","150.66","0.0017"
"4715","4715","SKU-00156","2","150.85","0.0020"
"4716","4716","SKU-00173","1","151.04","0.0023"
"4717","4717","SKU-00190","4","151.23","0.0001"
"4718","4718","SKU-00207","3","151.42","0.0004"
"4719","4719","SKU-00224","2","151.61","0.0007"
"4720","4720","SKU-00241","1","151.80","0.0010"
"4721","4721","SKU-00258","4","151.99","0.0013"
"4722","4722","SKU-00275","3","152.18","0.0016"
"4723","4723","SKU-00292","2","152.37","0.0019"
"4724","4724","SKU-00309","1","152.56","0.0022"
"4725","4725","SKU-00326","4","152.75","0.0000"
"4726","4726","SKU-00343","3","152.94","0.0003"
"4727","4727","SKU-00360","2","153.13","0.0006"
"4728","4728","SKU-00377","1","153.32","0.0009"
"4729","4729","SKU-00394","4","153.51","0.0012"
"4730","4730","SKU-00411","3","153.70","0.0015"
"4731","4731","SKU-00428","2","153.89","0.0018"
"4732","4732","SKU-00445","1","154.08","0.0021"
"4733","4733","SKU-00462","4","154.27","0.0024"
"4734","4734","SKU-00479","3","154.46","0.0002"
"4735","4735","SKU-00496","2","154.65","0.0005"
"4736","4736","SKU-00513","1","154.84","0.0008"
"4737","4737","SKU-00530","4","155.03","0.0011"
"4738","4738","SKU-00547","3","155.22","0.0014"
"4739","4739","SKU-00564","2","155.41","0.0017"
"4740","4740","SKU-00581","1","155.60","0.0020"
"4741","4741","SKU-00598","4","155.79","0.0023"
"4742","4742","SKU-00615","3","155.98","0.0001"
"4743","4743","SKU-00632","2","156.17","0.0004"
"4744","4744","SKU-00649","1","156.36","0.0007"
"4745","4745","SKU-00666","4","156.55","0.0010"
"4746","4746","SKU-00683","3","156.74","0.0013"
"4747","4747","SKU-00700","2","156.93","0.0016"
"4748","4748","SKU-00717","1","157.12","0.0019"
"4749","4749","SKU-00734","4","157.31","0.0022"
"4750","4750","SKU-00751","3","157.50","0.0000"
"4751","4751","SKU-00768","2","157.69","0.0003"
"4752","4752","SKU-00785","1","157.88","0.0006"
"4753","4753","SKU-00802","4","158.07","0.0009"
"4754","4754","SKU-00819","3","158.26","0.0012"
"4755","4755","SKU-00836","2","158.45","0.0015"
"4756","4756","SKU-00853","1","158.64","0.0018"
"4757","4757","SKU-00870","4","158.83","0.0021"
"4758","4758","SKU-00887","3","159.02","0.0024"
"4759","4759","SKU-00904","2","159.21","0.0002"
"4760","4760","SKU-00921","1","159.40","0.0005"
"4761","4761","SKU-00938","4","159.59","0.0008"
"4762","4762","SKU-00955","3","159.78","0.0011"
"4763","4763","SKU-00972","2","159.97","0.0014"
"4764","4764","SKU-00989","1","160.16","0.0017"
"4765","4765","SKU-00006","4","160.35","0.0020"
"4766","4766","SKU-00023","3","160.54","0.0023"
"4767","4767","SKU-00040","2","160.73","0.0001"
"4768","4768","SKU-00057","1","160.92","0.0004"
"4769","4769","SKU-00074","4","161.11","0.0007"
"4770","4770","SKU-00091","3","161.30","0.0010"
"4771","4771","SKU-00108","2","161.49","0.0013"
"4772","4772","SKU-00125","1","161.68","0.0016"
"4773","4773","SKU-00142","4","161.87","0.0019"
"4774","4774","SKU-00159","3","162.06","0.0022"
"4775","4775","SKU-00176","2","162.25","0.0000"
"4776","4776","SKU-00193","1","162.44","0.0003"
"4777","4777","SKU-00210","4","162.63","0.0006"
"4778","4778","SKU-00227","3","162.82","0.0009"
"4779","4779","SKU-00244","2","163.01","0.0012"
"4780","4780","SKU-00261","1","163.20","0.0015"
"4781","4781","SKU-00278","4","163.39","0.0018"
"4782","4782","SKU-00295","3","163.58","0.0021"
"4783","4783","SKU-00312","2","163.77","0.0024"
"4784","4784","SKU-00329","1","163.96","0.0002"
"4785","4785","SKU-00346","4","164.15","0.0005"
"4786","4786","SKU-00363","3","164.34","0.0008"
"4787","4787","SKU-00380","2","164.53","0.0011"
"4788","4788","SKU-00397","1","164.72","0.0014"
"4789","4789","SKU-00414","4","164.91","0.0017"
"4790","4790","SKU-00431","3","165.10","0.0020"
"4791","4791","SKU-00448","2","165.29","0.0023"
"4792","4792","SKU-00465","1","165.48","0.0001"
"4793","4793","SKU-00482","4","165.67","0.0004"
"4794","4794","SKU-00499","3","165.86","0.0007"
"4795","4795","SKU-00516","2","166.05","0.0010"
"4796","4796","SKU-00533","1","166.24","0.0013"
"4797","4797","SKU-00550","4","166.43","0.0016"
"4798","4798","SKU-00567","3","166.62","0.0019"
"4799","4799","SKU-00584","2","166.81","0.0022"
"4800","4800","SKU-00601","1","167.00","0.0000"
"4801","4801","SKU-00618","4","167.19","0.0003"
"4802","4802","SKU-00635","3","167.38","0.0006"
"4803","4803","SKU-00652","2","167.57","0.0009"
"4804","4804","SKU-00669","1","167.76","0.0012"
"4805","4805","SKU-00686","4","167.95","0.0015"
"4806","4806","SKU-00703","3","168.14","0.0018"
"4807","4807","SKU-00720","2","168.33","0.0021"
"4808","4808","SKU-00737","1","168.52","0.0024"
"4809","4809","SKU-00754","4","168.71","0.0002"
"4810","4810","SKU-00771","3","168.90","0.0005"
"4811","4811","SKU-00788","2","169.09","0.0008"
"4812","4812","SKU-00805","1","169.28","0.0011"
"4813","4813","SKU-00822","4","169.47","0.0014"
"4814","4814","SKU-00839","3","169.66","0.0017"
"4815","4815","SKU-00856","2","169.85","0.0020"
"4816","4816","SKU-00873","1","170.04","0.0023"
"4817","4817","SKU-00890","4","170.23","0.0001"
"4818","4818","SKU-00907","3","170.42","0.0004"
"4819","4819","SKU-00924","2","170.61","0.0007"
"4820","4820","SKU-00941","1","170.80","0.0010"
"4821","4821","SKU-00958","4","170.99","0.0013"
"4822","4822","SKU-00975","3","171.18","0.0016"
"4823","4823","SKU-00992","2","171.37","0.0019"
"4824","4824","SKU-00009","1","171.56","0.0022"
"4825","4825","SKU-00026","4","171.75","0.0000"
"4826","4826","SKU-00043","3","171.94","0.0003"
"4827","4827","SKU-00060","2","172.13","0.0006"
"4828","4828","SKU-00077","1","172.32","0.0009"
"4829","4829","SKU-00094","4","172.51","0.0012"
"4830","4830","SKU-00111","3","172.70","0.0015"
"4831","4831","SKU-00128","2","172.89","0.0018"
"4832","4832","SKU-00145","1","173.08","0.0021"
"4833","4833","SKU-00162","4","173.27","0.0024"
"4834","4834","SKU-00179","3","173.46","0.0002"
"4835","4835","SKU-00196","2","173.65","0.0005"
"4836","4836","SKU-00213","1","173.84","0.0008"
"4837","4837","SKU-00230","4","174.03","0.0011"
"4838","4838","SKU-00247","3","174.22","0.0014"
"4839","4839","SKU-00264","2","174.41","0.0017"
"4840","4840","SKU-00281","1","174.60","0.0020"
"4841","4841","SKU-00298","4","174.79","0.0023"
"4842","4842","SKU-00315","3","174.98","0.0001"
"4843","4843","SKU-00332","2","175.17","0.0004"
"4844","4844","SKU-00349","1","175.36","0.0007"
"4845","4845","SKU-00366","4","175.55","0.0010"
"4846","4846","SKU-00383","3","175.74","0.0013"
"4847","4847","SKU-00400","2","175.93","0.0016"
"4848","4848","SKU-00417","1","176.12","0.0019"
"4849","4849","SKU-00434","4","176.31","0.0022"
"4850","4850","SKU-00451","3","176.50","0.0000"
"4851","4851","SKU-00468","2","176.69","0.0003"
"4852","4852","SKU-00485","1","176.88","0.0006"
"4853","4853","SKU-00502","4","177.07","0.0009"
"4854","4854","SKU-00519","3","177.26","0.0012"
"4855","4855","SKU-00536","2","177.45","0.0015"
"4856","4856","SKU-00553","1","177.64","0.0018"
"4857","4857","SKU-00570","4","177.83","0.0021"
"4858","4858","SKU-00587","3","178.02","0.0024"
"4859","4859","SKU-00604","2","178.21","0.0002"
"4860","4860","SKU-00621","1","178.40","0.0005"
"4861","4861","SKU-00638","4","178.59","0.0008"
"4862","4862","SKU-00655","3","178.78","0.0011"
"4863","4863","SKU-00672","2","178.97","0.0014"
"4864","4864","SKU-00689","1","179.16","0.0017"
"4865","4865","SKU-00706","4","179.35","0.0020"
"4866","4866","SKU-00723","3","179.54","0.0023"
"4867","4867","SKU-00740","2","179.73","0.0001"
"4868","4868","SKU-00757","1","179.92","0.0004"
"4869","4869","SKU-00774","4","180.11","0.0007"
"4870","4870","SKU-00791","3","180.30","0.0010"
"4871","4871","SKU-00808","2","180.49","0.0013"
"4872","4872","SKU-00825","1","180.68","0.0016"
"4873","4873","SKU-00842","4","180.87","0.0019"
"4874","4874","SKU-00859","3","181.06","0.0022"
"4875","4875","SKU-00876","2","181.25","0.0000"
"4876","4876","SKU-00893","1","181.44","0.0003"
"4877","4877","SKU-00910","4","181.63","0.0006"
"4878","4878","SKU-00927","3","181.82","0.0009"
"4879","4879","SKU-00944","2","182.01","0.0012"
"4880","4880","SKU-00961","1","182.20","0.0015"
"4881","4881","SKU-00978","4","182.39","0.0018"
"4882","4882","SKU-00995","3","182.58","0.0021"
"4883","4883","SKU-00012","2","182.77","0.0024"
"4884","4884","SKU-00029","1","182.96","0.0002"
"4885","4885","SKU-00046","4","183.15","0.0005"
"4886","4886","SKU-00063","3","183.34","0.0008"
"4887","4887","SKU-00080","2","183.53","0.0011"
"4888","4888","SKU-00097","1","183.72","0.0014"
"4889","4889","SKU-00114","4","183.91","0.0017"
"4890","4890","SKU-00131","3","184.10","0.0020"
"4891","4891","SKU-00148","2","184.29","0.0023"
"4892","4892","SKU-00165","1","184.48","0.0001"
"4893","4893","SKU-00182","4","184.67","0.0004"
"4894","4894","SKU-00199","3","184.86","0.0007"
"4895","4895","SKU-00216","2","185.05","0.0010"
"4896","4896","SKU-00233","1","185.24","0.0013"
"4897","4897","SKU-00250","4","185.43","0.0016"
"4898","4898","SKU-00267","3","185.62","0.0019"
"4899","4899","SKU-00284","2","185.81","0.0022"
"4900","4900","SKU-00301","1","186.00","0.0000"
"4901","4901","SKU-00318","4","186.19","0.0003"
"4902","4902","SKU-00335","3","186.38","0.0006"
"4903","4903","SKU-00352","2","186.57","0.0009"
"4904","4904","SKU-00369","1","186.76","0.0012"
"4905","4905","SKU-00386","4","186.95","0.0015"
"4906","4906","SKU-00403","3","187.14","0.0018"
"4907","4907","SKU-00420","2","187.33","0.0021"
"4908","4908","SKU-00437","1","187.52","0.0024"
"4909","4909","SKU-00454","4","187.71","0.0002"
"4910","4910","SKU-00471","3","187.90","0.0005"
"4911","4911","SKU-00488","2","188.09","0.0008"
"4912","4912","SKU-00505","1","188.28","0.0011"
"4913","4913","SKU-00522","4","188.47","0.0014"
"4914","4914","SKU-00539","3","188.66","0.0017"
"4915","4915","SKU-00556","2","188.85","0.0020"
"4916","4916","SKU-00573","1","189.04","0.0023"
"4917","4917","SKU-00590","4","189.23","0.0001"
"4918","4918","SKU-00607","3","189.42","0.0004"
"4919","4919","SKU-00624","2","189.61","0.0007"
"4920","4920","SKU-00641","1","189.80","0.0010"
"4921","4921","SKU-00658","4","189.99","0.0013"
"4922","4922","SKU-00675","3","190.18","0.0016"
"4923","4923","SKU-00692","2","190.37","0.0019"
"4924","4924","SKU-00709","1","190.56","0.0022"
"4925","4925","SKU-00726","4","190.75","0.0000"
"4926","4926","SKU-00743","3","190.94","0.0003"
"4927","4927","SKU-00760","2","191.13","0.0006"
"4928","4928","SKU-00777","1","191.32","0.0009"
"4929","4929","SKU-00794","4","191.51","0.0012"
"4930","4930","SKU-00811","3","191.70","0.0015"
"4931","4931","SKU-00828","2","191.89","0.0018"
"4932","4932","SKU-00845","1","192.08","0.0021"
"4933","4933","SKU-00862","4","192.27","0.0024"
"4934","4934","SKU-00879","3","192.46","0.0002"
"4935","4935","SKU-00896","2","192.65","0.0005"
"4936","4936","SKU-00913","1","192.84","0.0008"
"4937","4937","SKU-00930","4","193.03","0.0011"
"4938","4938","SKU-00947","3","193.22","0.0014"
"4939","4939","SKU-00964","2","193.41","0.0017"
"4940","4940","SKU-00981","1","193.60","0.0020"
"4941","4941","SKU-00998","4","193.79","0.0023"
"4942","4942","SKU-00015","3","193.98","0.0001"
"4943","4943","SKU-00032","2","194.17","0.0004"
"4944","4944","SKU-00049","1","194.36","0.0007"
"4945","4945","SKU-00066","4","194.55","0.0010"
"4946","4946","SKU-00083","3","194.74","0.0013"
"4947","4947","SKU-00100","2","194.93","0.0016"
"4948","4948","SKU-00117","1","195.12","0.0019"
"4949","4949","SKU-00134","4","195.31","0.0022"
"4950","4950","SKU-00151","3","195.50","0.0000"
"4951","4951","SKU-00168","2","195.69","0.0003"
"4952","4952","SKU-00185","1","195.88","0.0006"
"4953","4953","SKU-00202","4","196.07","0.0009"
"4954","4954","SKU-00219","3","196.26","0.0012"
"4955","4955","SKU-00236","2","196.45","0.0015"
"4956","4956","SKU-00253","1","196.64","0.0018"
"4957","4957","SKU-00270","4","196.83","0.0021"
"4958","4958","SKU-00287","3","197.02","0.0024"
"4959","4959","SKU-00304","2","197.21","0.0002"
"4960","4960","SKU-00321","1","197.40","0.0005"
"4961","4961","SKU-00338","4","197.59","0.0008"
"4962","4962","SKU-00355","3","197.78","0.0011"
"4963","4963","SKU-00372","2","197.97","0.0014"
"4964","4964","SKU-00389","1","198.16","0.0017"
"4965","4965","SKU-00406","4","198.35","0.0020"
"4966","4966","SKU-00423","3","198.54","0.0023"
"4967","4967","SKU-00440","2","198.73","0.0001"
"4968","4968","SKU-00457","1","198.92","0.0004"
"4969","4969","SKU-00474","4","199.11","0.0007"
"4970","4970","SKU-00491","3","199.30","0.0010"
"4971","4971","SKU-00508","2","199.49","0.0013"
"4972","4972","SKU-00525","1","199.68","0.0016"
"4973","4973","SKU-00542","4","199.87","0.0019"
"4974","4974","SKU-00559","3","200.06","0.0022"
"4975","4975","SKU-00576","2","200.25","0.0000"
"4976","4976","SKU-00593","1","200.44","0.0003"
"4977","4977","SKU-00610","4","200.63","0.0006"
"4978","4978","SKU-00627","3","200.82","0.0009"
"4979","4979","SKU-00644","2","201.01","0.0012"
"4980","4980","SKU-00661","1","201.20","0.0015"
"4981","4981","SKU-00678","4","201.39","0.0018"
"4982","4982","SKU-00695","3","201.58","0.0021"
"4983","4983","SKU-00712","2","201.77","0.0024"
"4984","4984","SKU-00729","1","201.96","0.0002"
"4985","4985","SKU-00746","4","202.15","0.0005"
"4986","4986","SKU-00763","3","202.34","0.0008"
"4987","4987","SKU-00780","2","202.53","0.0011"
"4988","4988","SKU-00797","1","202.72","0.0014"
"4989","4989","SKU-00814","4","202.91","0.0017"
"4990","4990","SKU-00831","3","203.10","0.0020"
"4991","4991","SKU-00848","2","203.29","0.0023"
"4992","4992","SKU-00865","1","203.48","0.0001"
"4993","4993","SKU-00882","4","203.67","0.0004"
"4994","4994","SKU-00899","3","203.86","0.0007"
"4995","4995","SKU-00916","2","204.05","0.0010"
"4996","4996","SKU-00933","1","204.24","0.0013"
"4997","4997","SKU-00950","4","204.43","0.0016"
"4998","4998","SKU-00967","3","204.62","0.0019"
"4999","4999","SKU-00984","2","204.81","0.0022"
"5000","5000","SKU-00001","1","205.00","0.0000"
"5001","1","SKU-00018","4","205.19","0.0003"
"5002","2","SKU-00035","3","205.38","0.0006"
"5003","3","SKU-00052","2","205.57","0.0009"
"5004","4","SKU-00069","1","205.76","0.0012"
"5005","5","SKU-00086","4","205.95","0.0015"
"5006","6","SKU-00103","3","206.14","0.0018"
"5007","7","SKU-00120","2","206.33","0.0021"
"5008","8","SKU-00137","1","206.52","0.0024"
"5009","9","SKU-00154","4","206.71","0.0002"
"5010","10","SKU-00171","3","206.90","0.0005"
"5011","11","SKU-00188","2","207.09","0.0008"
"5012","12","SKU-00205","1","207.28","0.0011"
"5013","13","SKU-00222","4","207.47","0.0014"
"5014","14","SKU-00239","3","207.66","0.0017"
"5015","15","SKU-00256","2","207.85","0.0020"
"5016","16","SKU-00273","1","208.04","0.0023"
"5017","17","SKU-00290","4","208.23","0.0001"
"5018","18","SKU-00307","3","208.42","0.0004"
"5019","19","SKU-00324","2","208.61","0.0007"
"5020","20","SKU-00341","1","208.80","0.0010"
"5021","21","SKU-00358","4","208.99","0.0013"
"5022","22","SKU-00375","3","209.18","0.0016"
"5023","23","SKU-00392","2","209.37","0.0019"
"5024","24","SKU-00409","1","209.56","0.0022"
"5025","25","SKU-00426","4","209.75","0.0000"
"5026","26","SKU-00443","3","209.94","0.0003"
"5027","27","SKU-00460","2","210.13","0.0006"
"5028","28","SKU-00477","1","210.32","0.0009"
"5029","29","SKU-00494","4","210.51","0.0012"
"5030","30","SKU-00511","3","210.70","0.0015"
"5031","31","SKU-00528","2","210.89","0.0018"
"5032","32","SKU-00545","1","211.08","0.0021"
"5033","33","SKU-00562","4","211.27","0.0024"
"5034","34","SKU-00579","3","211.46","0.0002"
"5035","35","SKU-00596","2","211.65","0.0005"
"5036","36","SKU-00613","1","211.84","0.0008"
"5037","37","SKU-00630","4","212.03","0.0011"
"5038","38","SKU-00647","3","212.22","0.0014"
"5039","39","SKU-00664","2","212.41","0.0017"
"5040","40","SKU-00681","1","212.60","0.0020"
"5041","41","SKU-00698","4","212.79","0.0023"
"5042","42","SKU-00715","3","212.98","0.0001"
"5043","43","SKU-00732","2","213.17","0.0004"
"5044","44","SKU-00749","1","213.36","0.0007"
"5045","45","SKU-00766","4","213.55","0.0010"
"5046","46","SKU-00783","3","213.74","0.0013"
"5047","47","SKU-00800","2","213.93","0.0016"
"5048","48","SKU-00817","1","214.12","0.0019"
"5049","49","SKU-00834","4","214.31","0.0022"
"5050","50","SKU-00851","3","214.50","0.0000"
"5051","51","SKU-00868","2","214.69","0.0003"
"5052","52","SKU-00885","1","214.88","0.0006"
"5053","53","SKU-00902","4","215.07","0.0009"
"5054","54","SKU-00919","3","215.26","0.0012"
"5055","55","SKU-00936","2","215.45","0.0015"
"5056","56","SKU-00953","1","215.64","0.0018"
"5057","57","SKU-00970","4","215.83","0.0021"
"5058","58","SKU-00987","3","216.02","0.0024"
"5059","59","SKU-00004","2","216.21","0.0002"
"5060","60","SKU-00021","1","216.40","0.0005"
"5061","61","SKU-00038","4","216.59","0.0008"
"5062","62","SKU-00055","3","216.78","0.0011"
"5063","63","SKU-00072","2","216.97","0.0014"
"5064","64","SKU-00089","1","217.16","0.0017"
"5065","65","SKU-00106","4","217.35","0.0020"
"5066","66","SKU-00123","3","217.54","0.0023"
"5067","67","SKU-00140","2","217.73","0.0001"
"5068","68","SKU-00157","1","217.92","0.0004"
"5069","69","SKU-00174","4","218.11","0.0007"
"5070","70","SKU-00191","3","218.30","0.0010"
"5071","71","SKU-00208","2","218.49","0.0013"
"5072","72","SKU-00225","1","218.68","0.0016"
"5073","73","SKU-00242","4","218.87","0.0019"
"5074","74","SKU-00259","3","219.06","0.0022"
"5075","75","SKU-00276","2","219.25","0.0000"
"5076","76","SKU-00293","1","219.44","0.0003"
"5077","77","SKU-00310","4","219.63","0.0006"
"5078","78","SKU-00327","3","219.82","0.0009"
"5079","79","SKU-00344","2","220.01","0.0012"
"5080","80","SKU-00361","1","220.20","0.0015"
"5081","81","SKU-00378","4","220.39","0.0018"
"5082","82","SKU-00395","3","220.58","0.0021"
"5083","83","SKU-00412","2","220.77","0.0024"
"5084","84","SKU-00429","1","220.96","0.0002"
"5085","85","SKU-00446","4","221.15","0.0005"
"5086","86","SKU-00463","3","221.34","0.0008"
"5087","87","SKU-00480","2","221.53","0.0011"
"5088","88","SKU-00497","1","221.72","0.0014"
"5089","89","SKU-00514","4","221.91","0.0017"
"5090","90","SKU-00531","3","222.10","0.0020"
"5091","91","SKU-00548","2","222.29","0.0023"
"5092","92","SKU-00565","1","222.48","0.0001"
"5093","93","SKU-00582","4","222.67","0.0004"
"5094","94","SKU-00599","3","222.86","0.0007"
"5095","95","SKU-00616","2","223.05","0.0010"
"5096","96","SKU-00633","1","223.24","0.0013"
"5097","97","SKU-00650","4","223.43","0.0016"
"5098","98","SKU-00667","3","223.62","0.0019"
"5099","99","SKU-00684","2","223.81","0.0022"
"5100","100","SKU-00701","1","224.00","0.0000"
"5101","101","SKU-00718","4","224.19","0.0003"
"5102","102","SKU-00735","3","224.38","0.0006"
"5103","103","SKU-00752","2","224.57","0.0009"
"5104","104","SKU-00769","1","224.76","0.0012"
"5105","105","SKU-00786","4","224.95","0.0015"
"5106","106","SKU-00803","3","225.14","0.0018"
"5107","107","SKU-00820","2","225.33","0.0021"
"5108","108","SKU-00837","1","225.52","0.0024"
"5109","109","SKU-00854","4","225.71","0.0002"
"5110","110","SKU-00871","3","225.90","0.0005"
"5111","111","SKU-00888","2","226.09","0.0008"
"5112","112","SKU-00905","1","226.28","0.0011"
"5113","113","SKU-00922","4","226.47","0.0014"
"5114","114","SKU-00939","3","226.66","0.0017"
"5115","115","SKU-00956","2","226.85","0.0020"
"5116","116","SKU-00973","1","227.04","0.0023"
"5117","117","SKU-00990","4","227.23","0.0001"
"5118","118","SKU-00007","3","227.42","0.0004"
"5119","119","SKU-00024","2","227.61","0.0007"
"5120","120","SKU-00041","1","227.80","0.0010"
"5121","121","SKU-00058","4","227.99","0.0013"
"5122","122","SKU-00075","3","228.18","0.0016"
"5123","123","SKU-00092","2","228.37","0.0019"
"5124","124","SKU-00109","1","228.56","0.0022"
"5125","125","SKU-00126","4","228.75","0.0000"
"5126","126","SKU-00143","3","228.94","0.0003"
"5127","127","SKU-00160","2","229.13","0.0006"
"5128","128","SKU-00177","1","229.32","0.0009"
"5129","129","SKU-00194","4","229.51","0.0012"
"5130","130","SKU-00211","3","229.70","0.0015"
"5131","131","SKU-00228","2","229.89","0.0018"
"5132","132","SKU-00245","1","230.08","0.0021"
"5133","133","SKU-00262","4","230.27","0.0024"
"5134","134","SKU-00279","3","230.46","0.0002"
"5135","135","SKU-00296","2","230.65","0.0005"
"5136","136","SKU-00313","1","230.84","0.0008"
"5137","137","SKU-00330","4","231.03","0.0011"
"5138","138","SKU-00347","3","231.22","0.0014"
"5139","139","SKU-00364","2","231.41","0.0017"
"5140","140","SKU-00381","1","231.60","0.0020"
"5141","141","SKU-00398","4","231.79","0.0023"
"5142","142","SKU-00415","3","231.98","0.0001"
"5143","143","SKU-00432","2","232.17","0.0004"
"5144","144","SKU-00449","1","232.36","0.0007"
"5145","145","SKU-00466","4","232.55","0.0010"
"5146","146","SKU-00483","3","232.74","0.0013"
"5147","147","SKU-00500","2","232.93","0.0016"
"5148","148","SKU-00517","1","233.12","0.0019"
"5149","149","SKU-00534","4","233.31","0.0022"
"5150","150","SKU-00551","3","233.50","0.0000"
"5151","151","SKU-00568","2","233.69","0.0003"
"5152","152","SKU-00585","1","233.88","0.0006"
"5153","153","SKU-00602","4","234.07","0.0009"
"5154","154","SKU-00619","3","234.26","0.0012"
"5155","155","SKU-00636","2","234.45","0.0015"
"5156","156","SKU-00653","1","234.64","0.0018"
"5157","157","SKU-00670","4","234.83","0.0021"
"5158","158","SKU-00687","3","235.02","0.0024"
"5159","159","SKU-00704","2","235.21","0.0002"
"5160","160","SKU-00721","1","235.40","0.0005"
"5161","161","SKU-00738","4","235.59","0.0008"
"5162","162","SKU-00755","3","235.78","0.0011"
"5163","163","SKU-00772","2","235.97","0.0014"
"5164","164","SKU-00789","1","236.16","0.0017"
"5165","165","SKU-00806","4","236.35","0.0020"
"5166","166","SKU-00823","3","236.54","0.0023"
"5167","167","SKU-00840","2","236.73","0.0001"
"5168","168","SKU-00857","1","236.92","0.0004"
"5169","169","SKU-00874","4","237.11","0.0007"
"5170","170","SKU-00891","3","237.30","0.0010"
"5171","171","SKU-00908","2","237.49","0.0013"
"5172","172","SKU-00925","1","237.68","0.0016"
"5173","173","SKU-00942","4","237.87","0.0019"
"5174","174","SKU-00959","3","238.06","0.0022"
"5175","175","SKU-00976","2","238.25","0.0000"
"5176","176","SKU-00993","1","238.44","0.0003"
"5177","177","SKU-00010","4","238.63","0.0006"
"5178","178","SKU-00027","3","238.82","0.0009"
"5179","179","SKU-00044","2","239.01","0.0012"
"5180","180","SKU-00061","1","239.20","0.0015"
"5181","181","SKU-00078","4","239.39","0.0018"
"5182","182","SKU-00095","3","239.58","0.0021"
"5183","183","SKU-00112","2","239.77","0.0024"
"5184","184","SKU-00129","1","239.96","0.0002"
"5185","185","SKU-00146","4","240.15","0.0005"
"5186","186","SKU-00163","3","240.34","0.0008"
"5187","187","SKU-00180","2","240.53","0.0011"
"5188","188","SKU-00197","1","240.72","0.0014"
"5189","189","SKU-00214","4","240.91","0.0017"
"5190","190","SKU-00231","3","241.10","0.0020"
"5191","191","SKU-00248","2","241.29","0.0023"
"5192","192","SKU-00265","1","241.48","0.0001"
"5193","193","SKU-00282","4","241.67","0.0004"
"5194","194","SKU-00299","3","241.86","0.0007"
"5195","195","SKU-00316","2","242.05","0.0010"
"5196","196","SKU-00333","1","242.24","0.0013"
"5197","197","SKU-00350","4","242.43","0.0016"
"5198","198","SKU-00367","3","242.62","0.0019"
"5199","199","SKU-00384","2","242.81","0.0022"
"5200","200","SKU-00401","1","243.00","0.0000"
"5201","201","SKU-00418","4","243.19","0.0003"
"5202","202","SKU-00435","3","243.38","0.0006"
"5203","203","SKU-00452","2","243.57","0.0009"
"5204","204","SKU-00469","1","243.76","0.0012"
"5205","205","SKU-00486","4","243.95","0.0015"
"5206","206","SKU-00503","3","244.14","0.0018"
"5207","207","SKU-00520","2","244.33","0.0021"
"5208","208","SKU-00537","1","244.52","0.0024"
"5209","209","SKU-00554","4","244.71","0.0002"
"5210","210","SKU-00571","3","244.90","0.0005"
"5211","211","SKU-00588","2","245.09","0.0008"
"5212","212","SKU-00605","1","245.28","0.0011"
"5213","213","SKU-00622","4","245.47","0.0014"
"5214","214","SKU-00639","3","245.66","0.0017"
"5215","215","SKU-00656","2","245.85","0.0020"
"5216","216","SKU-00673","1","246.04","0.0023"
"5217","217","SKU-00690","4","246.23","0.0001"
"5218","218","SKU-00707","3","246.42","0.0004"
"5219","219","SKU-00724","2","246.61","0.0007"
"5220","220","SKU-00741","1","246.80","0.0010"
"5221","221","SKU-00758","4","246.99","0.0013"
"5222","222","SKU-00775","3","247.18","0.0016"
"5223","223","SKU-00792","2","247.37","0.0019"
"5224","224","SKU-00809","1","247.56","0.0022"
"5225","225","SKU-00826","4","247.75","0.0000"
"5226","226","SKU-00843","3","247.94","0.0003"
"5227","227","SKU-00860","2","248.13","0.0006"
"5228","228","SKU-00877","1","248.32","0.0009"
"5229","229","SKU-00894","4","248.51","0.0012"
"5230","230","SKU-00911","3","248.70","0.0015"
"5231","231","SKU-00928","2","248.89","0.0018"
"5232","232","SKU-00945","1","249.08","0.0021"
"5233","233","SKU-00962","4","249.27","0.0024"
"5234","234","SKU-00979","3","249.46","0.0002"
"5235","235","SKU-00996","2","249.65","0.0005"
"5236","236","SKU-00013","1","249.84","0.0008"
"5237","237","SKU-00030","4","250.03","0.0011"
"5238","238","SKU-00047","3","250.22","0.0014"
"5239","239","SKU-00064","2","250.41","0.0017"
"5240","240","SKU-00081","1","250.60","0.0020"
"5241","241","SKU-00098","4","250.79","0.0023"
"5242","242","SKU-00115","3","250.98","0.0001"
"5243","243","SKU-00132","2","251.17","0.0004"
"5244","244","SKU-00149","1","251.36","0.0007"
"5245","245","SKU-00166","4","251.55","0.0010"
"5246","246","SKU-00183","3","251.74","0.0013"
"5247","247","SKU-00200","2","251.93","0.0016"
"5248","248","SKU-00217","1","252.12","0.0019"
"5249","249","SKU-00234","4","252.31","0.0022"
"5250","250","SKU-00251","3","252.50","0.0000"
"5251","251","SKU-00268","2","252.69","0.0003"
"5252","252","SKU-00285","1","252.88","0.0006"
"5253","253","SKU-00302","4","253.07","0.0009"
"5254","254","SKU-00319","3","253.26","0.0012"
"5255","255","SKU-00336","2","253.45","0.0015"
"5256","256","SKU-00353","1","253.64","0.0018"
"5257","257","SKU-00370","4","253.83","0.0021"
"5258","258","SKU-00387","3","254.02","0.0024"
"5259","259","SKU-00404","2","254.21","0.0002"
"5260","260","SKU-00421","1","254.40","0.0005"
"5261","261","SKU-00438","4","254.59","0.0008"
"5262","262","SKU-00455","3","254.78","0.0011"
"5263","263","SKU-00472","2","254.97","0.0014"
"5264","264","SKU-00489","1","5.16","0.0017"
"5265","265","SKU-00506","4","5.35","0.0020"
"5266","266","SKU-00523","3","5.54","0.0023"
"5267","267","SKU-00540","2","5.73","0.0001"
"5268","268","SKU-00557","1","5.92","0.0004"
"5269","269","SKU-00574","4","6.11","0.0007"
"5270","270","SKU-00591","3","6.30","0.0010"
"5271","271","SKU-00608","2","6.49","0.0013"
"5272","272","SKU-00625","1","6.68","0.0016"
"5273","273","SKU-00642","4","6.87","0.0019"
"5274","274","SKU-00659","3","7.06","0.0022"
"5275","275","SKU-00676","2","7.25","0.0000"
"5276","276","SKU-00693","1","7.44","0.0003"
"5277","277","SKU-00710","4","7.63","0.0006"
"5278","278","SKU-00727","3","7.82","0.0009"
"5279","279","SKU-00744","2","8.01","0.0012"
"5280","280","SKU-00761","1","8.20","0.0015"
"5281","281","SKU-00778","4","8.39","0.0018"
"5282","282","SKU-00795","3","8.58","0.0021"
"5283","283","SKU-00812","2","8.77","0.0024"
"5284","284","SKU-00829","1","8.96","0.0002"
"5285","285","SKU-00846","4","9.15","0.0005"
"5286","286","SKU-00863","3","9.34","0.0008"
"5287","287","SKU-00880","2","9.53","0.0011"
"5288","288","SKU-00897","1","9.72","0.0014"
"5289","289","SKU-00914","4","9.91","0.0017"
"5290","290","SKU-00931","3","10.10","0.0020"
"5291","291","SKU-00948","2","10.29","0.0023"
"5292","292","SKU-00965","1","10.48","0.0001"
"5293","293","SKU-00982","4","10.67","0.0004"
"5294","294","SKU-00999","3","10.86","0.0007"
"5295","295","SKU-00016","2","11.05","0.0010"
"5296","296","SKU-00033","1","11.24","0.0013"
"5297","297","SKU-00050","4","11.43","0.0016"
"5298","298","SKU-00067","3","11.62","0.0019"
"5299","299","SKU-00084","2","11.81","0.0022"
"5300","300","SKU-00101","1","12.00","0.0000"
"5301","301","SKU-00118","4","12.19","0.0003"
"5302","302","SKU-00135","3","12.38","0.0006"
"5303","303","SKU-00152","2","12.57","0.0009"
"5304","304","SKU-00169","1","12.76","0.0012"
"5305","305","SKU-00186","4","12.95","0.0015"
"5306","306","SKU-00203","3","13.14","0.0018"
"5307","307","SKU-00220","2","13.33","0.0021"
"5308","308","SKU-00237","1","13.52","0.0024"
"5309","309","SKU-00254","4","13.71","0.0002"
"5310","310","SKU-00271","3","13.90","0.0005"
"5311","311","SKU-00288","2","14.09","0.0008"
"5312","312","SKU-00305","1","14.28","0.0011"
"5313","313","SKU-00322","4","14.47","0.0014"
"5314","314","SKU-00339","3","14.66","0.0017"
"5315","315","SKU-00356","2","14.85","0.0020"
"5316","316","SKU-00373","1","15.04","0.0023"
"5317","317","SKU-00390","4","15.23","0.0001"
"5318","318","SKU-00407","3","15.42","0.0004"
"5319","319","SKU-00424","2","15.61","0.0007"
"5320","320","SKU-00441","1","15.80","0.0010"
"5321","321","SKU-00458","4","15.99","0.0013"
"5322","322","SKU-00475","3","16.18","0.0016"
"5323","323","SKU-00492","2","16.37","0.0019"
"5324","324","SKU-00509","1","16.56","0.0022"
"5325","325","SKU-00526","4","16.75","0.0000"
"5326","326","SKU-00543","3","16.94","0.0003"
"5327","327","SKU-00560","2","17.13","0.0006"
"5328","328","SKU-00577","1","17.32","0.0009"
"5329","329","SKU-00594","4","17.51","0.0012"
"5330","330","SKU-00611","3","17.70","0.0015"
"5331","331","SKU-00628","2","17.89","0.0018"
"5332","332","SKU-00645","1","18.08","0.0021"
"5333","333","SKU-00662","4","18.27","0.0024"
"5334","334","SKU-00679","3","18.46","0.0002"
"5335","335","SKU-00696","2","18.65","0.0005"
"5336","336","SKU-00713","1","18.84","0.0008"
"5337","337","SKU-00730","4","19.03","0.0011"
"5338","338","SKU-00747","3","19.22","0.0014"
"5339","339","SKU-00764","2","19.41","0.0017"
"5340","340","SKU-00781","1","19.60","0.0020"
"5341","341","SKU-00798","4","19.79","0.0023"
"5342","342","SKU-00815","3","19.98","0.0001"
"5343","343","SKU-00832","2","20.17","0.0004"
"5344","344","SKU-00849","1","20.36","0.0007"
"5345","345","SKU-00866","4","20.55","0.0010"
"5346","346","SKU-00883","3","20.74","0.0013"
"5347","347","SKU-00900","2","20.93","0.0016"
"5348","348","SKU-00917","1","21.12","0.0019"
"5349","349","SKU-00934","4","21.31","0.0022"
"5350","350","SKU-00951","3","21.50","0.0000"
"5351","351","SKU-00968","2","21.69","0.0003"
"5352","352","SKU-00985","1","21.88","0.0006"
"5353","353","SKU-00002","4","22.07","0.0009"
"5354","354","SKU-00019","3","22.26","0.0012"
"5355","355","SKU-00036","2","22.45","0.0015"
"5356","356","SKU-00053","1","22.64","0.0018"
"5357","357","SKU-00070","4","22.83","0.0021"
"5358","358","SKU-00087","3","23.02","0.0024"
"5359","359","SKU-00104","2","23.21","0.0002"
"5360","360","SKU-00121","1","23.40","0.0005"
"5361","361","SKU-00138","4","23.59","0.0008"
"5362","362","SKU-00155","3","23.78","0.0011"
"5363","363","SKU-00172","2","23.97","0.0014"
"5364","364","SKU-00189","1","24.16","0.0017"
"5365","365","SKU-00206","4","24.35","0.0020"
"5366","366","SKU-00223","3","24.54","0.0023"
"5367","367","SKU-00240","2","24.73","0.0001"
"5368","368","SKU-00257","1","24.92","0.0004"
"5369","369","SKU-00274","4","25.11","0.0007"
"5370","370","SKU-00291","3","25.30","0.0010"
"5371","371","SKU-00308","2","25.49","0.0013"
"5372","372","SKU-00325","1","25.68","0.0016"
"5373","373","SKU-00342","4","25.87","0.0019"
"5374","374","SKU-00359","3","26.06","0.0022"
"5375","375","SKU-00376","2","26.25","0.0000"
"5376","376","SKU-00393","1","26.44","0.0003"
"5377","377","SKU-00410","4","26.63","0.0006"
"5378","378","SKU-00427","3","26.82","0.0009"
"5379","379","SKU-00444","2","27.01","0.0012"
"5380","380","SKU-00461","1","27.20","0.0015"
"5381","381","SKU-00478","4","27.39","0.0018"
"5382","382","SKU-00495","3","27.58","0.0021"
"5383","383","SKU-00512","2","27.77","0.0024"
"5384","384","SKU-00529","1","27.96","0.0002"
"5385","385","SKU-00546","4","28.15","0.0005"
"5386","386","SKU-00563","3","28.34","0.0008"
"5387","387","SKU-00580","2","28.53","0.0011"
"5388","388","SKU-00597","1","28.72","0.0014"
"5389","389","SKU-00614","4","28.91","0.0017"
"5390","390","SKU-00631","3","29.10","0.0020"
"5391","391","SKU-00648","2","29.29","0.0023"
"5392","392","SKU-00665","1","29.48","0.0001"
"5393","393","SKU-00682","4","29.67","0.0004"
"5394","394","SKU-00699","3","29.86","0.0007"
"5395","395","SKU-00716","2","30.05","0.0010"
"5396","396","SKU-00733","1","30.24","0.0013"
"5397","397","SKU-00750","4","30.43","0.0016"
"5398","398","SKU-00767","3","30.62","0.0019"
"5399","399","SKU-00784","2","30.81","0.0022"
"5400","400","SKU-00801","1","31.00","0.0000"
"5401","401","SKU-00818","4","31.19","0.0003"
"5402","402","SKU-00835","3","31.38","0.0006"
"5403","403","SKU-00852","2","31.57","0.0009"
"5404","404","SKU-00869","1","31.76","0.0012"
"5405","405","SKU-00886","4","31.95","0.0015"
"5406","406","SKU-00903","3","32.14","0.0018"
"5407","407","SKU-00920","2","32.33","0.0021"
"5408","408","SKU-00937","1","32.52","0.0024"
"5409","409","SKU-00954","4","32.71","0.0002"
"5410","410","SKU-00971","3","32.90","0.0005"
"5411","411","SKU-00988","2","33.09","0.0008"
"5412","412","SKU-00005","1","33.28","0.0011"
"5413","413","SKU-00022","4","33.47","0.0014"
"5414","414","SKU-00039","3","33.66","0.0017"
"5415","415","SKU-00056","2","33.85","0.0020"
"5416","416","SKU-00073","1","34.04","0.0023"
"5417","417","SKU-00090","4","34.23","0.0001"
"5418","418","SKU-00107","3","34.42","0.0004"
"5419","419","SKU-00124","2","34.61","0.0007"
"5420","420","SKU-00141","1","34.80","0.0010"
"5421","421","SKU-00158","4","34.99","0.0013"
"5422","422","SKU-00175","3","35.18","0.0016"
"5423","423","SKU-00192","2","35.37","0.0019"
"5424","424","SKU-00209","1","35.56","0.0022"
"5425","425","SKU-00226","4","35.75","0.0000"
"5426","426","SKU-00243","3","35.94","0.0003"
"5427","427","SKU-00260","2","36.13","0.0006"
"5428","428","SKU-00277","1","36.32","0.0009"
"5429","429","SKU-00294","4","36.51","0.0012"
"5430","430","SKU-00311","3","36.70","0.0015"
"5431","431","SKU-00328","2","36.89","0.0018"
"5432","432","SKU-00345","1","37.08","0.0021"
"5433","433","SKU-00362","4","37.27","0.0024"
"5434","434","SKU-00379","3","37.46","0.0002"
"5435","435","SKU-00396","2","37.65","0.0005"
"5436","436","SKU-00413","1","37.84","0.0008"
"5437","437","SKU-00430","4","38.03","0.0011"
"5438","438","SKU-00447","3","38.22","0.0014"
"5439","439","SKU-00464","2","38.41","0.0017"
"5440","440","SKU-00481","1","38.60","0.0020"
"5441","441","SKU-00498","4","38.79","0.0023"
"5442","442","SKU-00515","3","38.98","0.0001"
"5443","443","SKU-00532","2","39.17","0.0004"
"5444","444","SKU-00549","1","39.36","0.0007"
"5445","445","SKU-00566","4","39.55","0.0010"
"5446","446","SKU-00583","3","39.74","0.0013"
"5447","447","SKU-00600","2","39.93","0.0016"
"5448","448","SKU-00617","1","40.12","0.0019"
"5449","449","SKU-00634","4","40.31","0.0022"
"5450","450","SKU-00651","3","40.50","0.0000"
"5451","451","SKU-00668","2","40.69","0.0003"
"5452","452","SKU-00685","1","40.88","0.0006"
"5453","453","SKU-00702","4","41.07","0.0009"
"5454","454","SKU-00719","3","41.26","0.0012"
"5455","455","SKU-00736","2","41.45","0.0015"
"5456","456","SKU-00753","1","41.64","0.0018"
"5457","457","SKU-00770","4","41.83","0.0021"
"5458","458","SKU-00787","3","42.02","0.0024"
"5459","459","SKU-00804","2","42.21","0.0002"
"5460","460","SKU-00821","1","42.40","0.0005"
"5461","461","SKU-00838","4","42.59","0.0008"
"5462","462","SKU-00855","3","42.78","0.0011"
"5463","463","SKU-00872","2","42.97","0.0014"
"5464","464","SKU-00889","1","43.16","0.0017"
"5465","465","SKU-00906","4","43.35","0.0020"
"5466","466","SKU-00923","3","43.54","0.0023"
"5467","467","SKU-00940","2","43.73","0.0001"
"5468","468","SKU-00957","1","43.92","0.0004"
"5469","469","SKU-00974","4","44.11","0.0007"
"5470","470","SKU-00991","3","44.30","0.0010"
"5471","471","SKU-00008","2","44.49","0.0013"
"5472","472","SKU-00025","1","44.68","0.0016"
"5473","473","SKU-00042","4","44.87","0.0019"
"5474","474","SKU-00059","3","45.06","0.0022"
"5475","475","SKU-00076","2","45.25","0.0000"
"5476","476","SKU-00093","1","45.44","0.0003"
"5477","477","SKU-00110","4","45.63","0.0006"
"5478","478","SKU-00127","3","45.82","0.0009"
"5479","479","SKU-00144","2","46.01","0.0012"
"5480","480","SKU-00161","1","46.20","0.0015"
"5481","481","SKU-00178","4","46.39","0.0018"
"5482","482","SKU-00195","3","46.58","0.0021"
"5483","483","SKU-00212","2","46.77","0.0024"
"5484","484","SKU-00229","1","46.96","0.0002"
"5485","485","SKU-00246","4","47.15","0.0005"
"5486","486","SKU-00263","3","47.34","0.0008"
"5487","487","SKU-00280","2","47.53","0.0011"
"5488","488","SKU-00297","1","47.72","0.0014"
"5489","489","SKU-00314","4","47.91","0.0017"
"5490","490","SKU-00331","3","48.10","0.0020"
"5491","491","SKU-00348","2","48.29","0.0023"
"5492","492","SKU-00365","1","48.48","0.0001"
"5493","493","SKU-00382","4","48.67","0.0004"
"5494","494","SKU-00399","3","48.86","0.0007"
"5495","495","SKU-00416","2","49.05","0.0010"
"5496","496","SKU-00433","1","49.24","0.0013"
"5497","497","SKU-00450","4","49.43","0.0016"
"5498","498","SKU-00467","3","49.62","0.0019"
"5499","499","SKU-00484","2","49.81","0.0022"
"5500","500","SKU-00501","1","50.00","0.0000"
"5501","501","SKU-00518","4","50.19","0.0003"
"5502","502","SKU-00535","3","50.38","0.0006"
"5503","503","SKU-00552","2","50.57","0.0009"
"5504","504","SKU-00569","1","50.76","0.0012"
"5505","505","SKU-00586","4","50.95","0.0015"
"5506","506","SKU-00603","3","51.14","0.0018"
"5507","507","SKU-00620","2","51.33","0.0021"
"5508","508","SKU-00637","1","51.52","0.0024"
"5509","509","SKU-00654","4","51.71","0.0002"
"5510","510","SKU-00671","3","51.90","0.0005"
"5511","511","SKU-00688","2","52.09","0.0008"
"5512","512","SKU-00705","1","52.28","0.0011"
"5513","513","SKU-00722","4","52.47","0.0014"
"5514","514","SKU-00739","3","52.66","0.0017"
"5515","515","SKU-00756","2","52.85","0.0020"
"5516","516","SKU-00773","1","53.04","0.0023"
"5517","517","SKU-00790","4","53.23","0.0001"
"5518","518","SKU-00807","3","53.42","0.0004"
"5519","519","SKU-00824","2","53.61","0.0007"
"5520","520","SKU-00841","1","53.80","0.0010"
"5521","521","SKU-00858","4","53.99","0.0013"
"5522","522","SKU-00875","3","54.18","0.0016"
"5523","523","SKU-00892","2","54.37","0.0019"
"5524","524","SKU-00909","1","54.56","0.0022"
"5525","525","SKU-00926","4","54.75","0.0000"
"5526","526","SKU-00943","3","54.94","0.0003"
"5527","527","SKU-00960","2","55.13","0.0006"
"5528","528","SKU-00977","1","55.32","0.0009"
"5529","529","SKU-00994","4","55.51","0.0012"
"5530","530","SKU-00011","3","55.70","0.0015"
"5531","531","SKU-00028","2","55.89","0.0018"
"5532","532","SKU-00045","1","56.08","0.0021"
"5533","533","SKU-00062","4","56.27","0.0024"
"5534","534","SKU-00079","3","56.46","0.0002"
"5535","535","SKU-00096","2","56.65","0.0005"
"5536","536","SKU-00113","1","56.84","0.0008"
"5537","537","SKU-00130","4","57.03","0.0011"
"5538","538","SKU-00147","3","57.22","0.0014"
"5539","539","SKU-00164","2","57.41","0.0017"
"5540","540","SKU-00181","1","57.60","0.0020"
"5541","541","SKU-00198","4","57.79","0.0023"
"5542","542","SKU-00215","3","57.98","0.0001"
"5543","543","SKU-00232","2","58.17","0.0004"
"5544","544","SKU-00249","1","58.36","0.0007"
"5545","545","SKU-00266","4","58.55","0.0010"
"5546","546","SKU-00283","3","58.74","0.0013"
"5547","547","SKU-00300","2","58.93","0.0016"
"5548","548","SKU-00317","1","59.12","0.0019"
"5549","549","SKU-00334","4","59.31","0.0022"
"5550","550","SKU-00351","3","59.50","0.0000"
"5551","551","SKU-00368","2","59.69","0.0003"
"5552","552","SKU-00385","1","59.88","0.0006"
"5553","553","SKU-00402","4","60.07","0.0009"
"5554","554","SKU-00419","3","60.26","0.0012"
"5555","555","SKU-00436","2","60.45","0.0015"
"5556","556","SKU-00453","1","60.64","0.0018"
"5557","557","SKU-00470","4","60.83","0.0021"
"5558","558","SKU-00487","3","61.02","0.0024"
"5559","559","SKU-00504","2","61.21","0.0002"
"5560","560","SKU-00521","1","61.40","0.0005"
"5561","561","SKU-00538","4","61.59","0.0008"
"5562","562","SKU-00555","3","61.78","0.0011"
"5563","563","SKU-00572","2","61.97","0.0014"
"5564","564","SKU-00589","1","62.16","0.0017"
"5565","565","SKU-00606","4","62.35","0.0020"
"5566","566","SKU-00623","3","62.54","0.0023"
"5567","567","SKU-00640","2","62.73","0.0001"
"5568","568","SKU-00657","1","62.92","0.0004"
"5569","569","SKU-00674","4","63.11","0.0007"
"5570","570","SKU-00691","3","63.30","0.0010"
"5571","571","SKU-00708","2","63.49","0.0013"
"5572","572","SKU-00725","1","63.68","0.0016"
"5573","573","SKU-00742","4","63.87","0.0019"
"5574","574","SKU-00759","3","64.06","0.0022"
"5575","575","SKU-00776","2","64.25","0.0000"
"5576","576","SKU-00793","1","64.44","0.0003"
"5577","577","SKU-00810","4","64.63","0.0006"
"5578","578","SKU-00827","3","64.82","0.0009"
"5579","579","SKU-00844","2","65.01","0.0012"
"5580","580","SKU-00861","1","65.20","0.0015"
"5581","581","SKU-00878","4","65.39","0.0018"
"5582","582","SKU-00895","3","65.58","0.0021"
"5583","583","SKU-00912","2","65.77","0.0024"
"5584","584","SKU-00929","1","65.96","0.0002"
"5585","585","SKU-00946","4","66.15","0.0005"
"5586","586","SKU-00963","3","66.34","0.0008"
"5587","587","SKU-00980","2","66.53","0.0011"
"5588","588","SKU-00997","1","66.72","0.0014"
"5589","589","SKU-00014","4","66.91","0.0017"
"5590","590","SKU-00031","3","67.10","0.0020"
"5591","591","SKU-00048","2","67.29","0.0023"
"5592","592","SKU-00065","1","67.48","0.0001"
"5593","593","SKU-00082","4","67.67","0.0004"
"5594","594","SKU-00099","3","67.86","0.0007"
"5595","595","SKU-00116","2","68.05","0.0010"
"5596","596","SKU-00133","1","68.24","0.0013"
"5597","597","SKU-00150","4","68.43","0.0016"
"5598","598","SKU-00167","3","68.62","0.0019"
"5599","599","SKU-00184","2","68.81","0.0022"
"5600","600","SKU-00201","1","69.00","0.0000"
"5601","601","SKU-00218","4","69.19","0.0003"
"5602","602","SKU-00235","3","69.38","0.0006"
"5603","603","SKU-00252","2","69.57","0.0009"
"5604","604","SKU-00269","1","69.76","0.0012"
"5605","605","SKU-00286","4","69.95","0.0015"
"5606","606","SKU-00303","3","70.14","0.0018"
"5607","607","SKU-00320","2","70.33","0.0021"
"5608","608","SKU-00337","1","70.52","0.0024"
"5609","609","SKU-00354","4","70.71","0.0002"
"5610","610","SKU-00371","3","70.90","0.0005"
"5611","611","SKU-00388","2","71.09","0.0008"
"5612","612","SKU-00405","1","71.28","0.0011"
"5613","613","SKU-00422","4","71.47","0.0014"
"5614","614","SKU-00439","3","71.66","0.0017"
"5615","615","SKU-00456","2","71.85","0.0020"
"5616","616","SKU-00473","1","72.04","0.0023"
"5617","617","SKU-00490","4","72.23","0.0001"
"5618","618","SKU-00507","3","72.42","0.0004"
"5619","619","SKU-00524","2","72.61","0.0007"
"5620","620","SKU-00541","1","72.80","0.0010"
"5621","621","SKU-00558","4","72.99","0.0013"
"5622","622","SKU-00575","3","73.18","0.0016"
"5623","623","SKU-00592","2","73.37","0.0019"
"5624","624","SKU-00609","1","73.56","0.0022"
"5625","625","SKU-00626","4","73.75","0.0000"
"5626","626","SKU-00643","3","73.94","0.0003"
"5627","627","SKU-00660","2","74.13","0.0006"
"5628","628","SKU-00677","1","74.32","0.0009"
"5629","629","SKU-00694","4","74.51","0.0012"
"5630","630","SKU-00711","3","74.70","0.0015"
"5631","631","SKU-00728","2","74.89","0.0018"
"5632","632","SKU-00745","1","75.08","0.0021"
"5633","633","SKU-00762","4","75.27","0.0024"
"5634","634","SKU-00779","3","75.46","0.0002"
"5635","635","SKU-00796","2","75.65","0.0005"
"5636","636","SKU-00813","1","75.84","0.0008"
"5637","637","SKU-00830","4","76.03","0.0011"
"5638","638","SKU-00847","3","76.22","0.0014"
"5639","639","SKU-00864","2","76.41","0.0017"
"5640","640","SKU-00881","1","76.60","0.0020"
"5641","641","SKU-00898","4","76.79","0.0023"
"5642","642","SKU-00915","3","76.98","0.0001"
"5643","643","SKU-00932","2","77.17","0.0004"
"5644","644","SKU-00949","1","77.36","0.0007"
"5645","645","SKU-00966","4","77.55","0.0010"
"5646","646","SKU-00983","3","77.74","0.0013"
"5647","647","SKU-01000","2","77.93","0.0016"
"5648","648","SKU-00017","1","78.12","0.0019"
"5649","649","SKU-00034","4","78.31","0.0022"
"5650","650","SKU-00051","3","78.50","0.0000"
"5651","651","SKU-00068","2","78.69","0.0003"
"5652","652","SKU-00085","1","78.88","0.0006"
"5653","653","SKU-00102","4","79.07","0.0009"
"5654","654","SKU-00119","3","79.26","0.0012"
"5655","655","SKU-00136","2","79.45","0.0015"
"5656","656","SKU-00153","1","79.64","0.0018"
"5657","657","SKU-00170","4","79.83","0.0021"
"5658","658","SKU-00187","3","80.02","0.0024"
"5659","659","SKU-00204","2","80.21","0.0002"
"5660","660","SKU-00221","1","80.40","0.0005"
"5661","661","SKU-00238","4","80.59","0.0008"
"5662","662","SKU-00255","3","80.78","0.0011"
"5663","663","SKU-00272","2","80.97","0.0014"
"5664","664","SKU-00289","1","81.16","0.0017"
"5665","665","SKU-00306","4","81.35","0.0020"
"5666","666","SKU-00323","3","81.54","0.0023"
"5667","667","SKU-00340","2","81.73","0.0001"
"5668","668","SKU-00357","1","81.92","0.0004"
"5669","669","SKU-00374","4","82.11","0.0007"
"5670","670","SKU-00391","3","82.30","0.0010"
"5671","671","SKU-00408","2","82.49","0.0013"
"5672","672","SKU-00425","1","82.68","0.0016"
"5673","673","SKU-00442","4","82.87","0.0019"
"5674","674","SKU-00459","3","83.06","0.0022"
"5675","675","SKU-00476","2","83.25","0.0000"
"5676","676","SKU-00493","1","83.44","0.0003"
"5677","677","SKU-00510","4","83.63","0.0006"
"5678","678","SKU-00527","3","83.82","0.0009"
"5679","679","SKU-00544","2","84.01","0.0012"
"5680","680","SKU-00561","1","84.20","0.0015"
"5681","681","SKU-00578","4","84.39","0.0018"
"5682","682","SKU-00595","3","84.58","0.0021"
"5683","683","SKU-00612","2","84.77","0.0024"
"5684","684","SKU-00629","1","84.96","0.0002"
"5685","685","SKU-00646","4","85.15","0.0005"
"5686","686","SKU-00663","3","85.34","0.0008"
"5687","687","SKU-00680","2","85.53","0.0011"
"5688","688","SKU-00697","1","85.72","0.0014"
"5689","689","SKU-00714","4","85.91","0.0017"
"5690","690","SKU-00731","3","86.10","0.0020"
"5691","691","SKU-00748","2","86.29","0.0023"
"5692","692","SKU-00765","1","86.48","0.0001"
"5693","693","SKU-00782","4","86.67","0.0004"
"5694","694","SKU-00799","3","86.86","0.0007"
"5695","695","SKU-00816","2","87.05","0.0010"
"5696","696","SKU-00833","1","87.24","0.0013"
"5697","697","SKU-00850","4","87.43","0.0016"
"5698","698","SKU-00867","3","87.62","0.0019"
"5699","699","SKU-00884","2","87.81","0.0022"
"5700","700","SKU-00901","1","88.00","0.0000"
"5701","701","SKU-00918","4","88.19","0.0003"
"5702","702","SKU-00935","3","88.38","0.0006"
"5703","703","SKU-00952","2","88.57","0.0009"
"5704","704","SKU-00969","1","88.76","0.0012"
"5705","705","SKU-00986","4","88.95","0.0015"
"5706","706","SKU-00003","3","89.14","0.0018"
"5707","707","SKU-00020","2","89.33","0.0021"
"5708","708","SKU-00037","1","89.52","0.0024"
"5709","709","SKU-00054","4","89.71","0.0002"
"5710","710","SKU-00071","3","89.90","0.0005"
"5711","711","SKU-00088","2","90.09","0.0008"
"5712","712","SKU-00105","1","90.28","0.0011"
"5713","713","SKU-00122","4","90.47","0.0014"
"5714","714","SKU-00139","3","90.66","0.0017"
"5715","715","SKU-00156","2","90.85","0.0020"
"5716","716","SKU-00173","1","91.04","0.0023"
"5717","717","SKU-00190","4","91.23","0.0001"
"5718","718","SKU-00207","3","91.42","0.0004"
"5719","719","SKU-00224","2","91.61","0.0007"
"5720","720","SKU-00241","1","91.80","0.0010"
"5721","721","SKU-00258","4","91.99","0.0013"
"5722","722","SKU-00275","3","92.18","0.0016"
"5723","723","SKU-00292","2","92.37","0.0019"
"5724","724","SKU-00309","1","92.56","0.0022"
"5725","725","SKU-00326","4","92.75","0.0000"
"5726","726","SKU-00343","3","92.94","0.0003"
"5727","727","SKU-00360","2","93.13","0.0006"
"5728","728","SKU-00377","1","93.32","0.0009"
"5729","729","SKU-00394","4","93.51","0.0012"
"5730","730","SKU-00411","3","93.70","0.0015"
"5731","731","SKU-00428","2","93.89","0.0018"
"5732","732","SKU-00445","1","94.08","0.0021"
"5733","733","SKU-00462","4","94.27","0.0024"
"5734","734","SKU-00479","3","94.46","0.0002"
"5735","735","SKU-00496","2","94.65","0.0005"
"5736","736","SKU-00513","1","94.84","0.0008"
"5737","737","SKU-00530","4","95.03","0.0011"
"5738","738","SKU-00547","3","95.22","0.0014"
"5739","739","SKU-00564","2","95.41","0.0017"
"5740","740","SKU-00581","1","95.60","0.0020"
"5741","741","SKU-00598","4","95.79","0.0023"
"5742","742","SKU-00615","3","95.98","0.0001"
"5743","743","SKU-00632","2","96.17","0.0004"
"5744","744","SKU-00649","1","96.36","0.0007"
"5745","745","SKU-00666","4","96.55","0.0010"
"5746","746","SKU-00683","3","96.74","0.0013"
"5747","747","SKU-00700","2","96.93","0.0016"
"5748","748","SKU-00717","1","97.12","0.0019"
"5749","749","SKU-00734","4","97.31","0.0022"
"5750","750","SKU-00751","3","97.50","0.0000"
"5751","751","SKU-00768","2","97.69","0.0003"
"5752","752","SKU-00785","1","97.88","0.0006"
"5753","753","SKU-00802","4","98.07","0.0009"
"5754","754","SKU-00819","3","98.26","0.0012"
"5755","755","SKU-00836","2","98.45","0.0015"
"5756","756","SKU-00853","1","98.64","0.0018"
"5757","757","SKU-00870","4","98.83","0.0021"
"5758","758","SKU-00887","3","99.02","0.0024"
"5759","759","SKU-00904","2","99.21","0.0002"
"5760","760","SKU-00921","1","99.40","0.0005"
"5761","761","SKU-00938","4","99.59","0.0008"
"5762","762","SKU-00955","3","99.78","0.0011"
"5763","763","SKU-00972","2","99.97","0.0014"
"5764","764","SKU-00989","1","100.16","0.0017"
"5765","765","SKU-00006","4","100.35","0.0020"
"5766","766","SKU-00023","3","100.54","0.0023"
"5767","767","SKU-00040","2","100.73","0.0001"
"5768","768","SKU-00057","1","100.92","0.0004"
"5769","769","SKU-00074","4","101.11","0.0007"
"5770","770","SKU-00091","3","101.30","0.0010"
"5771","771","SKU-00108","2","101.49","0.0013"
"5772","772","SKU-00125","1","101.68","0.0016"
"5773","773","SKU-00142","4","101.87","0.0019"
"5774","774","SKU-00159","3","102.06","0.0022"
"5775","775","SKU-00176","2","102.25","0.0000"
"5776","776","SKU-00193","1","102.44","0.0003"
"5777","777","SKU-00210","4","102.63","0.0006"
"5778","778","SKU-00227","3","102.82","0.0009"
"5779","779","SKU-00244","2","103.01","0.0012"
"5780","780","SKU-00261","1","103.20","0.0015"
"5781","781","SKU-00278","4","103.39","0.0018"
"5782","782","SKU-00295","3","103.58","0.0021"
"5783","783","SKU-00312","2","103.77","0.0024"
"5784","784","SKU-00329","1","103.96","0.0002"
"5785","785","SKU-00346","4","104.15","0.0005"
"5786","786","SKU-00363","3","104.34","0.0008"
"5787","787","SKU-00380","2","104.53","0.0011"
"5788","788","SKU-00397","1","104.72","0.0014"
"5789","789","SKU-00414","4","104.91","0.0017"
"5790","790","SKU-00431","3","105.10","0.0020"
"5791","791","SKU-00448","2","105.29","0.0023"
"5792","792","SKU-00465","1","105.48","0.0001"
"5793","793","SKU-00482","4","105.67","0.0004"
"5794","794","SKU-00499","3","105.86","0.0007"
"5795","795","SKU-00516","2","106.05","0.0010"
"5796","796","SKU-00533","1","106.24","0.0013"
"5797","797","SKU-00550","4","106.43","0.0016"
"5798","798","SKU-00567","3","106.62","0.0019"
"5799","799","SKU-00584","2","106.81","0.0022"
"5800","800","SKU-00601","1","107.00","0.0000"
"5801","801","SKU-00618","4","107.19","0.0003"
"5802","802","SKU-00635","3","107.38","0.0006"
"5803","803","SKU-00652","2","107.57","0.0009"
"5804","804","SKU-00669","1","107.76","0.0012"
"5805","805","SKU-00686","4","107.95","0.0015"
"5806","806","SKU-00703","3","108.14","0.0018"
"5807","807","SKU-00720","2","108.33","0.0021"
"5808","808","SKU-00737","1","108.52","0.0024"
"5809","809","SKU-00754","4","108.71","0.0002"
"5810","810","SKU-00771","3","108.90","0.0005"
"5811","811","SKU-00788","2","109.09","0.0008"
"5812","812","SKU-00805","1","109.28","0.0011"
"5813","813","SKU-00822","4","109.47","0.0014"
"5814","814","SKU-00839","3","109.66","0.0017"
"5815","815","SKU-00856","2","109.85","0.0020"
"5816","816","SKU-00873","1","110.04","0.0023"
"5817","817","SKU-00890","4","110.23","0.0001"
"5818","818","SKU-00907","3","110.42","0.0004"
"5819","819","SKU-00924","2","110.61","0.0007"
"5820","820","SKU-00941","1","110.80","0.0010"
"5821","821","SKU-00958","4","110.99","0.0013"
"5822","822","SKU-00975","3","111.18","0.0016"
"5823","823","SKU-00992","2","111.37","0.0019"
"5824","824","SKU-00009","1","111.56","0.0022"
"5825","825","SKU-00026","4","111.75","0.0000"
"5826","826","SKU-00043","3","111.94","0.0003"
"5827","827","SKU-00060","2","112.13","0.0006"
"5828","828","SKU-00077","1","112.32","0.0009"
"5829","829","SKU-00094","4","112.51","0.0012"
"5830","830","SKU-00111","3","112.70","0.0015"
"5831","831","SKU-00128","2","112.89","0.0018"
"5832","832","SKU-00145","1","113.08","0.0021"
"5833","833","SKU-00162","4","113.27","0.0024"
"5834","834","SKU-00179","3","113.46","0.0002"
"5835","835","SKU-00196","2","113.65","0.0005"
"5836","836","SKU-00213","1","113.84","0.0008"
"5837","837","SKU-00230","4","114.03","0.0011"
"5838","838","SKU-00247","3","114.22","0.0014"
"5839","839","SKU-00264","2","114.41","0.0017"
"5840","840","SKU-00281","1","114.60","0.0020"
"5841","841","SKU-00298","4","114.79","0.0023"
"5842","842","SKU-00315","3","114.98","0.0001"
"5843","843","SKU-00332","2","115.17","0.0004"
"5844","844","SKU-00349","1","115.36","0.0007"
"5845","845","SKU-00366","4","115.55","0.0010"
"5846","846","SKU-00383","3","115.74","0.0013"
"5847","847","SKU-00400","2","115.93","0.0016"
"5848","848","SKU-00417","1","116.12","0.0019"
"5849","849","SKU-00434","4","116.31","0.0022"
"5850","850","SKU-00451","3","116.50","0.0000"
"5851","851","SKU-00468","2","116.69","0.0003"
"5852","852","SKU-00485","1","116.88","0.0006"
"5853","853","SKU-00502","4","117.07","0.0009"
"5854","854","SKU-00519","3","117.26","0.0012"
"5855","855","SKU-00536","2","117.45","0.0015"
"5856","856","SKU-00553","1","117.64","0.0018"
"5857","857","SKU-00570","4","117.83","0.0021"
"5858","858","SKU-00587","3","118.02","0.0024"
"5859","859","SKU-00604","2","118.21","0.0002"
"5860","860","SKU-00621","1","118.40","0.0005"
"5861","861","SKU-00638","4","118.59","0.0008"
"5862","862","SKU-00655","3","118.78","0.0011"
"5863","863","SKU-00672","2","118.97","0.0014"
"5864","864","SKU-00689","1","119.16","0.0017"
"5865","865","SKU-00706","4","119.35","0.0020"
"5866","866","SKU-00723","3","119.54","0.0023"
"5867","867","SKU-00740","2","119.73","0.0001"
"5868","868","SKU-00757","1","119.92","0.0004"
"5869","869","SKU-00774","4","120.11","0.0007"
"5870","870","SKU-00791","3","120.30","0.0010"
"5871","871","SKU-00808","2","120.49","0.0013"
"5872","872","SKU-00825","1","120.68","0.0016"
"5873","873","SKU-00842","4","120.87","0.0019"
"5874","874","SKU-00859","3","121.06","0.0022"
"5875","875","SKU-00876","2","121.25","0.0000"
"5876","876","SKU-00893","1","121.44","0.0003"
"5877","877","SKU-00910","4","121.63","0.0006"
"5878","878","SKU-00927","3","121.82","0.0009"
"5879","879","SKU-00944","2","122.01","0.0012"
"5880","880","SKU-00961","1","122.20","0.0015"
"5881","881","SKU-00978","4","122.39","0.0018"
"5882","882","SKU-00995","3","122.58","0.0021"
"5883","883","SKU-00012","2","122.77","0.0024"
"5884","884","SKU-00029","1","122.96","0.0002"
"5885","885","SKU-00046","4","123.15","0.0005"
"5886","886","SKU-00063","3","123.34","0.0008"
"5887","887","SKU-00080","2","123.53","0.0011"
"5888","888","SKU-00097","1","123.72","0.0014"
"5889","889","SKU-00114","4","123.91","0.0017"
"5890","890","SKU-00131","3","124.10","0.0020"
"5891","891","SKU-00148","2","124.29","0.0023"
"5892","892","SKU-00165","1","124.48","0.0001"
"5893","893","SKU-00182","4","124.67","0.0004"
"5894","894","SKU-00199","3","124.86","0.0007"
"5895","895","SKU-00216","2","125.05","0.0010"
"5896","896","SKU-00233","1","125.24","0.0013"
"5897","897","SKU-00250","4","125.43","0.0016"
"5898","898","SKU-00267","3","125.62","0.0019"
"5899","899","SKU-00284","2","125.81","0.0022"
"5900","900","SKU-00301","1","126.00","0.0000"
"5901","901","SKU-00318","4","126.19","0.0003"
"5902","902","SKU-00335","3","126.38","0.0006"
"5903","903","SKU-00352","2","126.57","0.0009"
"5904","904","SKU-00369","1","126.76","0.0012"
"5905","905","SKU-00386","4","126.95","0.0015"
"5906","906","SKU-00403","3","127.14","0.0018"
"5907","907","SKU-00420","2","127.33","0.0021"
"5908","908","SKU-00437","1","127.52","0.0024"
"5909","909","SKU-00454","4","127.71","0.0002"
"5910","910","SKU-00471","3","127.90","0.0005"
"5911","911","SKU-00488","2","128.09","0.0008"
"5912","912","SKU-00505","1","128.28","0.0011"
"5913","913","SKU-00522","4","128.47","0.0014"
"5914","914","SKU-00539","3","128.66","0.0017"
"5915","915","SKU-00556","2","128.85","0.0020"
"5916","916","SKU-00573","1","129.04","0.0023"
"5917","917","SKU-00590","4","129.23","0.0001"
"5918","918","SKU-00607","3","129.42","0.0004"
"5919","919","SKU-00624","2","129.61","0.0007"
"5920","920","SKU-00641","1","129.80","0.0010"
"5921","921","SKU-00658","4","129.99","0.0013"
"5922","922","SKU-00675","3","130.18","0.0016"
"5923","923","SKU-00692","2","130.37","0.0019"
"5924","924","SKU-00709","1","130.56","0.0022"
"5925","925","SKU-00726","4","130.75","0.0000"
"5926","926","SKU-00743","3","130.94","0.0003"
"5927","927","SKU-00760","2","131.13","0.0006"
"5928","928","SKU-00777","1","131.32","0.0009"
"5929","929","SKU-00794","4","131.51","0.0012"
"5930","930","SKU-00811","3","131.70","0.0015"
"5931","931","SKU-00828","2","131.89","0.0018"
"5932","932","SKU-00845","1","132.08","0.0021"
"5933","933","SKU-00862","4","132.27","0.0024"
"5934","934","SKU-00879","3","132.46","0.0002"
"5935","935","SKU-00896","2","132.65","0.0005"
"5936","936","SKU-00913","1","132.84","0.0008"
"5937","937","SKU-00930","4","133.03","0.0011"
"5938","938","SKU-00947","3","133.22","0.0014"
"5939","939","SKU-00964","2","133.41","0.0017"
"5940","940","SKU-00981","1","133.60","0.0020"
"5941","941","SKU-00998","4","133.79","0.0023"
"5942","942","SKU-00015","3","133.98","0.0001"
"5943","943","SKU-00032","2","134.17","0.0004"
"5944","944","SKU-00049","1","134.36","0.0007"
"5945","945","SKU-00066","4","134.55","0.0010"
"5946","946","SKU-00083","3","134.74","0.0013"
"5947","947","SKU-00100","2","134.93","0.0016"
"5948","948","SKU-00117","1","135.12","0.0019"
"5949","949","SKU-00134","4","135.31","0.0022"
"5950","950","SKU-00151","3","135.50","0.0000"
"5951","951","SKU-00168","2","135.69","0.0003"
"5952","952","SKU-00185","1","135.88","0.0006"
"5953","953","SKU-00202","4","136.07","0.0009"
"5954","954","SKU-00219","3","136.26","0.0012"
"5955","955","SKU-00236","2","136.45","0.0015"
"5956","956","SKU-00253","1","136.64","0.0018"
"5957","957","SKU-00270","4","136.83","0.0021"
"5958","958","SKU-00287","3","137.02","0.0024"
"5959","959","SKU-00304","2","137.21","0.0002"
"5960","960","SKU-00321","1","137.40","0.0005"
"5961","961","SKU-00338","4","137.59","0.0008"
"5962","962","SKU-00355","3","137.78","0.0011"
"5963","963","SKU-00372","2","137.97","0.0014"
"5964","964","SKU-00389","1","138.16","0.0017"
"5965","965","SKU-00406","4","138.35","0.0020"
"5966","966","SKU-00423","3","138.54","0.0023"
"5967","967","SKU-00440","2","138.73","0.0001"
"5968","968","SKU-00457","1","138.92","0.0004"
"5969","969","SKU-00474","4","139.11","0.0007"
"5970","970","SKU-00491","3","139.30","0.0010"
"5971","971","SKU-00508","2","139.49","0.0013"
"5972","972","SKU-00525","1","139.68","0.0016"
"5973","973","SKU-00542","4","139.87","0.0019"
"5974","974","SKU-00559","3","140.06","0.0022"
"5975","975","SKU-00576","2","140.25","0.0000"
"5976","976","SKU-00593","1","140.44","0.0003"
"5977","977","SKU-00610","4","140.63","0.0006"
"5978","978","SKU-00627","3","140.82","0.0009"
"5979","979","SKU-00644","2","141.01","0.0012"
"5980","980","SKU-00661","1","141.20","0.0015"
"5981","981","SKU-00678","4","141.39","0.0018"
"5982","982","SKU-00695","3","141.58","0.0021"
"5983","983","SKU-00712","2","141.77","0.0024"
"5984","984","SKU-00729","1","141.96","0.0002"
"5985","985","SKU-00746","4","142.15","0.0005"
"5986","986","SKU-00763","3","142.34","0.0008"
"5987","987","SKU-00780","2","142.53","0.0011"
"5988","988","SKU-00797","1","142.72","0.0014"
"5989","989","SKU-00814","4","142.91","0.0017"
"5990","990","SKU-00831","3","143.10","0.0020"
"5991","991","SKU-00848","2","143.29","0.0023"
"5992","992","SKU-00865","1","143.48","0.0001"
"5993","993","SKU-00882","4","143.67","0.0004"
"5994","994","SKU-00899","3","143.86","0.0007"
"5995","995","SKU-00916","2","144.05","0.0010"
"5996","996","SKU-00933","1","144.24","0.0013"
"5997","997","SKU-00950","4","144.43","0.0016"
"5998","998","SKU-00967","3","144.62","0.0019"
"5999","999","SKU-00984","2","144.81","0.0022"
"6000","1000","SKU-00001","1","145.00","0.0000"
"6001","1001","SKU-00018","4","145.19","0.0003"
"6002","1002","SKU-00035","3","145.38","0.0006"
"6003","1003","SKU-00052","2","145.57","0.0009"
"6004","1004","SKU-00069","1","145.76","0.0012"
"6005","1005","SKU-00086","4","145.95","0.0015"
"6006","1006","SKU-00103","3","146.14","0.0018"
"6007","1007","SKU-00120","2","146.33","0.0021"
"6008","1008","SKU-00137","1","146.52","0.0024"
"6009","1009","SKU-00154","4","146.71","0.0002"
"6010","1010","SKU-00171","3","146.90","0.0005"
"6011","1011","SKU-00188","2","147.09","0.0008"
"6012","1012","SKU-00205","1","147.28","0.0011"
"6013","1013","SKU-00222","4","147.47","0.0014"
"6014","1014","SKU-00239","3","147.66","0.0017"
"6015","1015","SKU-00256","2","147.85","0.0020"
"6016","1016","SKU-00273","1","148.04","0.0023"
"6017","1017","SKU-00290","4","148.23","0.0001"
"6018","1018","SKU-00307","3","148.42","0.0004"
"6019","1019","SKU-00324","2","148.61","0.0007"
"6020","1020","SKU-00341","1","148.80","0.0010"
"6021","1021","SKU-00358","4","148.99","0.0013"
"6022","1022","SKU-00375","3","149.18","0.0016"
"6023","1023","SKU-00392","2","149.37","0.0019"
"6024","1024","SKU-00409","1","149.56","0.0022"
"6025","1025","SKU-00426","4","149.75","0.0000"
"6026","1026","SKU-00443","3","149.94","0.0003"
"6027","1027","SKU-00460","2","150.13","0.0006"
"6028","1028","SKU-00477","1","150.32","0.0009"
"6029","1029","SKU-00494","4","150.51","0.0012"
"6030","1030","SKU-00511","3","150.70","0.0015"
"6031","1031","SKU-00528","2","150.89","0.0018"
"6032","1032","SKU-00545","1","151.08","0.0021"
"6033","1033","SKU-00562","4","151.27","0.0024"
"6034","1034","SKU-00579","3","151.46","0.0002"
"6035","1035","SKU-00596","2","151.65","0.0005"
"6036","1036","SKU-00613","1","151.84","0.0008"
"6037","1037","SKU-00630","4","152.03","0.0011"
"6038","1038","SKU-00647","3","152.22","0.0014"
"6039","1039","SKU-00664","2","152.41","0.0017"
"6040","1040","SKU-00681","1","152.60","0.0020"
"6041","1041","SKU-00698","4","152.79","0.0023"
"6042","1042","SKU-00715","3","152.98","0.0001"
"6043","1043","SKU-00732","2","153.17","0.0004"
"6044","1044","SKU-00749","1","153.36","0.0007"
"6045","1045","SKU-00766","4","153.55","0.0010"
"6046","1046","SKU-00783","3","153.74","0.0013"
"6047","1047","SKU-00800","2","153.93","0.0016"
"6048","1048","SKU-00817","1","154.12","0.0019"
"6049","1049","SKU-00834","4","154.31","0.0022"
"6050","1050","SKU-00851","3","154.50","0.0000"
"6051","1051","SKU-00868","2","154.69","0.0003"
"6052","1052","SKU-00885","1","154.88","0.0006"
"6053","1053","SKU-00902","4","155.07","0.0009"
"6054","1054","SKU-00919","3","155.26","0.0012"
"6055","1055","SKU-00936","2","155.45","0.0015"
"6056","1056","SKU-00953","1","155.64","0.0018"
"6057","1057","SKU-00970","4","155.83","0.0021"
"6058","1058","SKU-00987","3","156.02","0.0024"
"6059","1059","SKU-00004","2","156.21","0.0002"
"6060","1060","SKU-00021","1","156.40","0.0005"
"6061","1061","SKU-00038","4","156.59","0.0008"
"6062","1062","SKU-00055","3","156.78","0.0011"
"6063","1063","SKU-00072","2","156.97","0.0014"
"6064","1064","SKU-00089","1","157.16","0.0017"
"6065","1065","SKU-00106","4","157.35","0.0020"
"6066","1066","SKU-00123","3","157.54","0.0023"
"6067","1067","SKU-00140","2","157.73","0.0001"
"6068","1068","SKU-00157","1","157.92","0.0004"
"6069","1069","SKU-00174","4","158.11","0.0007"
"6070","1070","SKU-00191","3","158.30","0.0010"
"6071","1071","SKU-00208","2","158.49","0.0013"
"6072","1072","SKU-00225","1","158.68","0.0016"
"6073","1073","SKU-00242","4","158.87","0.0019"
"6074","1074","SKU-00259","3","159.06","0.0022"
"6075","1075","SKU-00276","2","159.25","0.0000"
"6076","1076","SKU-00293","1","159.44","0.0003"
"6077","1077","SKU-00310","4","159.63","0.0006"
"6078","1078","SKU-00327","3","159.82","0.0009"
"6079","1079","SKU-00344","2","160.01","0.0012"
"6080","1080","SKU-00361","1","160.20","0.0015"
"6081","1081","SKU-00378","4","160.39","0.0018"
"6082","1082","SKU-00395","3","160.58","0.0021"
"6083","1083","SKU-00412","2","160.77","0.0024"
"6084","1084","SKU-00429","1","160.96","0.0002"
"6085","1085","SKU-00446","4","161.15","0.0005"
"6086","1086","SKU-00463","3","161.34","0.0008"
"6087","1087","SKU-00480","2","161.53","0.0011"
"6088","1088","SKU-00497","1","161.72","0.0014"
"6089","1089","SKU-00514","4","161.91","0.0017"
"6090","1090","SKU-00531","3","162.10","0.0020"
"6091","1091","SKU-00548","2","162.29","0.0023"
"6092","1092","SKU-00565","1","162.48","0.0001"
"6093","1093","SKU-00582","4","162.67","0.0004"
"6094","1094","SKU-00599","3","162.86","0.0007"
"6095","1095","SKU-00616","2","163.05","0.0010"
"6096","1096","SKU-00633","1","163.24","0.0013"
"6097","1097","SKU-00650","4","163.43","0.0016"
"6098","1098","SKU-00667","3","163.62","0.0019"
"6099","1099","SKU-00684","2","163.81","0.0022"
"6100","1100","SKU-00701","1","164.00","0.0000"
"6101","1101","SKU-00718","4","164.19","0.0003"
"6102","1102","SKU-00735","3","164.38","0.0006"
"6103","1103","SKU-00752","2","164.57","0.0009"
"6104","1104","SKU-00769","1","164.76","0.0012"
"6105","1105","SKU-00786","4","164.95","0.0015"
"6106","1106","SKU-00803","3","165.14","0.0018"
"6107","1107","SKU-00820","2","165.33","0.0021"
"6108","1108","SKU-00837","1","165.52","0.0024"
"6109","1109","SKU-00854","4","165.71","0.0002"
"6110","1110","SKU-00871","3","165.90","0.0005"
"6111","1111","SKU-00888","2","166.09","0.0008"
"6112","1112","SKU-00905","1","166.28","0.0011"
"6113","1113","SKU-00922","4","166.47","0.0014"
"6114","1114","SKU-00939","3","166.66","0.0017"
"6115","1115","SKU-00956","2","166.85","0.0020"
"6116","1116","SKU-00973","1","167.04","0.0023"
"6117","1117","SKU-00990","4","167.23","0.0001"
"6118","1118","SKU-00007","3","167.42","0.0004"
"6119","1119","SKU-00024","2","167.61","0.0007"
"6120","1120","SKU-00041","1","167.80","0.0010"
"6121","1121","SKU-00058","4","167.99","0.0013"
"6122","1122","SKU-00075","3","168.18","0.0016"
"6123","1123","SKU-00092","2","168.37","0.0019"
"6124","1124","SKU-00109","1","168.56","0.0022"
"6125","1125","SKU-00126","4","168.75","0.0000"
"6126","1126","SKU-00143","3","168.94","0.0003"
"6127","1127","SKU-00160","2","169.13","0.0006"
"6128","1128","SKU-00177","1","169.32","0.0009"
"6129","1129","SKU-00194","4","169.51","0.0012"
"6130","1130","SKU-00211","3","169.70","0.0015"
"6131","1131","SKU-00228","2","169.89","0.0018"
"6132","1132","SKU-00245","1","170.08","0.0021"
"6133","1133","SKU-00262","4","170.27","0.0024"
"6134","1134","SKU-00279","3","170.46","0.0002"
"6135","1135","SKU-00296","2","170.65","0.0005"
"6136","1136","SKU-00313","1","170.84","0.0008"
"6137","1137","SKU-00330","4","171.03","0.0011"
"6138","1138","SKU-00347","3","171.22","0.0014"
"6139","1139","SKU-00364","2","171.41","0.0017"
"6140","1140","SKU-00381","1","171.60","0.0020"
"6141","1141","SKU-00398","4","171.79","0.0023"
"6142","1142","SKU-00415","3","171.98","0.0001"
"6143","1143","SKU-00432","2","172.17","0.0004"
"6144","1144","SKU-00449","1","172.36","0.0007"
"6145","1145","SKU-00466","4","172.55","0.0010"
"6146","1146","SKU-00483","3","172.74","0.0013"
"6147","1147","SKU-00500","2","172.93","0.0016"
"6148","1148","SKU-00517","1","173.12","0.0019"
"6149","1149","SKU-00534","4","173.31","0.0022"
"6150","1150","SKU-00551","3","173.50","0.0000"
"6151","1151","SKU-00568","2","173.69","0.0003"
"6152","1152","SKU-00585","1","173.88","0.0006"
"6153","1153","SKU-00602","4","174.07","0.0009"
"6154","1154","SKU-00619","3","174.26","0.0012"
"6155","1155","SKU-00636","2","174.45","0.0015"
"6156","1156","SKU-00653","1","174.64","0.0018"
"6157","1157","SKU-00670","4","174.83","0.0021"
"6158","1158","SKU-00687","3","175.02","0.0024"
"6159","1159","SKU-00704","2","175.21","0.0002"
"6160","1160","SKU-00721","1","175.40","0.0005"
"6161","1161","SKU-00738","4","175.59","0.0008"
"6162","1162","SKU-00755","3","175.78","0.0011"
"6163","1163","SKU-00772","2","175.97","0.0014"
"6164","1164","SKU-00789","1","176.16","0.0017"
"6165","1165","SKU-00806","4","176.35","0.0020"
"6166","1166","SKU-00823","3","176.54","0.0023"
"6167","1167","SKU-00840","2","176.73","0.0001"
"6168","1168","SKU-00857","1","176.92","0.0004"
"6169","1169","SKU-00874","4","177.11","0.0007"
"6170","1170","SKU-00891","3","177.30","0.0010"
"6171","1171","SKU-00908","2","177.49","0.0013"
"6172","1172","SKU-00925","1","177.68","0.0016"
"6173","1173","SKU-00942","4","177.87","0.0019"
"6174","1174","SKU-00959","3","178.06","0.0022"
"6175","1175","SKU-00976","2","178.25","0.0000"
"6176","1176","SKU-00993","1","178.44","0.0003"
"6177","1177","SKU-00010","4","178.63","0.0006"
"6178","1178","SKU-00027","3","178.82","0.0009"
"6179","1179","SKU-00044","2","179.01","0.0012"
"6180","1180","SKU-00061","1","179.20","0.0015"
"6181","1181","SKU-00078","4","179.39","0.0018"
"6182","1182","SKU-00095","3","179.58","0.0021"
"6183","1183","SKU-00112","2","179.77","0.0024"
"6184","1184","SKU-00129","1","179.96","0.0002"
"6185","1185","SKU-00146","4","180.15","0.0005"
"6186","1186","SKU-00163","3","180.34","0.0008"
"6187","1187","SKU-00180","2","180.53","0.0011"
"6188","1188","SKU-00197","1","180.72","0.0014"
"6189","1189","SKU-00214","4","180.91","0.0017"
"6190","1190","SKU-00231","3","181.10","0.0020"
"6191","1191","SKU-00248","2","181.29","0.0023"
"6192","1192","SKU-00265","1","181.48","0.0001"
"6193","1193","SKU-00282","4","181.67","0.0004"
"6194","1194","SKU-00299","3","181.86","0.0007"
"6195","1195","SKU-00316","2","182.05","0.0010"
"6196","1196","SKU-00333","1","182.24","0.0013"
"6197","1197","SKU-00350","4","182.43","0.0016"
"6198","1198","SKU-00367","3","182.62","0.0019"
"6199","1199","SKU-00384","2","182.81","0.0022"
"6200","1200","SKU-00401","1","183.00","0.0000"
"6201","1201","SKU-00418","4","183.19","0.0003"
"6202","1202","SKU-00435","3","183.38","0.0006"
"6203","1203","SKU-00452","2","183.57","0.0009"
"6204","1204","SKU-00469","1","183.76","0.0012"
"6205","1205","SKU-00486","4","183.95","0.0015"
"6206","1206","SKU-00503","3","184.14","0.0018"
"6207","1207","SKU-00520","2","184.33","0.0021"
"6208","1208","SKU-00537","1","184.52","0.0024"
"6209","1209","SKU-00554","4","184.71","0.0002"
"6210","1210","SKU-00571","3","184.90","0.0005"
"6211","1211","SKU-00588","2","185.09","0.0008"
"6212","1212","SKU-00605","1","185.28","0.0011"
"6213","1213","SKU-00622","4","185.47","0.0014"
"6214","1214","SKU-00639","3","185.66","0.0017"
"6215","1215","SKU-00656","2","185.85","0.0020"
"6216","1216","SKU-00673","1","186.04","0.0023"
"6217","1217","SKU-00690","4","186.23","0.0001"
"6218","1218","SKU-00707","3","186.42","0.0004"
"6219","1219","SKU-00724","2","186.61","0.0007"
"6220","1220","SKU-00741","1","186.80","0.0010"
"6221","1221","SKU-00758","4","186.99","0.0013"
"6222","1222","SKU-00775","3","187.18","0.0016"
"6223","1223","SKU-00792","2","187.37","0.0019"
"6224","1224","SKU-00809","1","187.56","0.0022"
"6225","1225","SKU-00826","4","187.75","0.0000"
"6226","1226","SKU-00843","3","187.94","0.0003"
"6227","1227","SKU-00860","2","188.13","0.0006"
"6228","1228","SKU-00877","1","188.32","0.0009"
"6229","1229","SKU-00894","4","188.51","0.0012"
"6230","1230","SKU-00911","3","188.70","0.0015"
"6231","1231","SKU-00928","2","188.89","0.0018"
"6232","1232","SKU-00945","1","189.08","0.0021"
"6233","1233","SKU-00962","4","189.27","0.0024"
"6234","1234","SKU-00979","3","189.46","0.0002"
"6235","1235","SKU-00996","2","189.65","0.0005"
"6236","1236","SKU-00013","1","189.84","0.0008"
"6237","1237","SKU-00030","4","190.03","0.0011"
"6238","1238","SKU-00047","3","190.22","0.0014"
"6239","1239","SKU-00064","2","190.41","0.0017"
"6240","1240","SKU-00081","1","190.60","0.0020"
"6241","1241","SKU-00098","4","190.79","0.0023"
"6242","1242","SKU-00115","3","190.98","0.0001"
"6243","1243","SKU-00132","2","191.17","0.0004"
"6244","1244","SKU-00149","1","191.36","0.0007"
"6245","1245","SKU-00166","4","191.55","0.0010"
"6246","1246","SKU-00183","3","191.74","0.0013"
"6247","1247","SKU-00200","2","191.93","0.0016"
"6248","1248","SKU-00217","1","192.12","0.0019"
"6249","1249","SKU-00234","4","192.31","0.0022"
"6250","1250","SKU-00251","3","192.50","0.0000"
"6251","1251","SKU-00268","2","192.69","0.0003"
"6252","1252","SKU-00285","1","192.88","0.0006"
"6253","1253","SKU-00302","4","193.07","0.0009"
"6254","1254","SKU-00319","3","193.26","0.0012"
"6255","1255","SKU-00336","2","193.45","0.0015"
"6256","1256","SKU-00353","1","193.64","0.0018"
"6257","1257","SKU-00370","4","193.83","0.0021"
"6258","1258","SKU-00387","3","194.02","0.0024"
"6259","1259","SKU-00404","2","194.21","0.0002"
"6260","1260","SKU-00421","1","194.40","0.0005"
"6261","1261","SKU-00438","4","194.59","0.0008"
"6262","1262","SKU-00455","3","194.78","0.0011"
"6263","1263","SKU-00472","2","194.97","0.0014"
"6264","1264","SKU-00489","1","195.16","0.0017"
"6265","1265","SKU-00506","4","195.35","0.0020"
"6266","1266","SKU-00523","3","195.54","0.0023"
"6267","1267","SKU-00540","2","195.73","0.0001"
"6268","1268","SKU-00557","1","195.92","0.0004"
"6269","1269","SKU-00574","4","196.11","0.0007"
"6270","1270","SKU-00591","3","196.30","0.0010"
"6271","1271","SKU-00608","2","196.49","0.0013"
"6272","1272","SKU-00625","1","196.68","0.0016"
"6273","1273","SKU-00642","4","196.87","0.0019"
"6274","1274","SKU-00659","3","197.06","0.0022"
"6275","1275","SKU-00676","2","197.25","0.0000"
"6276","1276","SKU-00693","1","197.44","0.0003"
"6277","1277","SKU-00710","4","197.63","0.0006"
"6278","1278","SKU-00727","3","197.82","0.0009"
"6279","1279","SKU-00744","2","198.01","0.0012"
"6280","1280","SKU-00761","1","198.20","0.0015"
"6281","1281","SKU-00778","4","198.39","0.0018"
"6282","1282","SKU-00795","3","198.58","0.0021"
"6283","1283","SKU-00812","2","198.77","0.0024"
"6284","1284","SKU-00829","1","198.96","0.0002"
"6285","1285","SKU-00846","4","199.15","0.0005"
"6286","1286","SKU-00863","3","199.34","0.0008"
"6287","1287","SKU-00880","2","199.53","0.0011"
"6288","1288","SKU-00897","1","199.72","0.0014"
"6289","1289","SKU-00914","4","199.91","0.0017"
"6290","1290","SKU-00931","3","200.10","0.0020"
"6291","1291","SKU-00948","2","200.29","0.0023"
"6292","1292","SKU-00965","1","200.48","0.0001"
"6293","1293","SKU-00982","4","200.67","0.0004"
"6294","1294","SKU-00999","3","200.86","0.0007"
"6295","1295","SKU-00016","2","201.05","0.0010"
"6296","1296","SKU-00033","1","201.24","0.0013"
"6297","1297","SKU-00050","4","201.43","0.0016"
"6298","1298","SKU-00067","3","201.62","0.0019"
"6299","1299","SKU-00084","2","201.81","0.0022"
"6300","1300","SKU-00101","1","202.00","0.0000"
"6301","1301","SKU-00118","4","202.19","0.0003"
"6302","1302","SKU-00135","3","202.38","0.0006"
"6303","1303","SKU-00152","2","202.57","0.0009"
"6304","1304","SKU-00169","1","202.76","0.0012"
"6305","1305","SKU-00186","4","202.95","0.0015"
"6306","1306","SKU-00203","3","203.14","0.0018"
"6307","1307","SKU-00220","2","203.33","0.0021"
"6308","1308","SKU-00237","1","203.52","0.0024"
"6309","1309","SKU-00254","4","203.71","0.0002"
"6310","1310","SKU-00271","3","203.90","0.0005"
"6311","1311","SKU-00288","2","204.09","0.0008"
"6312","1312","SKU-00305","1","204.28","0.0011"
"6313","1313","SKU-00322","4","204.47","0.0014"
"6314","1314","SKU-00339","3","204.66","0.0017"
"6315","1315","SKU-00356","2","204.85","0.0020"
"6316","1316","SKU-00373","1","205.04","0.0023"
"6317","1317","SKU-00390","4","205.23","0.0001"
"6318","1318","SKU-00407","3","205.42","0.0004"
"6319","1319","SKU-00424","2","205.61","0.0007"
"6320","1320","SKU-00441","1","205.80","0.0010"
"6321","1321","SKU-00458","4","205.99","0.0013"
"6322","1322","SKU-00475","3","206.18","0.0016"
"6323","1323","SKU-00492","2","206.37","0.0019"
"6324","1324","SKU-00509","1","206.56","0.0022"
"6325","1325","SKU-00526","4","206.75","0.0000"
"6326","1326","SKU-00543","3","206.94","0.0003"
"6327","1327","SKU-00560","2","207.13","0.0006"
"6328","1328","SKU-00577","1","207.32","0.0009"
"6329","1329","SKU-00594","4","207.51","0.0012"
"6330","1330","SKU-00611","3","207.70","0.0015"
"6331","1331","SKU-00628","2","207.89","0.0018"
"6332","1332","SKU-00645","1","208.08","0.0021"
"6333","1333","SKU-00662","4","208.27","0.0024"
"6334","1334","SKU-00679","3","208.46","0.0002"
"6335","1335","SKU-00696","2","208.65","0.0005"
"6336","1336","SKU-00713","1","208.84","0.0008"
"6337","1337","SKU-00730","4","209.03","0.0011"
"6338","1338","SKU-00747","3","209.22","0.0014"
"6339","1339","SKU-00764","2","209.41","0.0017"
"6340","1340","SKU-00781","1","209.60","0.0020"
"6341","1341","SKU-00798","4","209.79","0.0023"
"6342","1342","SKU-00815","3","209.98","0.0001"
"6343","1343","SKU-00832","2","210.17","0.0004"
"6344","1344","SKU-00849","1","210.36","0.0007"
"6345","1345","SKU-00866","4","210.55","0.0010"
"6346","1346","SKU-00883","3","210.74","0.0013"
"6347","1347","SKU-00900","2","210.93","0.0016"
"6348","1348","SKU-00917","1","211.12","0.0019"
"6349","1349","SKU-00934","4","211.31","0.0022"
"6350","1350","SKU-00951","3","211.50","0.0000"
"6351","1351","SKU-00968","2","211.69","0.0003"
"6352","1352","SKU-00985","1","211.88","0.0006"
"6353","1353","SKU-00002","4","212.07","0.0009"
"6354","1354","SKU-00019","3","212.26","0.0012"
"6355","1355","SKU-00036","2","212.45","0.0015"
"6356","1356","SKU-00053","1","212.64","0.0018"
"6357","1357","SKU-00070","4","212.83","0.0021"
"6358","1358","SKU-00087","3","213.02","0.0024"
"6359","1359","SKU-00104","2","213.21","0.0002"
"6360","1360","SKU-00121","1","213.40","0.0005"
"6361","1361","SKU-00138","4","213.59","0.0008"
"6362","1362","SKU-00155","3","213.78","0.0011"
"6363","1363","SKU-00172","2","213.97","0.0014"
"6364","1364","SKU-00189","1","214.16","0.0017"
"6365","1365","SKU-00206","4","214.35","0.0020"
"6366","1366","SKU-00223","3","214.54","0.0023"
"6367","1367","SKU-00240","2","214.73","0.0001"
"6368","1368","SKU-00257","1","214.92","0.0004"
"6369","1369","SKU-00274","4","215.11","0.0007"
"6370","1370","SKU-00291","3","215.30","0.0010"
"6371","1371","SKU-00308","2","215.49","0.0013"
"6372","1372","SKU-00325","1","215.68","0.0016"
"6373","1373","SKU-00342","4","215.87","0.0019"
"6374","1374","SKU-00359","3","216.06","0.0022"
"6375","1375","SKU-00376","2","216.25","0.0000"
"6376","1376","SKU-00393","1","216.44","0.0003"
"6377","1377","SKU-00410","4","216.63","0.0006"
"6378","1378","SKU-00427","3","216.82","0.0009"
"6379","1379","SKU-00444","2","217.01","0.0012"
"6380","1380","SKU-00461","1","217.20","0.0015"
"6381","1381","SKU-00478","4","217.39","0.0018"
"6382","1382","SKU-00495","3","217.58","0.0021"
"6383","1383","SKU-00512","2","217.77","0.0024"
"6384","1384","SKU-00529","1","217.96","0.0002"
"6385","1385","SKU-00546","4","218.15","0.0005"
"6386","1386","SKU-00563","3","218.34","0.0008"
"6387","1387","SKU-00580","2","218.53","0.0011"
"6388","1388","SKU-00597","1","218.72","0.0014"
"6389","1389","SKU-00614","4","218.91","0.0017"
"6390","1390","SKU-00631","3","219.10","0.0020"
"6391","1391","SKU-00648","2","219.29","0.0023"
"6392","1392","SKU-00665","1","219.48","0.0001"
"6393","1393","SKU-00682","4","219.67","0.0004"
"6394","1394","SKU-00699","3","219.86","0.0007"
"6395","1395","SKU-00716","2","220.05","0.0010"
"6396","1396","SKU-00733","1","220.24","0.0013"
"6397","1397","SKU-00750","4","220.43","0.0016"
"6398","1398","SKU-00767","3","220.62","0.0019"
"6399","1399","SKU-00784","2","220.81","0.0022"
"6400","1400","SKU-00801","1","221.00","0.0000"
"6401","1401","SKU-00818","4","221.19","0.0003"
"6402","1402","SKU-00835","3","221.38","0.0006"
"6403","1403","SKU-00852","2","221.57","0.0009"
"6404","1404","SKU-00869","1","221.76","0.0012"
"6405","1405","SKU-00886","4","221.95","0.0015"
"6406","1406","SKU-00903","3","222.14","0.0018"
"6407","1407","SKU-00920","2","222.33","0.0021"
"6408","1408","SKU-00937","1","222.52","0.0024"
"6409","1409","SKU-00954","4","222.71","0.0002"
"6410","1410","SKU-00971","3","222.90","0.0005"
"6411","1411","SKU-00988","2","223.09","0.0008"
"6412","1412","SKU-00005","1","223.28","0.0011"
"6413","1413","SKU-00022","4","223.47","0.0014"
"6414","1414","SKU-00039","3","223.66","0.0017"
"6415","1415","SKU-00056","2","223.85","0.0020"
"6416","1416","SKU-00073","1","224.04","0.0023"
"6417","1417","SKU-00090","4","224.23","0.0001"
"6418","1418","SKU-00107","3","224.42","0.0004"
"6419","1419","SKU-00124","2","224.61","0.0007"
"6420","1420","SKU-00141","1","224.80","0.0010"
"6421","1421","SKU-00158","4","224.99","0.0013"
"6422","1422","SKU-00175","3","225.18","0.0016"
"6423","1423","SKU-00192","2","225.37","0.0019"
"6424","1424","SKU-00209","1","225.56","0.0022"
"6425","1425","SKU-00226","4","225.75","0.0000"
"6426","1426","SKU-00243","3","225.94","0.0003"
"6427","1427","SKU-00260","2","226.13","0.0006"
"6428","1428","SKU-00277","1","226.32","0.0009"
"6429","1429","SKU-00294","4","226.51","0.0012"
"6430","1430","SKU-00311","3","226.70","0.0015"
"6431","1431","SKU-00328","2","226.89","0.0018"
"6432","1432","SKU-00345","1","227.08","0.0021"
"6433","1433","SKU-00362","4","227.27","0.0024"
"6434","1434","SKU-00379","3","227.46","0.0002"
"6435","1435","SKU-00396","2","227.65","0.0005"
"6436","1436","SKU-00413","1","227.84","0.0008"
"6437","1437","SKU-00430","4","228.03","0.0011"
"6438","1438","SKU-00447","3","228.22","0.0014"
"6439","1439","SKU-00464","2","228.41","0.0017"
"6440","1440","SKU-00481","1","228.60","0.0020"
"6441","1441","SKU-00498","4","228.79","0.0023"
"6442","1442","SKU-00515","3","228.98","0.0001"
"6443","1443","SKU-00532","2","229.17","0.0004"
"6444","1444","SKU-00549","1","229.36","0.0007"
"6445","1445","SKU-00566","4","229.55","0.0010"
"6446","1446","SKU-00583","3","229.74","0.0013"
"6447","1447","SKU-00600","2","229.93","0.0016"
"6448","1448","SKU-00617","1","230.12","0.0019"
"6449","1449","SKU-00634","4","230.31","0.0022"
"6450","1450","SKU-00651","3","230.50","0.0000"
"6451","1451","SKU-00668","2","230.69","0.0003"
"6452","1452","SKU-00685","1","230.88","0.0006"
"6453","1453","SKU-00702","4","231.07","0.0009"
"6454","1454","SKU-00719","3","231.26","0.0012"
"6455","1455","SKU-00736","2","231.45","0.0015"
"6456","1456","SKU-00753","1","231.64","0.0018"
"6457","1457","SKU-00770","4","231.83","0.0021"
"6458","1458","SKU-00787","3","232.02","0.0024"
"6459","1459","SKU-00804","2","232.21","0.0002"
"6460","1460","SKU-00821","1","232.40","0.0005"
"6461","1461","SKU-00838","4","232.59","0.0008"
"6462","1462","SKU-00855","3","232.78","0.0011"
"6463","1463","SKU-00872","2","232.97","0.0014"
"6464","1464","SKU-00889","1","233.16","0.0017"
"6465","1465","SKU-00906","4","233.35","0.0020"
"6466","1466","SKU-00923","3","233.54","0.0023"
"6467","1467","SKU-00940","2","233.73","0.0001"
"6468","1468","SKU-00957","1","233.92","0.0004"
"6469","1469","SKU-00974","4","234.11","0.0007"
"6470","1470","SKU-00991","3","234.30","0.0010"
"6471","1471","SKU-00008","2","234.49","0.0013"
"6472","1472","SKU-00025","1","234.68","0.0016"
"6473","1473","SKU-00042","4","234.87","0.0019"
"6474","1474","SKU-00059","3","235.06","0.0022"
"6475","1475","SKU-00076","2","235.25","0.0000"
"6476","1476","SKU-00093","1","235.44","0.0003"
"6477","1477","SKU-00110","4","235.63","0.0006"
"6478","1478","SKU-00127","3","235.82","0.0009"
"6479","1479","SKU-00144","2","236.01","0.0012"
"6480","1480","SKU-00161","1","236.20","0.0015"
"6481","1481","SKU-00178","4","236.39","0.0018"
"6482","1482","SKU-00195","3","236.58","0.0021"
"6483","1483","SKU-00212","2","236.77","0.0024"
"6484","1484","SKU-00229","1","236.96","0.0002"
"6485","1485","SKU-00246","4","237.15","0.0005"
"6486","1486","SKU-00263","3","237.34","0.0008"
"6487","1487","SKU-00280","2","237.53","0.0011"
"6488","1488","SKU-00297","1","237.72","0.0014"
"6489","1489","SKU-00314","4","237.91","0.0017"
"6490","1490","SKU-00331","3","238.10","0.0020"
"6491","1491","SKU-00348","2","238.29","0.0023"
"6492","1492","SKU-00365","1","238.48","0.0001"
"6493","1493","SKU-00382","4","238.67","0.0004"
"6494","1494","SKU-00399","3","238.86","0.0007"
"6495","1495","SKU-00416","2","239.05","0.0010"
"6496","1496","SKU-00433","1","239.24","0.0013"
"6497","1497","SKU-00450","4","239.43","0.0016"
"6498","1498","SKU-00467","3","239.62","0.0019"
"6499","1499","SKU-00484","2","239.81","0.0022"
"6500","1500","SKU-00501","1","240.00","0.0000"
"6501","1501","SKU-00518","4","240.19","0.0003"
"6502","1502","SKU-00535","3","240.38","0.0006"
"6503","1503","SKU-00552","2","240.57","0.0009"
"6504","1504","SKU-00569","1","240.76","0.0012"
"6505","1505","SKU-00586","4","240.95","0.0015"
"6506","1506","SKU-00603","3","241.14","0.0018"
"6507","1507","SKU-00620","2","241.33","0.0021"
"6508","1508","SKU-00637","1","241.52","0.0024"
"6509","1509","SKU-00654","4","241.71","0.0002"
"6510","1510","SKU-00671","3","241.90","0.0005"
"6511","1511","SKU-00688","2","242.09","0.0008"
"6512","1512","SKU-00705","1","242.28","0.0011"
"6513","1513","SKU-00722","4","242.47","0.0014"
"6514","1514","SKU-00739","3","242.66","0.0017"
"6515","1515","SKU-00756","2","242.85","0.0020"
"6516","1516","SKU-00773","1","243.04","0.0023"
"6517","1517","SKU-00790","4","243.23","0.0001"
"6518","1518","SKU-00807","3","243.42","0.0004"
"6519","1519","SKU-00824","2","243.61","0.0007"
"6520","1520","SKU-00841","1","243.80","0.0010"
"6521","1521","SKU-00858","4","243.99","0.0013"
"6522","1522","SKU-00875","3","244.18","0.0016"
"6523","1523","SKU-00892","2","244.37","0.0019"
"6524","1524","SKU-00909","1","244.56","0.0022"
"6525","1525","SKU-00926","4","244.75","0.0000"
"6526","1526","SKU-00943","3","244.94","0.0003"
"6527","1527","SKU-00960","2","245.13","0.0006"
"6528","1528","SKU-00977","1","245.32","0.0009"
"6529","1529","SKU-00994","4","245.51","0.0012"
"6530","1530","SKU-00011","3","245.70","0.0015"
"6531","1531","SKU-00028","2","245.89","0.0018"
"6532","1532","SKU-00045","1","246.08","0.0021"
"6533","1533","SKU-00062","4","246.27","0.0024"
"6534","1534","SKU-00079","3","246.46","0.0002"
"6535","1535","SKU-00096","2","246.65","0.0005"
"6536","1536","SKU-00113","1","246.84","0.0008"
"6537","1537","SKU-00130","4","247.03","0.0011"
"6538","1538","SKU-00147","3","247.22","0.0014"
"6539","1539","SKU-00164","2","247.41","0.0017"
"6540","1540","SKU-00181","1","247.60","0.0020"
"6541","1541","SKU-00198","4","247.79","0.0023"
"6542","1542","SKU-00215","3","247.98","0.0001"
"6543","1543","SKU-00232","2","248.17","0.0004"
"6544","1544","SKU-00249","1","248.36","0.0007"
"6545","1545","SKU-00266","4","248.55","0.0010"
"6546","1546","SKU-00283","3","248.74","0.0013"
"6547","1547","SKU-00300","2","248.93","0.0016"
"6548","1548","SKU-00317","1","249.12","0.0019"
"6549","1549","SKU-00334","4","249.31","0.0022"
"6550","1550","SKU-00351","3","249.50","0.0000"
"6551","1551","SKU-00368","2","249.69","0.0003"
"6552","1552","SKU-00385","1","249.88","0.0006"
"6553","1553","SKU-00402","4","250.07","0.0009"
"6554","1554","SKU-00419","3","250.26","0.0012"
"6555","1555","SKU-00436","2","250.45","0.0015"
"6556","1556","SKU-00453","1","250.64","0.0018"
"6557","1557","SKU-00470","4","250.83","0.0021"
"6558","1558","SKU-00487","3","251.02","0.0024"
"6559","1559","SKU-00504","2","251.21","0.0002"
"6560","1560","SKU-00521","1","251.40","0.0005"
"6561","1561","SKU-00538","4","251.59","0.0008"
"6562","1562","SKU-00555","3","251.78","0.0011"
"6563","1563","SKU-00572","2","251.97","0.0014"
"6564","1564","SKU-00589","1","252.16","0.0017"
"6565","1565","SKU-00606","4","252.35","0.0020"
"6566","1566","SKU-00623","3","252.54","0.0023"
"6567","1567","SKU-00640","2","252.73","0.0001"
"6568","1568","SKU-00657","1","252.92","0.0004"
"6569","1569","SKU-00674","4","253.11","0.0007"
"6570","1570","SKU-00691","3","253.30","0.0010"
"6571","1571","SKU-00708","2","253.49","0.0013"
"6572","1572","SKU-00725","1","253.68","0.0016"
"6573","1573","SKU-00742","4","253.87","0.0019"
"6574","1574","SKU-00759","3","254.06","0.0022"
"6575","1575","SKU-00776","2","254.25","0.0000"
"6576","1576","SKU-00793","1","254.44","0.0003"
"6577","1577","SKU-00810","4","254.63","0.0006"
"6578","1578","SKU-00827","3","254.82","0.0009"
"6579","1579","SKU-00844","2","5.01","0.0012"
"6580","1580","SKU-00861","1","5.20","0.0015"
"6581","1581","SKU-00878","4","5.39","0.0018"
"6582","1582","SKU-00895","3","5.58","0.0021"
"6583","1583","SKU-00912","2","5.77","0.0024"
"6584","1584","SKU-00929","1","5.96","0.0002"
"6585","1585","SKU-00946","4","6.15","0.0005"
"6586","1586","SKU-00963","3","6.34","0.0008"
"6587","1587","SKU-00980","2","6.53","0.0011"
"6588","1588","SKU-00997","1","6.72","0.0014"
"6589","1589","SKU-00014","4","6.91","0.0017"
"6590","1590","SKU-00031","3","7.10","0.0020"
"6591","1591","SKU-00048","2","7.29","0.0023"
"6592","1592","SKU-00065","1","7.48","0.0001"
"6593","1593","SKU-00082","4","7.67","0.0004"
"6594","1594","SKU-00099","3","7.86","0.0007"
"6595","1595","SKU-00116","2","8.05","0.0010"
"6596","1596","SKU-00133","1","8.24","0.0013"
"6597","1597","SKU-00150","4","8.43","0.0016"
"6598","1598","SKU-00167","3","8.62","0.0019"
"6599","1599","SKU-00184","2","8.81","0.0022"
"6600","1600","SKU-00201","1","9.00","0.0000"
"6601","1601","SKU-00218","4","9.19","0.0003"
"6602","1602","SKU-00235","3","9.38","0.0006"
"6603","1603","SKU-00252","2","9.57","0.0009"
"6604","1604","SKU-00269","1","9.76","0.0012"
"6605","1605","SKU-00286","4","9.95","0.0015"
"6606","1606","SKU-00303","3","10.14","0.0018"
"6607","1607","SKU-00320","2","10.33","0.0021"
"6608","1608","SKU-00337","1","10.52","0.0024"
"6609","1609","SKU-00354","4","10.71","0.0002"
"6610","1610","SKU-00371","3","10.90","0.0005"
"6611","1611","SKU-00388","2","11.09","0.0008"
"6612","1612","SKU-00405","1","11.28","0.0011"
"6613","1613","SKU-00422","4","11.47","0.0014"
"6614","1614","SKU-00439","3","11.66","0.0017"
"6615","1615","SKU-00456","2","11.85","0.0020"
"6616","1616","SKU-00473","1","12.04","0.0023"
"6617","1617","SKU-00490","4","12.23","0.0001"
"6618","1618","SKU-00507","3","12.42","0.0004"
"6619","1619","SKU-00524","2","12.61","0.0007"
"6620","1620","SKU-00541","1","12.80","0.0010"
"6621","1621","SKU-00558","4","12.99","0.0013"
"6622","1622","SKU-00575","3","13.18","0.0016"
"6623","1623","SKU-00592","2","13.37","0.0019"
"6624","1624","SKU-00609","1","13.56","0.0022"
"6625","1625","SKU-00626","4","13.75","0.0000"
"6626","1626","SKU-00643","3","13.94","0.0003"
"6627","1627","SKU-00660","2","14.13","0.0006"
"6628","1628","SKU-00677","1","14.32","0.0009"
"6629","1629","SKU-00694","4","14.51","0.0012"
"6630","1630","SKU-00711","3","14.70","0.0015"
"6631","1631","SKU-00728","2","14.89","0.0018"
"6632","1632","SKU-00745","1","15.08","0.0021"
"6633","1633","SKU-00762","4","15.27","0.0024"
"6634","1634","SKU-00779","3","15.46","0.0002"
"6635","1635","SKU-00796","2","15.65","0.0005"
"6636","1636","SKU-00813","1","15.84","0.0008"
"6637","1637","SKU-00830","4","16.03","0.0011"
"6638","1638","SKU-00847","3","16.22","0.0014"
"6639","1639","SKU-00864","2","16.41","0.0017"
"6640","1640","SKU-00881","1","16.60","0.0020"
"6641","1641","SKU-00898","4","16.79","0.0023"
"6642","1642","SKU-00915","3","16.98","0.0001"
"6643","1643","SKU-00932","2","17.17","0.0004"
"6644","1644","SKU-00949","1","17.36","0.0007"
"6645","1645","SKU-00966","4","17.55","0.0010"
"6646","1646","SKU-00983","3","17.74","0.0013"
"6647","1647","SKU-01000","2","17.93","0.0016"
"6648","1648","SKU-00017","1","18.12","0.0019"
"6649","1649","SKU-00034","4","18.31","0.0022"
"6650","1650","SKU-00051","3","18.50","0.0000"
"6651","1651","SKU-00068","2","18.69","0.0003"
"6652","1652","SKU-00085","1","18.88","0.0006"
"6653","1653","SKU-00102","4","19.07","0.0009"
"6654","1654","SKU-00119","3","19.26","0.0012"
"6655","1655","SKU-00136","2","19.45","0.0015"
"6656","1656","SKU-00153","1","19.64","0.0018"
"6657","1657","SKU-00170","4","19.83","0.0021"
"6658","1658","SKU-00187","3","20.02","0.0024"
"6659","1659","SKU-00204","2","20.21","0.0002"
"6660","1660","SKU-00221","1","20.40","0.0005"
"6661","1661","SKU-00238","4","20.59","0.0008"
"6662","1662","SKU-00255","3","20.78","0.0011"
"6663","1663","SKU-00272","2","20.97","0.0014"
"6664","1664","SKU-00289","1","21.16","0.0017"
"6665","1665","SKU-00306","4","21.35","0.0020"
"6666","1666","SKU-00323","3","21.54","0.0023"
"6667","1667","SKU-00340","2","21.73","0.0001"
"6668","1668","SKU-00357","1","21.92","0.0004"
"6669","1669","SKU-00374","4","22.11","0.0007"
"6670","1670","SKU-00391","3","22.30","0.0010"
"6671","1671","SKU-00408","2","22.49","0.0013"
"6672","1672","SKU-00425","1","22.68","0.0016"
"6673","1673","SKU-00442","4","22.87","0.0019"
"6674","1674","SKU-00459","3","23.06","0.0022"
"6675","1675","SKU-00476","2","23.25","0.0000"
"6676","1676","SKU-00493","1","23.44","0.0003"
"6677","1677","SKU-00510","4","23.63","0.0006"
"6678","1678","SKU-00527","3","23.82","0.0009"
"6679","1679","SKU-00544","2","24.01","0.0012"
"6680","1680","SKU-00561","1","24.20","0.0015"
"6681","1681","SKU-00578","4","24.39","0.0018"
"6682","1682","SKU-00595","3","24.58","0.0021"
"6683","1683","SKU-00612","2","24.77","0.0024"
"6684","1684","SKU-00629","1","24.96","0.0002"
"6685","1685","SKU-00646","4","25.15","0.0005"
"6686","1686","SKU-00663","3","25.34","0.0008"
"6687","1687","SKU-00680","2","25.53","0.0011"
"6688","1688","SKU-00697","1","25.72","0.0014"
"6689","1689","SKU-00714","4","25.91","0.0017"
"6690","1690","SKU-00731","3","26.10","0.0020"
"6691","1691","SKU-00748","2","26.29","0.0023"
"6692","1692","SKU-00765","1","26.48","0.0001"
"6693","1693","SKU-00782","4","26.67","0.0004"
"6694","1694","SKU-00799","3","26.86","0.0007"
"6695","1695","SKU-00816","2","27.05","0.0010"
"6696","1696","SKU-00833","1","27.24","0.0013"
"6697","1697","SKU-00850","4","27.43","0.0016"
"6698","1698","SKU-00867","3","27.62","0.0019"
"6699","1699","SKU-00884","2","27.81","0.0022"
"6700","1700","SKU-00901","1","28.00","0.0000"
"6701","1701","SKU-00918","4","28.19","0.0003"
"6702","1702","SKU-00935","3","28.38","0.0006"
"6703","1703","SKU-00952","2","28.57","0.0009"
"6704","1704","SKU-00969","1","28.76","0.0012"
"6705","1705","SKU-00986","4","28.95","0.0015"
"6706","1706","SKU-00003","3","29.14","0.0018"
"6707","1707","SKU-00020","2","29.33","0.0021"
"6708","1708","SKU-00037","1","29.52","0.0024"
"6709","1709","SKU-00054","4","29.71","0.0002"
"6710","1710","SKU-00071","3","29.90","0.0005"
"6711","1711","SKU-00088","2","30.09","0.0008"
"6712","1712","SKU-00105","1","30.28","0.0011"
"6713","1713","SKU-00122","4","30.47","0.0014"
"6714","1714","SKU-00139","3","30.66","0.0017"
"6715","1715","SKU-00156","2","30.85","0.0020"
"6716","1716","SKU-00173","1","31.04","0.0023"
"6717","1717","SKU-00190","4","31.23","0.0001"
"6718","1718","SKU-00207","3","31.42","0.0004"
"6719","1719","SKU-00224","2","31.61","0.0007"
"6720","1720","SKU-00241","1","31.80","0.0010"
"6721","1721","SKU-00258","4","31.99","0.0013"
"6722","1722","SKU-00275","3","32.18","0.0016"
"6723","1723","SKU-00292","2","32.37","0.0019"
"6724","1724","SKU-00309","1","32.56","0.0022"
"6725","1725","SKU-00326","4","32.75","0.0000"
"6726","1726","SKU-00343","3","32.94","0.0003"
"6727","1727","SKU-00360","2","33.13","0.0006"
"6728","1728","SKU-00377","1","33.32","0.0009"
"6729","1729","SKU-00394","4","33.51","0.0012"
"6730","1730","SKU-00411","3","33.70","0.0015"
"6731","1731","SKU-00428","2","33.89","0.0018"
"6732","1732","SKU-00445","1","34.08","0.0021"
"6733","1733","SKU-00462","4","34.27","0.0024"
"6734","1734","SKU-00479","3","34.46","0.0002"
"6735","1735","SKU-00496","2","34.65","0.0005"
"6736","1736","SKU-00513","1","34.84","0.0008"
"6737","1737","SKU-00530","4","35.03","0.0011"
"6738","1738","SKU-00547","3","35.22","0.0014"
"6739","1739","SKU-00564","2","35.41","0.0017"
"6740","1740","SKU-00581","1","35.60","0.0020"
"6741","1741","SKU-00598","4","35.79","0.0023"
"6742","1742","SKU-00615","3","35.98","0.0001"
"6743","1743","SKU-00632","2","36.17","0.0004"
"6744","1744","SKU-00649","1","36.36","0.0007"
"6745","1745","SKU-00666","4","36.55","0.0010"
"6746","1746","SKU-00683","3","36.74","0.0013"
"6747","1747","SKU-00700","2","36.93","0.0016"
"6748","1748","SKU-00717","1","37.12","0.0019"
"6749","1749","SKU-00734","4","37.31","0.0022"
"6750","1750","SKU-00751","3","37.50","0.0000"
"6751","1751","SKU-00768","2","37.69","0.0003"
"6752","1752","SKU-00785","1","37.88","0.0006"
"6753","1753","SKU-00802","4","38.07","0.0009"
"6754","1754","SKU-00819","3","38.26","0.0012"
"6755","1755","SKU-00836","2","38.45","0.0015"
"6756","1756","SKU-00853","1","38.64","0.0018"
"6757","1757","SKU-00870","4","38.83","0.0021"
"6758","1758","SKU-00887","3","39.02","0.0024"
"6759","1759","SKU-00904","2","39.21","0.0002"
"6760","1760","SKU-00921","1","39.40","0.0005"
"6761","1761","SKU-00938","4","39.59","0.0008"
"6762","1762","SKU-00955","3","39.78","0.0011"
"6763","1763","SKU-00972","2","39.97","0.0014"
"6764","1764","SKU-00989","1","40.16","0.0017"
"6765","1765","SKU-00006","4","40.35","0.0020"
"6766","1766","SKU-00023","3","40.54","0.0023"
"6767","1767","SKU-00040","2","40.73","0.0001"
"6768","1768","SKU-00057","1","40.92","0.0004"
"6769","1769","SKU-00074","4","41.11","0.0007"
"6770","1770","SKU-00091","3","41.30","0.0010"
"6771","1771","SKU-00108","2","41.49","0.0013"
"6772","1772","SKU-00125","1","41.68","0.0016"
"6773","1773","SKU-00142","4","41.87","0.0019"
"6774","1774","SKU-00159","3","42.06","0.0022"
"6775","1775","SKU-00176","2","42.25","0.0000"
"6776","1776","SKU-00193","1","42.44","0.0003"
"6777","1777","SKU-00210","4","42.63","0.0006"
"6778","1778","SKU-00227","3","42.82","0.0009"
"6779","1779","SKU-00244","2","43.01","0.0012"
"6780","1780","SKU-00261","1","43.20","0.0015"
"6781","1781","SKU-00278","4","43.39","0.0018"
"6782","1782","SKU-00295","3","43.58","0.0021"
"6783","1783","SKU-00312","2","43.77","0.0024"
"6784","1784","SKU-00329","1","43.96","0.0002"
"6785","1785","SKU-00346","4","44.15","0.0005"
"6786","1786","SKU-00363","3","44.34","0.0008"
"6787","1787","SKU-00380","2","44.53","0.0011"
"6788","1788","SKU-00397","1","44.72","0.0014"
"6789","1789","SKU-00414","4","44.91","0.0017"
"6790","1790","SKU-00431","3","45.10","0.0020"
"6791","1791","SKU-00448","2","45.29","0.0023"
"6792","1792","SKU-00465","1","45.48","0.0001"
"6793","1793","SKU-00482","4","45.67","0.0004"
"6794","1794","SKU-00499","3","45.86","0.0007"
"6795","1795","SKU-00516","2","46.05","0.0010"
"6796","1796","SKU-00533","1","46.24","0.0013"
"6797","1797","SKU-00550","4","46.43","0.0016"
"6798","1798","SKU-00567","3","46.62","0.0019"
"6799","1799","SKU-00584","2","46.81","0.0022"
"6800","1800","SKU-00601","1","47.00","0.0000"
"6801","1801","SKU-00618","4","47.19","0.0003"
"6802","1802","SKU-00635","3","47.38","0.0006"
"6803","1803","SKU-00652","2","47.57","0.0009"
"6804","1804","SKU-00669","1","47.76","0.0012"
"6805","1805","SKU-00686","4","47.95","0.0015"
"6806","1806","SKU-00703","3","48.14","0.0018"
"6807","1807","SKU-00720","2","48.33","0.0021"
"6808","1808","SKU-00737","1","48.52","0.0024"
"6809","1809","SKU-00754","4","48.71","0.0002"
"6810","1810","SKU-00771","3","48.90","0.0005"
"6811","1811","SKU-00788","2","49.09","0.0008"
"6812","1812","SKU-00805","1","49.28","0.0011"
"6813","1813","SKU-00822","4","49.47","0.0014"
"6814","1814","SKU-00839","3","49.66","0.0017"
"6815","1815","SKU-00856","2","49.85","0.0020"
"6816","1816","SKU-00873","1","50.04","0.0023"
"6817","1817","SKU-00890","4","50.23","0.0001"
"6818","1818","SKU-00907","3","50.42","0.0004"
"6819","1819","SKU-00924","2","50.61","0.0007"
"6820","1820","SKU-00941","1","50.80","0.0010"
"6821","1821","SKU-00958","4","50.99","0.0013"
"6822","1822","SKU-00975","3","51.18","0.0016"
"6823","1823","SKU-00992","2","51.37","0.0019"
"6824","1824","SKU-00009","1","51.56","0.0022"
"6825","1825","SKU-00026","4","51.75","0.0000"
"6826","1826","SKU-00043","3","51.94","0.0003"
"6827","1827","SKU-00060","2","52.13","0.0006"
"6828","1828","SKU-00077","1","52.32","0.0009"
"6829","1829","SKU-00094","4","52.51","0.0012"
"6830","1830","SKU-00111","3","52.70","0.0015"
"6831","1831","SKU-00128","2","52.89","0.0018"
"6832","1832","SKU-00145","1","53.08","0.0021"
"6833","1833","SKU-00162","4","53.27","0.0024"
"6834","1834","SKU-00179","3","53.46","0.0002"
"6835","1835","SKU-00196","2","53.65","0.0005"
"6836","1836","SKU-00213","1","53.84","0.0008"
"6837","1837","SKU-00230","4","54.03","0.0011"
"6838","1838","SKU-00247","3","54.22","0.0014"
"6839","1839","SKU-00264","2","54.41","0.0017"
"6840","1840","SKU-00281","1","54.60","0.0020"
"6841","1841","SKU-00298","4","54.79","0.0023"
"6842","1842","SKU-00315","3","54.98","0.0001"
"6843","1843","SKU-00332","2","55.17","0.0004"
"6844","1844","SKU-00349","1","55.36","0.0007"
"6845","1845","SKU-00366","4","55.55","0.0010"
"6846","1846","SKU-00383","3","55.74","0.0013"
"6847","1847","SKU-00400","2","55.93","0.0016"
"6848","1848","SKU-00417","1","56.12","0.0019"
"6849","1849","SKU-00434","4","56.31","0.0022"
"6850","1850","SKU-00451","3","56.50","0.0000"
"6851","1851","SKU-00468","2","56.69","0.0003"
"6852","1852","SKU-00485","1","56.88","0.0006"
"6853","1853","SKU-00502","4","57.07","0.0009"
"6854","1854","SKU-00519","3","57.26","0.0012"
"6855","1855","SKU-00536","2","57.45","0.0015"
"6856","1856","SKU-00553","1","57.64","0.0018"
"6857","1857","SKU-00570","4","57.83","0.0021"
"6858","1858","SKU-00587","3","58.02","0.0024"
"6859","1859","SKU-00604","2","58.21","0.0002"
"6860","1860","SKU-00621","1","58.40","0.0005"
"6861","1861","SKU-00638","4","58.59","0.0008"
"6862","1862","SKU-00655","3","58.78","0.0011"
"6863","1863","SKU-00672","2","58.97","0.0014"
"6864","1864","SKU-00689","1","59.16","0.0017"
"6865","1865","SKU-00706","4","59.35","0.0020"
"6866","1866","SKU-00723","3","59.54","0.0023"
"6867","1867","SKU-00740","2","59.73","0.0001"
"6868","1868","SKU-00757","1","59.92","0.0004"
"6869","1869","SKU-00774","4","60.11","0.0007"
"6870","1870","SKU-00791","3","60.30","0.0010"
"6871","1871","SKU-00808","2","60.49","0.0013"
"6872","1872","SKU-00825","1","60.68","0.0016"
"6873","1873","SKU-00842","4","60.87","0.0019"
"6874","1874","SKU-00859","3","61.06","0.0022"
"6875","1875","SKU-00876","2","61.25","0.0000"
"6876","1876","SKU-00893","1","61.44","0.0003"
"6877","1877","SKU-00910","4","61.63","0.0006"
"6878","1878","SKU-00927","3","61.82","0.0009"
"6879","1879","SKU-00944","2","62.01","0.0012"
"6880","1880","SKU-00961","1","62.20","0.0015"
"6881","1881","SKU-00978","4","62.39","0.0018"
"6882","1882","SKU-00995","3","62.58","0.0021"
"6883","1883","SKU-00012","2","62.77","0.0024"
"6884","1884","SKU-00029","1","62.96","0.0002"
"6885","1885","SKU-00046","4","63.15","0.0005"
"6886","1886","SKU-00063","3","63.34","0.0008"
"6887","1887","SKU-00080","2","63.53","0.0011"
"6888","1888","SKU-00097","1","63.72","0.0014"
"6889","1889","SKU-00114","4","63.91","0.0017"
"6890","1890","SKU-00131","3","64.10","0.0020"
"6891","1891","SKU-00148","2","64.29","0.0023"
"6892","1892","SKU-00165","1","64.48","0.0001"
"6893","1893","SKU-00182","4","64.67","0.0004"
"6894","1894","SKU-00199","3","64.86","0.0007"
"6895","1895","SKU-00216","2","65.05","0.0010"
"6896","1896","SKU-00233","1","65.24","0.0013"
"6897","1897","SKU-00250","4","65.43","0.0016"
"6898","1898","SKU-00267","3","65.62","0.0019"
"6899","1899","SKU-00284","2","65.81","0.0022"
"6900","1900","SKU-00301","1","66.00","0.0000"
"6901","1901","SKU-00318","4","66.19","0.0003"
"6902","1902","SKU-00335","3","66.38","0.0006"
"6903","1903","SKU-00352","2","66.57","0.0009"
"6904","1904","SKU-00369","1","66.76","0.0012"
"6905","1905","SKU-00386","4","66.95","0.0015"
"6906","1906","SKU-00403","3","67.14","0.0018"
"6907","1907","SKU-00420","2","67.33","0.0021"
"6908","1908","SKU-00437","1","67.52","0.0024"
"6909","1909","SKU-00454","4","67.71","0.0002"
"6910","1910","SKU-00471","3","67.90","0.0005"
"6911","1911","SKU-00488","2","68.09","0.0008"
"6912","1912","SKU-00505","1","68.28","0.0011"
"6913","1913","SKU-00522","4","68.47","0.0014"
"6914","1914","SKU-00539","3","68.66","0.0017"
"6915","1915","SKU-00556","2","68.85","0.0020"
"6916","1916","SKU-00573","1","69.04","0.0023"
"6917","1917","SKU-00590","4","69.23","0.0001"
"6918","1918","SKU-00607","3","69.42","0.0004"
"6919","1919","SKU-00624","2","69.61","0.0007"
"6920","1920","SKU-00641","1","69.80","0.0010"
"6921","1921","SKU-00658","4","69.99","0.0013"
"6922","1922","SKU-00675","3","70.18","0.0016"
"6923","1923","SKU-00692","2","70.37","0.0019"
"6924","1924","SKU-00709","1","70.56","0.0022"
"6925","1925","SKU-00726","4","70.75","0.0000"
"6926","1926","SKU-00743","3","70.94","0.0003"
"6927","1927","SKU-00760","2","71.13","0.0006"
"6928","1928","SKU-00777","1","71.32","0.0009"
"6929","1929","SKU-00794","4","71.51","0.0012"
"6930","1930","SKU-00811","3","71.70","0.0015"
"6931","1931","SKU-00828","2","71.89","0.0018"
"6932","1932","SKU-00845","1","72.08","0.0021"
"6933","1933","SKU-00862","4","72.27","0.0024"
"6934","1934","SKU-00879","3","72.46","0.0002"
"6935","1935","SKU-00896","2","72.65","0.0005"
"6936","1936","SKU-00913","1","72.84","0.0008"
"6937","1937","SKU-00930","4","73.03","0.0011"
"6938","1938","SKU-00947","3","73.22","0.0014"
"6939","1939","SKU-00964","2","73.41","0.0017"
"6940","1940","SKU-00981","1","73.60","0.0020"
"6941","1941","SKU-00998","4","73.79","0.0023"
"6942","1942","SKU-00015","3","73.98","0.0001"
"6943","1943","SKU-00032","2","74.17","0.0004"
"6944","1944","SKU-00049","1","74.36","0.0007"
"6945","1945","SKU-00066","4","74.55","0.0010"
"6946","1946","SKU-00083","3","74.74","0.0013"
"6947","1947","SKU-00100","2","74.93","0.0016"
"6948","1948","SKU-00117","1","75.12","0.0019"
"6949","1949","SKU-00134","4","75.31","0.0022"
"6950","1950","SKU-00151","3","75.50","0.0000"
"6951","1951","SKU-00168","2","75.69","0.0003"
"6952","1952","SKU-00185","1","75.88","0.0006"
"6953","1953","SKU-00202","4","76.07","0.0009"
"6954","1954","SKU-00219","3","76.26","0.0012"
"6955","1955","SKU-00236","2","76.45","0.0015"
"6956","1956","SKU-00253","1","76.64","0.0018"
"6957","1957","SKU-00270","4","76.83","0.0021"
"6958","1958","SKU-00287","3","77.02","0.0024"
"6959","1959","SKU-00304","2","77.21","0.0002"
"6960","1960","SKU-00321","1","77.40","0.0005"
"6961","1961","SKU-00338","4","77.59","0.0008"
"6962","1962","SKU-00355","3","77.78","0.0011"
"6963","1963","SKU-00372","2","77.97","0.0014"
"6964","1964","SKU-00389","1","78.16","0.0017"
"6965","1965","SKU-00406","4","78.35","0.0020"
"6966","1966","SKU-00423","3","78.54","0.0023"
"6967","1967","SKU-00440","2","78.73","0.0001"
"6968","1968","SKU-00457","1","78.92","0.0004"
"6969","1969","SKU-00474","4","79.11","0.0007"
"6970","1970","SKU-00491","3","79.30","0.0010"
"6971","1971","SKU-00508","2","79.49","0.0013"
"6972","1972","SKU-00525","1","79.68","0.0016"
"6973","1973","SKU-00542","4","79.87","0.0019"
"6974","1974","SKU-00559","3","80.06","0.0022"
"6975","1975","SKU-00576","2","80.25","0.0000"
"6976","1976","SKU-00593","1","80.44","0.0003"
"6977","1977","SKU-00610","4","80.63","0.0006"
"6978","1978","SKU-00627","3","80.82","0.0009"
"6979","1979","SKU-00644","2","81.01","0.0012"
"6980","1980","SKU-00661","1","81.20","0.0015"
"6981","1981","SKU-00678","4","81.39","0.0018"
"6982","1982","SKU-00695","3","81.58","0.0021"
"6983","1983","SKU-00712","2","81.77","0.0024"
"6984","1984","SKU-00729","1","81.96","0.0002"
"6985","1985","SKU-00746","4","82.15","0.0005"
"6986","1986","SKU-00763","3","82.34","0.0008"
"6987","1987","SKU-00780","2","82.53","0.0011"
"6988","1988","SKU-00797","1","82.72","0.0014"
"6989","1989","SKU-00814","4","82.91","0.0017"
"6990","1990","SKU-00831","3","83.10","0.0020"
"6991","1991","SKU-00848","2","83.29","0.0023"
"6992","1992","SKU-00865","1","83.48","0.0001"
"6993","1993","SKU-00882","4","83.67","0.0004"
"6994","1994","SKU-00899","3","83.86","0.0007"
"6995","1995","SKU-00916","2","84.05","0.0010"
"6996","1996","SKU-00933","1","84.24","0.0013"
"6997","1997","SKU-00950","4","84.43","0.0016"
"6998","1998","SKU-00967","3","84.62","0.0019"
"6999","1999","SKU-00984","2","84.81","0.0022"
"7000","2000","SKU-00001","1","85.00","0.0000"
"7001","2001","SKU-00018","4","85.19","0.0003"
"7002","2002","SKU-00035","3","85.38","0.0006"
"7003","2003","SKU-00052","2","85.57","0.0009"
"7004","2004","SKU-00069","1","85.76","0.0012"
"7005","2005","SKU-00086","4","85.95","0.0015"
"7006","2006","SKU-00103","3","86.14","0.0018"
"7007","2007","SKU-00120","2","86.33","0.0021"
"7008","2008","SKU-00137","1","86.52","0.0024"
"7009","2009","SKU-00154","4","86.71","0.0002"
"7010","2010","SKU-00171","3","86.90","0.0005"
"7011","2011","SKU-00188","2","87.09","0.0008"
"7012","2012","SKU-00205","1","87.28","0.0011"
"7013","2013","SKU-00222","4","87.47","0.0014"
"7014","2014","SKU-00239","3","87.66","0.0017"
"7015","2015","SKU-00256","2","87.85","0.0020"
"7016","2016","SKU-00273","1","88.04","0.0023"
"7017","2017","SKU-00290","4","88.23","0.0001"
"7018","2018","SKU-00307","3","88.42","0.0004"
"7019","2019","SKU-00324","2","88.61","0.0007"
"7020","2020","SKU-00341","1","88.80","0.0010"
"7021","2021","SKU-00358","4","88.99","0.0013"
"7022","2022","SKU-00375","3","89.18","0.0016"
"7023","2023","SKU-00392","2","89.37","0.0019"
"7024","2024","SKU-00409","1","89.56","0.0022"
"7025","2025","SKU-00426","4","89.75","0.0000"
"7026","2026","SKU-00443","3","89.94","0.0003"
"7027","2027","SKU-00460","2","90.13","0.0006"
"7028","2028","SKU-00477","1","90.32","0.0009"
"7029","2029","SKU-00494","4","90.51","0.0012"
"7030","2030","SKU-00511","3","90.70","0.0015"
"7031","2031","SKU-00528","2","90.89","0.0018"
"7032","2032","SKU-00545","1","91.08","0.0021"
"7033","2033","SKU-00562","4","91.27","0.0024"
"7034","2034","SKU-00579","3","91.46","0.0002"
"7035","2035","SKU-00596","2","91.65","0.0005"
"7036","2036","SKU-00613","1","91.84","0.0008"
"7037","2037","SKU-00630","4","92.03","0.0011"
"7038","2038","SKU-00647","3","92.22","0.0014"
"7039","2039","SKU-00664","2","92.41","0.0017"
"7040","2040","SKU-00681","1","92.60","0.0020"
"7041","2041","SKU-00698","4","92.79","0.0023"
"7042","2042","SKU-00715","3","92.98","0.0001"
"7043","2043","SKU-00732","2","93.17","0.0004"
"7044","2044","SKU-00749","1","93.36","0.0007"
"7045","2045","SKU-00766","4","93.55","0.0010"
"7046","2046","SKU-00783","3","93.74","0.0013"
"7047","2047","SKU-00800","2","93.93","0.0016"
"7048","2048","SKU-00817","1","94.12","0.0019"
"7049","2049","SKU-00834","4","94.31","0.0022"
"7050","2050","SKU-00851","3","94.50","0.0000"
"7051","2051","SKU-00868","2","94.69","0.0003"
"7052","2052","SKU-00885","1","94.88","0.0006"
"7053","2053","SKU-00902","4","95.07","0.0009"
"7054","2054","SKU-00919","3","95.26","0.0012"
"7055","2055","SKU-00936","2","95.45","0.0015"
"7056","2056","SKU-00953","1","95.64","0.0018"
"7057","2057","SKU-00970","4","95.83","0.0021"
"7058","2058","SKU-00987","3","96.02","0.0024"
"7059","2059","SKU-00004","2","96.21","0.0002"
"7060","2060","SKU-00021","1","96.40","0.0005"
"7061","2061","SKU-00038","4","96.59","0.0008"
"7062","2062","SKU-00055","3","96.78","0.0011"
"7063","2063","SKU-00072","2","96.97","0.0014"
"7064","2064","SKU-00089","1","97.16","0.0017"
"7065","2065","SKU-00106","4","97.35","0.0020"
"7066","2066","SKU-00123","3","97.54","0.0023"
"7067","2067","SKU-00140","2","97.73","0.0001"
"7068","2068","SKU-00157","1","97.92","0.0004"
"7069","2069","SKU-00174","4","98.11","0.0007"
"7070","2070","SKU-00191","3","98.30","0.0010"
"7071","2071","SKU-00208","2","98.49","0.0013"
"7072","2072","SKU-00225","1","98.68","0.0016"
"7073","2073","SKU-00242","4","98.87","0.0019"
"7074","2074","SKU-00259","3","99.06","0.0022"
"7075","2075","SKU-00276","2","99.25","0.0000"
"7076","2076","SKU-00293","1","99.44","0.0003"
"7077","2077","SKU-00310","4","99.63","0.0006"
"7078","2078","SKU-00327","3","99.82","0.0009"
"7079","2079","SKU-00344","2","100.01","0.0012"
"7080","2080","SKU-00361","1","100.20","0.0015"
"7081","2081","SKU-00378","4","100.39","0.0018"
"7082","2082","SKU-00395","3","100.58","0.0021"
"7083","2083","SKU-00412","2","100.77","0.0024"
"7084","2084","SKU-00429","1","100.96","0.0002"
"7085","2085","SKU-00446","4","101.15","0.0005"
"7086","2086","SKU-00463","3","101.34","0.0008"
"7087","2087","SKU-00480","2","101.53","0.0011"
"7088","2088","SKU-00497","1","101.72","0.0014"
"7089","2089","SKU-00514","4","101.91","0.0017"
"7090","2090","SKU-00531","3","102.10","0.0020"
"7091","2091","SKU-00548","2","102.29","0.0023"
"7092","2092","SKU-00565","1","102.48","0.0001"
"7093","2093","SKU-00582","4","102.67","0.0004"
"7094","2094","SKU-00599","3","102.86","0.0007"
"7095","2095","SKU-00616","2","103.05","0.0010"
"7096","2096","SKU-00633","1","103.24","0.0013"
"7097","2097","SKU-00650","4","103.43","0.0016"
"7098","2098","SKU-00667","3","103.62","0.0019"
"7099","2099","SKU-00684","2","103.81","0.0022"
"7100","2100","SKU-00701","1","104.00","0.0000"
"7101","2101","SKU-00718","4","104.19","0.0003"
"7102","2102","SKU-00735","3","104.38","0.0006"
"7103","2103","SKU-00752","2","104.57","0.0009"
"7104","2104","SKU-00769","1","104.76","0.0012"
"7105","2105","SKU-00786","4","104.95","0.0015"
"7106","2106","SKU-00803","3","105.14","0.0018"
"7107","2107","SKU-00820","2","105.33","0.0021"
"7108","2108","SKU-00837","1","105.52","0.0024"
"7109","2109","SKU-00854","4","105.71","0.0002"
"7110","2110","SKU-00871","3","105.90","0.0005"
"7111","2111","SKU-00888","2","106.09","0.0008"
"7112","2112","SKU-00905","1","106.28","0.0011"
"7113","2113","SKU-00922","4","106.47","0.0014"
"7114","2114","SKU-00939","3","106.66","0.0017"
"7115","2115","SKU-00956","2","106.85","0.0020"
"7116","2116","SKU-00973","1","107.04","0.0023"
"7117","2117","SKU-00990","4","107.23","0.0001"
"7118","2118","SKU-00007","3","107.42","0.0004"
"7119","2119","SKU-00024","2","107.61","0.0007"
"7120","2120","SKU-00041","1","107.80","0.0010"
"7121","2121","SKU-00058","4","107.99","0.0013"
"7122","2122","SKU-00075","3","108.18","0.0016"
"7123","2123","SKU-00092","2","108.37","0.0019"
"7124","2124","SKU-00109","1","108.56","0.0022"
"7125","2125","SKU-00126","4","108.75","0.0000"
"7126","2126","SKU-00143","3","108.94","0.0003"
"7127","2127","SKU-00160","2","109.13","0.0006"
"7128","2128","SKU-00177","1","109.32","0.0009"
"7129","2129","SKU-00194","4","109.51","0.0012"
"7130","2130","SKU-00211","3","109.70","0.0015"
"7131","2131","SKU-00228","2","109.89","0.0018"
"7132","2132","SKU-00245","1","110.08","0.0021"
"7133","2133","SKU-00262","4","110.27","0.0024"
"7134","2134","SKU-00279","3","110.46","0.0002"
"7135","2135","SKU-00296","2","110.65","0.0005"
"7136","2136","SKU-00313","1","110.84","0.0008"
"7137","2137","SKU-00330","4","111.03","0.0011"
"7138","2138","SKU-00347","3","111.22","0.0014"
"7139","2139","SKU-00364","2","111.41","0.0017"
"7140","2140","SKU-00381","1","111.60","0.0020"
"7141","2141","SKU-00398","4","111.79","0.0023"
"7142","2142","SKU-00415","3","111.98","0.0001"
"7143","2143","SKU-00432","2","112.17","0.0004"
"7144","2144","SKU-00449","1","112.36","0.0007"
"7145","2145","SKU-00466","4","112.55","0.0010"
"7146","2146","SKU-00483","3","112.74","0.0013"
"7147","2147","SKU-00500","2","112.93","0.0016"
"7148","2148","SKU-00517","1","113.12","0.0019"
"7149","2149","SKU-00534","4","113.31","0.0022"
"7150","2150","SKU-00551","3","113.50","0.0000"
"7151","2151","SKU-00568","2","113.69","0.0003"
"7152","2152","SKU-00585","1","113.88","0.0006"
"7153","2153","SKU-00602","4","114.07","0.0009"
"7154","2154","SKU-00619","3","114.26","0.0012"
"7155","2155","SKU-00636","2","114.45","0.0015"
"7156","2156","SKU-00653","1","114.64","0.0018"
"7157","2157","SKU-00670","4","114.83","0.0021"
"7158","2158","SKU-00687","3","115.02","0.0024"
"7159","2159","SKU-00704","2","115.21","0.0002"
"7160","2160","SKU-00721","1","115.40","0.0005"
"7161","2161","SKU-00738","4","115.59","0.0008"
"7162","2162","SKU-00755","3","115.78","0.0011"
"7163","2163","SKU-00772","2","115.97","0.0014"
"7164","2164","SKU-00789","1","116.16","0.0017"
"7165","2165","SKU-00806","4","116.35","0.0020"
"7166","2166","SKU-00823","3","116.54","0.0023"
"7167","2167","SKU-00840","2","116.73","0.0001"
"7168","2168","SKU-00857","1","116.92","0.0004"
"7169","2169","SKU-00874","4","117.11","0.0007"
"7170","2170","SKU-00891","3","117.30","0.0010"
"7171","2171","SKU-00908","2","117.49","0.0013"
"7172","2172","SKU-00925","1","117.68","0.0016"
"7173","2173","SKU-00942","4","117.87","0.0019"
"7174","2174","SKU-00959","3","118.06","0.0022"
"7175","2175","SKU-00976","2","118.25","0.0000"
"7176","2176","SKU-00993","1","118.44","0.0003"
"7177","2177","SKU-00010","4","118.63","0.0006"
"7178","2178","SKU-00027","3","118.82","0.0009"
"7179","2179","SKU-00044","2","119.01","0.0012"
"7180","2180","SKU-00061","1","119.20","0.0015"
"7181","2181","SKU-00078","4","119.39","0.0018"
"7182","2182","SKU-00095","3","119.58","0.0021"
"7183","2183","SKU-00112","2","119.77","0.0024"
"7184","2184","SKU-00129","1","119.96","0.0002"
"7185","2185","SKU-00146","4","120.15","0.0005"
"7186","2186","SKU-00163","3","120.34","0.0008"
"7187","2187","SKU-00180","2","120.53","0.0011"
"7188","2188","SKU-00197","1","120.72","0.0014"
"7189","2189","SKU-00214","4","120.91","0.0017"
"7190","2190","SKU-00231","3","121.10","0.0020"
"7191","2191","SKU-00248","2","121.29","0.0023"
"7192","2192","SKU-00265","1","121.48","0.0001"
"7193","2193","SKU-00282","4","121.67","0.0004"
"7194","2194","SKU-00299","3","121.86","0.0007"
"7195","2195","SKU-00316","2","122.05","0.0010"
"7196","2196","SKU-00333","1","122.24","0.0013"
"7197","2197","SKU-00350","4","122.43","0.0016"
"7198","2198","SKU-00367","3","122.62","0.0019"
"7199","2199","SKU-00384","2","122.81","0.0022"
"7200","2200","SKU-00401","1","123.00","0.0000"
"7201","2201","SKU-00418","4","123.19","0.0003"
"7202","2202","SKU-00435","3","123.38","0.0006"
"7203","2203","SKU-00452","2","123.57","0.0009"
"7204","2204","SKU-00469","1","123.76","0.0012"
"7205","2205","SKU-00486","4","123.95","0.0015"
"7206","2206","SKU-00503","3","124.14","0.0018"
"7207","2207","SKU-00520","2","124.33","0.0021"
"7208","2208","SKU-00537","1","124.52","0.0024"
"7209","2209","SKU-00554","4","124.71","0.0002"
"7210","2210","SKU-00571","3","124.90","0.0005"
"7211","2211","SKU-00588","2","125.09","0.0008"
"7212","2212","SKU-00605","1","125.28","0.0011"
"7213","2213","SKU-00622","4","125.47","0.0014"
"7214","2214","SKU-00639","3","125.66","0.0017"
"7215","2215","SKU-00656","2","125.85","0.0020"
"7216","2216","SKU-00673","1","126.04","0.0023"
"7217","2217","SKU-00690","4","126.23","0.0001"
"7218","2218","SKU-00707","3","126.42","0.0004"
"7219","2219","SKU-00724","2","126.61","0.0007"
"7220","2220","SKU-00741","1","126.80","0.0010"
"7221","2221","SKU-00758","4","126.99","0.0013"
"7222","2222","SKU-00775","3","127.18","0.0016"
"7223","2223","SKU-00792","2","127.37","0.0019"
"7224","2224","SKU-00809","1","127.56","0.0022"
"7225","2225","SKU-00826","4","127.75","0.0000"
"7226","2226","SKU-00843","3","127.94","0.0003"
"7227","2227","SKU-00860","2","128.13","0.0006"
"7228","2228","SKU-00877","1","128.32","0.0009"
"7229","2229","SKU-00894","4","128.51","0.0012"
"7230","2230","SKU-00911","3","128.70","0.0015"
"7231","2231","SKU-00928","2","128.89","0.0018"
"7232","2232","SKU-00945","1","129.08","0.0021"
"7233","2233","SKU-00962","4","129.27","0.0024"
"7234","2234","SKU-00979","3","129.46","0.0002"
"7235","2235","SKU-00996","2","129.65","0.0005"
"7236","2236","SKU-00013","1","129.84","0.0008"
"7237","2237","SKU-00030","4","130.03","0.0011"
"7238","2238","SKU-00047","3","130.22","0.0014"
"7239","2239","SKU-00064","2","130.41","0.0017"
"7240","2240","SKU-00081","1","130.60","0.0020"
"7241","2241","SKU-00098","4","130.79","0.0023"
"7242","2242","SKU-00115","3","130.98","0.0001"
"7243","2243","SKU-00132","2","131.17","0.0004"
"7244","2244","SKU-00149","1","131.36","0.0007"
"7245","2245","SKU-00166","4","131.55","0.0010"
"7246","2246","SKU-00183","3","131.74","0.0013"
"7247","2247","SKU-00200","2","131.93","0.0016"
"7248","2248","SKU-00217","1","132.12","0.0019"
"7249","2249","SKU-00234","4","132.31","0.0022"
"7250","2250","SKU-00251","3","132.50","0.0000"
"7251","2251","SKU-00268","2","132.69","0.0003"
"7252","2252","SKU-00285","1","132.88","0.0006"
"7253","2253","SKU-00302","4","133.07","0.0009"
"7254","2254","SKU-00319","3","133.26","0.0012"
"7255","2255","SKU-00336","2","133.45","0.0015"
"7256","2256","SKU-00353","1","133.64","0.0018"
"7257","2257","SKU-00370","4","133.83","0.0021"
"7258","2258","SKU-00387","3","134.02","0.0024"
"7259","2259","SKU-00404","2","134.21","0.0002"
"7260","2260","SKU-00421","1","134.40","0.0005"
"7261","2261","SKU-00438","4","134.59","0.0008"
"7262","2262","SKU-00455","3","134.78","0.0011"
"7263","2263","SKU-00472","2","134.97","0.0014"
"7264","2264","SKU-00489","1","135.16","0.0017"
"7265","2265","SKU-00506","4","135.35","0.0020"
"7266","2266","SKU-00523","3","135.54","0.0023"
"7267","2267","SKU-00540","2","135.73","0.0001"
"7268","2268","SKU-00557","1","135.92","0.0004"
"7269","2269","SKU-00574","4","136.11","0.0007"
"7270","2270","SKU-00591","3","136.30","0.0010"
"7271","2271","SKU-00608","2","136.49","0.0013"
"7272","2272","SKU-00625","1","136.68","0.0016"
"7273","2273","SKU-00642","4","136.87","0.0019"
"7274","2274","SKU-00659","3","137.06","0.0022"
"7275","2275","SKU-00676","2","137.25","0.0000"
"7276","2276","SKU-00693","1","137.44","0.0003"
"7277","2277","SKU-00710","4","137.63","0.0006"
"7278","2278","SKU-00727","3","137.82","0.0009"
"7279","2279","SKU-00744","2","138.01","0.0012"
"7280","2280","SKU-00761","1","138.20","0.0015"
"7281","2281","SKU-00778","4","138.39","0.0018"
"7282","2282","SKU-00795","3","138.58","0.0021"
"7283","2283","SKU-00812","2","138.77","0.0024"
"7284","2284","SKU-00829","1","138.96","0.0002"
"7285","2285","SKU-00846","4","139.15","0.0005"
"7286","2286","SKU-00863","3","139.34","0.0008"
"7287","2287","SKU-00880","2","139.53","0.0011"
"7288","2288","SKU-00897","1","139.72","0.0014"
"7289","2289","SKU-00914","4","139.91","0.0017"
"7290","2290","SKU-00931","3","140.10","0.0020"
"7291","2291","SKU-00948","2","140.29","0.0023"
"7292","2292","SKU-00965","1","140.48","0.0001"
"7293","2293","SKU-00982","4","140.67","0.0004"
"7294","2294","SKU-00999","3","140.86","0.0007"
"7295","2295","SKU-00016","2","141.05","0.0010"
"7296","2296","SKU-00033","1","141.24","0.0013"
"7297","2297","SKU-00050","4","141.43","0.0016"
"7298","2298","SKU-00067","3","141.62","0.0019"
"7299","2299","SKU-00084","2","141.81","0.0022"
"7300","2300","SKU-00101","1","142.00","0.0000"
"7301","2301","SKU-00118","4","142.19","0.0003"
"7302","2302","SKU-00135","3","142.38","0.0006"
"7303","2303","SKU-00152","2","142.57","0.0009"
"7304","2304","SKU-00169","1","142.76","0.0012"
"7305","2305","SKU-00186","4","142.95","0.0015"
"7306","2306","SKU-00203","3","143.14","0.0018"
"7307","2307","SKU-00220","2","143.33","0.0021"
"7308","2308","SKU-00237","1","143.52","0.0024"
"7309","2309","SKU-00254","4","143.71","0.0002"
"7310","2310","SKU-00271","3","143.90","0.0005"
"7311","2311","SKU-00288","2","144.09","0.0008"
"7312","2312","SKU-00305","1","144.28","0.0011"
"7313","2313","SKU-00322","4","144.47","0.0014"
"7314","2314","SKU-00339","3","144.66","0.0017"
"7315","2315","SKU-00356","2","144.85","0.0020"
"7316","2316","SKU-00373","1","145.04","0.0023"
"7317","2317","SKU-00390","4","145.23","0.0001"
"7318","2318","SKU-00407","3","145.42","0.0004"
"7319","2319","SKU-00424","2","145.61","0.0007"
"7320","2320","SKU-00441","1","145.80","0.0010"
"7321","2321","SKU-00458","4","145.99","0.0013"
"7322","2322","SKU-00475","3","146.18","0.0016"
"7323","2323","SKU-00492","2","146.37","0.0019"
"7324","2324","SKU-00509","1","146.56","0.0022"
"7325","2325","SKU-00526","4","146.75","0.0000"
"7326","2326","SKU-00543","3","146.94","0.0003"
"7327","2327","SKU-00560","2","147.13","0.0006"
"7328","2328","SKU-00577","1","147.32","0.0009"
"7329","2329","SKU-00594","4","147.51","0.0012"
"7330","2330","SKU-00611","3","147.70","0.0015"
"7331","2331","SKU-00628","2","147.89","0.0018"
"7332","2332","SKU-00645","1","148.08","0.0021"
"7333","2333","SKU-00662","4","148.27","0.0024"
"7334","2334","SKU-00679","3","148.46","0.0002"
"7335","2335","SKU-00696","2","148.65","0.0005"
"7336","2336","SKU-00713","1","148.84","0.0008"
"7337","2337","SKU-00730","4","149.03","0.0011"
"7338","2338","SKU-00747","3","149.22","0.0014"
"7339","2339","SKU-00764","2","149.41","0.0017"
"7340","2340","SKU-00781","1","149.60","0.0020"
"7341","2341","SKU-00798","4","149.79","0.0023"
"7342","2342","SKU-00815","3","149.98","0.0001"
"7343","2343","SKU-00832","2","150.17","0.0004"
"7344","2344","SKU-00849","1","150.36","0.0007"
"7345","2345","SKU-00866","4","150.55","0.0010"
"7346","2346","SKU-00883","3","150.74","0.0013"
"7347","2347","SKU-00900","2","150.93","0.0016"
"7348","2348","SKU-00917","1","151.12","0.0019"
"7349","2349","SKU-00934","4","151.31","0.0022"
"7350","2350","SKU-00951","3","151.50","0.0000"
"7351","2351","SKU-00968","2","151.69","0.0003"
"7352","2352","SKU-00985","1","151.88","0.0006"
"7353","2353","SKU-00002","4","152.07","0.0009"
"7354","2354","SKU-00019","3","152.26","0.0012"
"7355","2355","SKU-00036","2","152.45","0.0015"
"7356","2356","SKU-00053","1","152.64","0.0018"
"7357","2357","SKU-00070","4","152.83","0.0021"
"7358","2358","SKU-00087","3","153.02","0.0024"
"7359","2359","SKU-00104","2","153.21","0.0002"
"7360","2360","SKU-00121","1","153.40","0.0005"
"7361","2361","SKU-00138","4","153.59","0.0008"
"7362","2362","SKU-00155","3","153.78","0.0011"
"7363","2363","SKU-00172","2","153.97","0.0014"
"7364","2364","SKU-00189","1","154.16","0.0017"
"7365","2365","SKU-00206","4","154.35","0.0020"
"7366","2366","SKU-00223","3","154.54","0.0023"
"7367","2367","SKU-00240","2","154.73","0.0001"
"7368","2368","SKU-00257","1","154.92","0.0004"
"7369","2369","SKU-00274","4","155.11","0.0007"
"7370","2370","SKU-00291","3","155.30","0.0010"
"7371","2371","SKU-00308","2","155.49","0.0013"
"7372","2372","SKU-00325","1","155.68","0.0016"
"7373","2373","SKU-00342","4","155.87","0.0019"
"7374","2374","SKU-00359","3","156.06","0.0022"
"7375","2375","SKU-00376","2","156.25","0.0000"
"7376","2376","SKU-00393","1","156.44","0.0003"
"7377","2377","SKU-00410","4","156.63","0.0006"
"7378","2378","SKU-00427","3","156.82","0.0009"
"7379","2379","SKU-00444","2","157.01","0.0012"
"7380","2380","SKU-00461","1","157.20","0.0015"
"7381","2381","SKU-00478","4","157.39","0.0018"
"7382","2382","SKU-00495","3","157.58","0.0021"
"7383","2383","SKU-00512","2","157.77","0.0024"
"7384","2384","SKU-00529","1","157.96","0.0002"
"7385","2385","SKU-00546","4","158.15","0.0005"
"7386","2386","SKU-00563","3","158.34","0.0008"
"7387","2387","SKU-00580","2","158.53","0.0011"
"7388","2388","SKU-00597","1","158.72","0.0014"
"7389","2389","SKU-00614","4","158.91","0.0017"
"7390","2390","SKU-00631","3","159.10","0.0020"
"7391","2391","SKU-00648","2","159.29","0.0023"
"7392","2392","SKU-00665","1","159.48","0.0001"
"7393","2393","SKU-00682","4","159.67","0.0004"
"7394","2394","SKU-00699","3","159.86","0.0007"
"7395","2395","SKU-00716","2","160.05","0.0010"
"7396","2396","SKU-00733","1","160.24","0.0013"
"7397","2397","SKU-00750","4","160.43","0.0016"
"7398","2398","SKU-00767","3","160.62","0.0019"
"7399","2399","SKU-00784","2","160.81","0.0022"
"7400","2400","SKU-00801","1","161.00","0.0000"
"7401","2401","SKU-00818","4","161.19","0.0003"
"7402","2402","SKU-00835","3","161.38","0.0006"
"7403","2403","SKU-00852","2","161.57","0.0009"
"7404","2404","SKU-00869","1","161.76","0.0012"
"7405","2405","SKU-00886","4","161.95","0.0015"
"7406","2406","SKU-00903","3","162.14","0.0018"
"7407","2407","SKU-00920","2","162.33","0.0021"
"7408","2408","SKU-00937","1","162.52","0.0024"
"7409","2409","SKU-00954","4","162.71","0.0002"
"7410","2410","SKU-00971","3","162.90","0.0005"
"7411","2411","SKU-00988","2","163.09","0.0008"
"7412","2412","SKU-00005","1","163.28","0.0011"
"7413","2413","SKU-00022","4","163.47","0.0014"
"7414","2414","SKU-00039","3","163.66","0.0017"
"7415","2415","SKU-00056","2","163.85","0.0020"
"7416","2416","SKU-00073","1","164.04","0.0023"
"7417","2417","SKU-00090","4","164.23","0.0001"
"7418","2418","SKU-00107","3","164.42","0.0004"
"7419","2419","SKU-00124","2","164.61","0.0007"
"7420","2420","SKU-00141","1","164.80","0.0010"
"7421","2421","SKU-00158","4","164.99","0.0013"
"7422","2422","SKU-00175","3","165.18","0.0016"
"7423","2423","SKU-00192","2","165.37","0.0019"
"7424","2424","SKU-00209","1","165.56","0.0022"
"7425","2425","SKU-00226","4","165.75","0.0000"
"7426","2426","SKU-00243","3","165.94","0.0003"
"7427","2427","SKU-00260","2","166.13","0.0006"
"7428","2428","SKU-00277","1","166.32","0.0009"
"7429","2429","SKU-00294","4","166.51","0.0012"
"7430","2430","SKU-00311","3","166.70","0.0015"
"7431","2431","SKU-00328","2","166.89","0.0018"
"7432","2432","SKU-00345","1","167.08","0.0021"
"7433","2433","SKU-00362","4","167.27","0.0024"
"7434","2434","SKU-00379","3","167.46","0.0002"
"7435","2435","SKU-00396","2","167.65","0.0005"
"7436","2436","SKU-00413","1","167.84","0.0008"
"7437","2437","SKU-00430","4","168.03","0.0011"
"7438","2438","SKU-00447","3","168.22","0.0014"
"7439","2439","SKU-00464","2","168.41","0.0017"
"7440","2440","SKU-00481","1","168.60","0.0020"
"7441","2441","SKU-00498","4","168.79","0.0023"
"7442","2442","SKU-00515","3","168.98","0.0001"
"7443","2443","SKU-00532","2","169.17","0.0004"
"7444","2444","SKU-00549","1","169.36","0.0007"
"7445","2445","SKU-00566","4","169.55","0.0010"
"7446","2446","SKU-00583","3","169.74","0.0013"
"7447","2447","SKU-00600","2","169.93","0.0016"
"7448","2448","SKU-00617","1","170.12","0.0019"
"7449","2449","SKU-00634","4","170.31","0.0022"
"7450","2450","SKU-00651","3","170.50","0.0000"
"7451","2451","SKU-00668","2","170.69","0.0003"
"7452","2452","SKU-00685","1","170.88","0.0006"
"7453","2453","SKU-00702","4","171.07","0.0009"
"7454","2454","SKU-00719","3","171.26","0.0012"
"7455","2455","SKU-00736","2","171.45","0.0015"
"7456","2456","SKU-00753","1","171.64","0.0018"
"7457","2457","SKU-00770","4","171.83","0.0021"
"7458","2458","SKU-00787","3","172.02","0.0024"
"7459","2459","SKU-00804","2","172.21","0.0002"
"7460","2460","SKU-00821","1","172.40","0.0005"
"7461","2461","SKU-00838","4","172.59","0.0008"
"7462","2462","SKU-00855","3","172.78","0.0011"
"7463","2463","SKU-00872","2","172.97","0.0014"
"7464","2464","SKU-00889","1","173.16","0.0017"
"7465","2465","SKU-00906","4","173.35","0.0020"
"7466","2466","SKU-00923","3","173.54","0.0023"
"7467","2467","SKU-00940","2","173.73","0.0001"
"7468","2468","SKU-00957","1","173.92","0.0004"
"7469","2469","SKU-00974","4","174.11","0.0007"
"7470","2470","SKU-00991","3","174.30","0.0010"
"7471","2471","SKU-00008","2","174.49","0.0013"
"7472","2472","SKU-00025","1","174.68","0.0016"
"7473","2473","SKU-00042","4","174.87","0.0019"
"7474","2474","SKU-00059","3","175.06","0.0022"
"7475","2475","SKU-00076","2","175.25","0.0000"
"7476","2476","SKU-00093","1","175.44","0.0003"
"7477","2477","SKU-00110","4","175.63","0.0006"
"7478","2478","SKU-00127","3","175.82","0.0009"
"7479","2479","SKU-00144","2","176.01","0.0012"
"7480","2480","SKU-00161","1","176.20","0.0015"
"7481","2481","SKU-00178","4","176.39","0.0018"
"7482","2482","SKU-00195","3","176.58","0.0021"
"7483","2483","SKU-00212","2","176.77","0.0024"
"7484","2484","SKU-00229","1","176.96","0.0002"
"7485","2485","SKU-00246","4","177.15","0.0005"
"7486","2486","SKU-00263","3","177.34","0.0008"
"7487","2487","SKU-00280","2","177.53","0.0011"
"7488","2488","SKU-00297","1","177.72","0.0014"
"7489","2489","SKU-00314","4","177.91","0.0017"
"7490","2490","SKU-00331","3","178.10","0.0020"
"7491","2491","SKU-00348","2","178.29","0.0023"
"7492","2492","SKU-00365","1","178.48","0.0001"
"7493","2493","SKU-00382","4","178.67","0.0004"
"7494","2494","SKU-00399","3","178.86","0.0007"
"7495","2495","SKU-00416","2","179.05","0.0010"
"7496","2496","SKU-00433","1","179.24","0.0013"
"7497","2497","SKU-00450","4","179.43","0.0016"
"7498","2498","SKU-00467","3","179.62","0.0019"
"7499","2499","SKU-00484","2","179.81","0.0022"
"7500","2500","SKU-00501","1","180.00","0.0000"
"7501","2501","SKU-00518","4","180.19","0.0003"
"7502","2502","SKU-00535","3","180.38","0.0006"
"7503","2503","SKU-00552","2","180.57","0.0009"
"7504","2504","SKU-00569","1","180.76","0.0012"
"7505","2505","SKU-00586","4","180.95","0.0015"
"7506","2506","SKU-00603","3","181.14","0.0018"
"7507","2507","SKU-00620","2","181.33","0.0021"
"7508","2508","SKU-00637","1","181.52","0.0024"
"7509","2509","SKU-00654","4","181.71","0.0002"
"7510","2510","SKU-00671","3","181.90","0.0005"
"7511","2511","SKU-00688","2","182.09","0.0008"
"7512","2512","SKU-00705","1","182.28","0.0011"
"7513","2513","SKU-00722","4","182.47","0.0014"
"7514","2514","SKU-00739","3","182.66","0.0017"
"7515","2515","SKU-00756","2","182.85","0.0020"
"7516","2516","SKU-00773","1","183.04","0.0023"
"7517","2517","SKU-00790","4","183.23","0.0001"
"7518","2518","SKU-00807","3","183.42","0.0004"
"7519","2519","SKU-00824","2","183.61","0.0007"
"7520","2520","SKU-00841","1","183.80","0.0010"
"7521","2521","SKU-00858","4","183.99","0.0013"
"7522","2522","SKU-00875","3","184.18","0.0016"
"7523","2523","SKU-00892","2","184.37","0.0019"
"7524","2524","SKU-00909","1","184.56","0.0022"
"7525","2525","SKU-00926","4","184.75","0.0000"
"7526","2526","SKU-00943","3","184.94","0.0003"
"7527","2527","SKU-00960","2","185.13","0.0006"
"7528","2528","SKU-00977","1","185.32","0.0009"
"7529","2529","SKU-00994","4","185.51","0.0012"
"7530","2530","SKU-00011","3","185.70","0.0015"
"7531","2531","SKU-00028","2","185.89","0.0018"
"7532","2532","SKU-00045","1","186.08","0.0021"
"7533","2533","SKU-00062","4","186.27","0.0024"
"7534","2534","SKU-00079","3","186.46","0.0002"
"7535","2535","SKU-00096","2","186.65","0.0005"
"7536","2536","SKU-00113","1","186.84","0.0008"
"7537","2537","SKU-00130","4","187.03","0.0011"
"7538","2538","SKU-00147","3","187.22","0.0014"
"7539","2539","SKU-00164","2","187.41","0.0017"
"7540","2540","SKU-00181","1","187.60","0.0020"
"7541","2541","SKU-00198","4","187.79","0.0023"
"7542","2542","SKU-00215","3","187.98","0.0001"
"7543","2543","SKU-00232","2","188.17","0.0004"
"7544","2544","SKU-00249","1","188.36","0.0007"
"7545","2545","SKU-00266","4","188.55","0.0010"
"7546","2546","SKU-00283","3","188.74","0.0013"
"7547","2547","SKU-00300","2","188.93","0.0016"
"7548","2548","SKU-00317","1","189.12","0.0019"
"7549","2549","SKU-00334","4","189.31","0.0022"
"7550","2550","SKU-00351","3","189.50","0.0000"
"7551","2551","SKU-00368","2","189.69","0.0003"
"7552","2552","SKU-00385","1","189.88","0.0006"
"7553","2553","SKU-00402","4","190.07","0.0009"
"7554","2554","SKU-00419","3","190.26","0.0012"
"7555","2555","SKU-00436","2","190.45","0.0015"
"7556","2556","SKU-00453","1","190.64","0.0018"
"7557","2557","SKU-00470","4","190.83","0.0021"
"7558","2558","SKU-00487","3","191.02","0.0024"
"7559","2559","SKU-00504","2","191.21","0.0002"
"7560","2560","SKU-00521","1","191.40","0.0005"
"7561","2561","SKU-00538","4","191.59","0.0008"
"7562","2562","SKU-00555","3","191.78","0.0011"
"7563","2563","SKU-00572","2","191.97","0.0014"
"7564","2564","SKU-00589","1","192.16","0.0017"
"7565","2565","SKU-00606","4","192.35","0.0020"
"7566","2566","SKU-00623","3","192.54","0.0023"
"7567","2567","SKU-00640","2","192.73","0.0001"
"7568","2568","SKU-00657","1","192.92","0.0004"
"7569","2569","SKU-00674","4","193.11","0.0007"
"7570","2570","SKU-00691","3","193.30","0.0010"
"7571","2571","SKU-00708","2","193.49","0.0013"
"7572","2572","SKU-00725","1","193.68","0.0016"
"7573","2573","SKU-00742","4","193.87","0.0019"
"7574","2574","SKU-00759","3","194.06","0.0022"
"7575","2575","SKU-00776","2","194.25","0.0000"
"7576","2576","SKU-00793","1","194.44","0.0003"
"7577","2577","SKU-00810","4","194.63","0.0006"
"7578","2578","SKU-00827","3","194.82","0.0009"
"7579","2579","SKU-00844","2","195.01","0.0012"
"7580","2580","SKU-00861","1","195.20","0.0015"
"7581","2581","SKU-00878","4","195.39","0.0018"
"7582","2582","SKU-00895","3","195.58","0.0021"
"7583","2583","SKU-00912","2","195.77","0.0024"
"7584","2584","SKU-00929","1","195.96","0.0002"
"7585","2585","SKU-00946","4","196.15","0.0005"
"7586","2586","SKU-00963","3","196.34","0.0008"
"7587","2587","SKU-00980","2","196.53","0.0011"
"7588","2588","SKU-00997","1","196.72","0.0014"
"7589","2589","SKU-00014","4","196.91","0.0017"
"7590","2590","SKU-00031","3","197.10","0.0020"
"7591","2591","SKU-00048","2","197.29","0.0023"
"7592","2592","SKU-00065","1","197.48","0.0001"
"7593","2593","SKU-00082","4","197.67","0.0004"
"7594","2594","SKU-00099","3","197.86","0.0007"
"7595","2595","SKU-00116","2","198.05","0.0010"
"7596","2596","SKU-00133","1","198.24","0.0013"
"7597","2597","SKU-00150","4","198.43","0.0016"
"7598","2598","SKU-00167","3","198.62","0.0019"
"7599","2599","SKU-00184","2","198.81","0.0022"
"7600","2600","SKU-00201","1","199.00","0.0000"
"7601","2601","SKU-00218","4","199.19","0.0003"
"7602","2602","SKU-00235","3","199.38","0.0006"
"7603","2603","SKU-00252","2","199.57","0.0009"
"7604","2604","SKU-00269","1","199.76","0.0012"
"7605","2605","SKU-00286","4","199.95","0.0015"
"7606","2606","SKU-00303","3","200.14","0.0018"
"7607","2607","SKU-00320","2","200.33","0.0021"
"7608","2608","SKU-00337","1","200.52","0.0024"
"7609","2609","SKU-00354","4","200.71","0.0002"
"7610","2610","SKU-00371","3","200.90","0.0005"
"7611","2611","SKU-00388","2","201.09","0.0008"
"7612","2612","SKU-00405","1","201.28","0.0011"
"7613","2613","SKU-00422","4","201.47","0.0014"
"7614","2614","SKU-00439","3","201.66","0.0017"
"7615","2615","SKU-00456","2","201.85","0.0020"
"7616","2616","SKU-00473","1","202.04","0.0023"
"7617","2617","SKU-00490","4","202.23","0.0001"
"7618","2618","SKU-00507","3","202.42","0.0004"
"7619","2619","SKU-00524","2","202.61","0.0007"
"7620","2620","SKU-00541","1","202.80","0.0010"
"7621","2621","SKU-00558","4","202.99","0.0013"
"7622","2622","SKU-00575","3","203.18","0.0016"
"7623","2623","SKU-00592","2","203.37","0.0019"
"7624","2624","SKU-00609","1","203.56","0.0022"
"7625","2625","SKU-00626","4","203.75","0.0000"
"7626","2626","SKU-00643","3","203.94","0.0003"
"7627","2627","SKU-00660","2","204.13","0.0006"
"7628","2628","SKU-00677","1","204.32","0.0009"
"7629","2629","SKU-00694","4","204.51","0.0012"
"7630","2630","SKU-00711","3","204.70","0.0015"
"7631","2631","SKU-00728","2","204.89","0.0018"
"7632","2632","SKU-00745","1","205.08","0.0021"
"7633","2633","SKU-00762","4","205.27","0.0024"
"7634","2634","SKU-00779","3","205.46","0.0002"
"7635","2635","SKU-00796","2","205.65","0.0005"
"7636","2636","SKU-00813","1","205.84","0.0008"
"7637","2637","SKU-00830","4","206.03","0.0011"
"7638","2638","SKU-00847","3","206.22","0.0014"
"7639","2639","SKU-00864","2","206.41","0.0017"
"7640","2640","SKU-00881","1","206.60","0.0020"
"7641","2641","SKU-00898","4","206.79","0.0023"
"7642","2642","SKU-00915","3","206.98","0.0001"
"7643","2643","SKU-00932","2","207.17","0.0004"
"7644","2644","SKU-00949","1","207.36","0.0007"
"7645","2645","SKU-00966","4","207.55","0.0010"
"7646","2646","SKU-00983","3","207.74","0.0013"
"7647","2647","SKU-01000","2","207.93","0.0016"
"7648","2648","SKU-00017","1","208.12","0.0019"
"7649","2649","SKU-00034","4","208.31","0.0022"
"7650","2650","SKU-00051","3","208.50","0.0000"
"7651","2651","SKU-00068","2","208.69","0.0003"
"7652","2652","SKU-00085","1","208.88","0.0006"
"7653","2653","SKU-00102","4","209.07","0.0009"
"7654","2654","SKU-00119","3","209.26","0.0012"
"7655","2655","SKU-00136","2","209.45","0.0015"
"7656","2656","SKU-00153","1","209.64","0.0018"
"7657","2657","SKU-00170","4","209.83","0.0021"
"7658","2658","SKU-00187","3","210.02","0.0024"
"7659","2659","SKU-00204","2","210.21","0.0002"
"7660","2660","SKU-00221","1","210.40","0.0005"
"7661","2661","SKU-00238","4","210.59","0.0008"
"7662","2662","SKU-00255","3","210.78","0.0011"
"7663","2663","SKU-00272","2","210.97","0.0014"
"7664","2664","SKU-00289","1","211.16","0.0017"
"7665","2665","SKU-00306","4","211.35","0.0020"
"7666","2666","SKU-00323","3","211.54","0.0023"
"7667","2667","SKU-00340","2","211.73","0.0001"
"7668","2668","SKU-00357","1","211.92","0.0004"
"7669","2669","SKU-00374","4","212.11","0.0007"
"7670","2670","SKU-00391","3","212.30","0.0010"
"7671","2671","SKU-00408","2","212.49","0.0013"
"7672","2672","SKU-00425","1","212.68","0.0016"
"7673","2673","SKU-00442","4","212.87","0.0019"
"7674","2674","SKU-00459","3","213.06","0.0022"
"7675","2675","SKU-00476","2","213.25","0.0000"
"7676","2676","SKU-00493","1","213.44","0.0003"
"7677","2677","SKU-00510","4","213.63","0.0006"
"7678","2678","SKU-00527","3","213.82","0.0009"
"7679","2679","SKU-00544","2","214.01","0.0012"
"7680","2680","SKU-00561","1","214.20","0.0015"
"7681","2681","SKU-00578","4","214.39","0.0018"
"7682","2682","SKU-00595","3","214.58","0.0021"
"7683","2683","SKU-00612","2","214.77","0.0024"
"7684","2684","SKU-00629","1","214.96","0.0002"
"7685","2685","SKU-00646","4","215.15","0.0005"
"7686","2686","SKU-00663","3","215.34","0.0008"
"7687","2687","SKU-00680","2","215.53","0.0011"
"7688","2688","SKU-00697","1","215.72","0.0014"
"7689","2689","SKU-00714","4","215.91","0.0017"
"7690","2690","SKU-00731","3","216.10","0.0020"
"7691","2691","SKU-00748","2","216.29","0.0023"
"7692","2692","SKU-00765","1","216.48","0.0001"
"7693","2693","SKU-00782","4","216.67","0.0004"
"7694","2694","SKU-00799","3","216.86","0.0007"
"7695","2695","SKU-00816","2","217.05","0.0010"
"7696","2696","SKU-00833","1","217.24","0.0013"
"7697","2697","SKU-00850","4","217.43","0.0016"
"7698","2698","SKU-00867","3","217.62","0.0019"
"7699","2699","SKU-00884","2","217.81","0.0022"
"7700","2700","SKU-00901","1","218.00","0.0000"
"7701","2701","SKU-00918","4","218.19","0.0003"
"7702","2702","SKU-00935","3","218.38","0.0006"
"7703","2703","SKU-00952","2","218.57","0.0009"
"7704","2704","SKU-00969","1","218.76","0.0012"
"7705","2705","SKU-00986","4","218.95","0.0015"
"7706","2706","SKU-00003","3","219.14","0.0018"
"7707","2707","SKU-00020","2","219.33","0.0021"
"7708","2708","SKU-00037","1","219.52","0.0024"
"7709","2709","SKU-00054","4","219.71","0.0002"
"7710","2710","SKU-00071","3","219.90","0.0005"
"7711","2711","SKU-00088","2","220.09","0.0008"
"7712","2712","SKU-00105","1","220.28","0.0011"
"7713","2713","SKU-00122","4","220.47","0.0014"
"7714","2714","SKU-00139","3","220.66","0.0017"
"7715","2715","SKU-00156","2","220.85","0.0020"
"7716","2716","SKU-00173","1","221.04","0.0023"
"7717","2717","SKU-00190","4","221.23","0.0001"
"7718","2718","SKU-00207","3","221.42","0.0004"
"7719","2719","SKU-00224","2","221.61","0.0007"
"7720","2720","SKU-00241","1","221.80","0.0010"
"7721","2721","SKU-00258","4","221.99","0.0013"
"7722","2722","SKU-00275","3","222.18","0.0016"
"7723","2723","SKU-00292","2","222.37","0.0019"
"7724","2724","SKU-00309","1","222.56","0.0022"
"7725","2725","SKU-00326","4","222.75","0.0000"
"7726","2726","SKU-00343","3","222.94","0.0003"
"7727","2727","SKU-00360","2","223.13","0.0006"
"7728","2728","SKU-00377","1","223.32","0.0009"
"7729","2729","SKU-00394","4","223.51","0.0012"
"7730","2730","SKU-00411","3","223.70","0.0015"
"7731","2731","SKU-00428","2","223.89","0.0018"
"7732","2732","SKU-00445","1","224.08","0.0021"
"7733","2733","SKU-00462","4","224.27","0.0024"
"7734","2734","SKU-00479","3","224.46","0.0002"
"7735","2735","SKU-00496","2","224.65","0.0005"
"7736","2736","SKU-00513","1","224.84","0.0008"
"7737","2737","SKU-00530","4","225.03","0.0011"
"7738","2738","SKU-00547","3","225.22","0.0014"
"7739","2739","SKU-00564","2","225.41","0.0017"
"7740","2740","SKU-00581","1","225.60","0.0020"
"7741","2741","SKU-00598","4","225.79","0.0023"
"7742","2742","SKU-00615","3","225.98","0.0001"
"7743","2743","SKU-00632","2","226.17","0.0004"
"7744","2744","SKU-00649","1","226.36","0.0007"
"7745","2745","SKU-00666","4","226.55","0.0010"
"7746","2746","SKU-00683","3","226.74","0.0013"
"7747","2747","SKU-00700","2","226.93","0.0016"
"7748","2748","SKU-00717","1","227.12","0.0019"
"7749","2749","SKU-00734","4","227.31","0.0022"
"7750","2750","SKU-00751","3","227.50","0.0000"
"7751","2751","SKU-00768","2","227.69","0.0003"
"7752","2752","SKU-00785","1","227.88","0.0006"
"7753","2753","SKU-00802","4","228.07","0.0009"
"7754","2754","SKU-00819","3","228.26","0.0012"
"7755","2755","SKU-00836","2","228.45","0.0015"
"7756","2756","SKU-00853","1","228.64","0.0018"
"7757","2757","SKU-00870","4","228.83","0.0021"
"7758","2758","SKU-00887","3","229.02","0.0024"
"7759","2759","SKU-00904","2","229.21","0.0002"
"7760","2760","SKU-00921","1","229.40","0.0005"
"7761","2761","SKU-00938","4","229.59","0.0008"
"7762","2762","SKU-00955","3","229.78","0.0011"
"7763","2763","SKU-00972","2","229.97","0.0014"
"7764","2764","SKU-00989","1","230.16","0.0017"
"7765","2765","SKU-00006","4","230.35","0.0020"
"7766","2766","SKU-00023","3","230.54","0.0023"
"7767","2767","SKU-00040","2","230.73","0.0001"
"7768","2768","SKU-00057","1","230.92","0.0004"
"7769","2769","SKU-00074","4","231.11","0.0007"
"7770","2770","SKU-00091","3","231.30","0.0010"
"7771","2771","SKU-00108","2","231.49","0.0013"
"7772","2772","SKU-00125","1","231.68","0.0016"
"7773","2773","SKU-00142","4","231.87","0.0019"
"7774","2774","SKU-00159","3","232.06","0.0022"
"7775","2775","SKU-00176","2","232.25","0.0000"
"7776","2776","SKU-00193","1","232.44","0.0003"
"7777","2777","SKU-00210","4","232.63","0.0006"
"7778","2778","SKU-00227","3","232.82","0.0009"
"7779","2779","SKU-00244","2","233.01","0.0012"
"7780","2780","SKU-00261","1","233.20","0.0015"
"7781","2781","SKU-00278","4","233.39","0.0018"
"7782","2782","SKU-00295","3","233.58","0.0021"
"7783","2783","SKU-00312","2","233.77","0.0024"
"7784","2784","SKU-00329","1","233.96","0.0002"
"7785","2785","SKU-00346","4","234.15","0.0005"
"7786","2786","SKU-00363","3","234.34","0.0008"
"7787","2787","SKU-00380","2","234.53","0.0011"
"7788","2788","SKU-00397","1","234.72","0.0014"
"7789","2789","SKU-00414","4","234.91","0.0017"
"7790","2790","SKU-00431","3","235.10","0.0020"
"7791","2791","SKU-00448","2","235.29","0.0023"
"7792","2792","SKU-00465","1","235.48","0.0001"
"7793","2793","SKU-00482","4","235.67","0.0004"
"7794","2794","SKU-00499","3","235.86","0.0007"
"7795","2795","SKU-00516","2","236.05","0.0010"
"7796","2796","SKU-00533","1","236.24","0.0013"
"7797","2797","SKU-00550","4","236.43","0.0016"
"7798","2798","SKU-00567","3","236.62","0.0019"
"7799","2799","SKU-00584","2","236.81","0.0022"
"7800","2800","SKU-00601","1","237.00","0.0000"
"7801","2801","SKU-00618","4","237.19","0.0003"
"7802","2802","SKU-00635","3","237.38","0.0006"
"7803","2803","SKU-00652","2","237.57","0.0009"
"7804","2804","SKU-00669","1","237.76","0.0012"
"7805","2805","SKU-00686","4","237.95","0.0015"
"7806","2806","SKU-00703","3","238.14","0.0018"
"7807","2807","SKU-00720","2","238.33","0.0021"
"7808","2808","SKU-00737","1","238.52","0.0024"
"7809","2809","SKU-00754","4","238.71","0.0002"
"7810","2810","SKU-00771","3","238.90","0.0005"
"7811","2811","SKU-00788","2","239.09","0.0008"
"7812","2812","SKU-00805","1","239.28","0.0011"
"7813","2813","SKU-00822","4","239.47","0.0014"
"7814","2814","SKU-00839","3","239.66","0.0017"
"7815","2815","SKU-00856","2","239.85","0.0020"
"7816","2816","SKU-00873","1","240.04","0.0023"
"7817","2817","SKU-00890","4","240.23","0.0001"
"7818","2818","SKU-00907","3","240.42","0.0004"
"7819","2819","SKU-00924","2","240.61","0.0007"
"7820","2820","SKU-00941","1","240.80","0.0010"
"7821","2821","SKU-00958","4","240.99","0.0013"
"7822","2822","SKU-00975","3","241.18","0.0016"
"7823","2823","SKU-00992","2","241.37","0.0019"
"7824","2824","SKU-00009","1","241.56","0.0022"
"7825","2825","SKU-00026","4","241.75","0.0000"
"7826","2826","SKU-00043","3","241.94","0.0003"
"7827","2827","SKU-00060","2","242.13","0.0006"
"7828","2828","SKU-00077","1","242.32","0.0009"
"7829","2829","SKU-00094","4","242.51","0.0012"
"7830","2830","SKU-00111","3","242.70","0.0015"
"7831","2831","SKU-00128","2","242.89","0.0018"
"7832","2832","SKU-00145","1","243.08","0.0021"
"7833","2833","SKU-00162","4","243.27","0.0024"
"7834","2834","SKU-00179","3","243.46","0.0002"
"7835","2835","SKU-00196","2","243.65","0.0005"
"7836","2836","SKU-00213","1","243.84","0.0008"
"7837","2837","SKU-00230","4","244.03","0.0011"
"7838","2838","SKU-00247","3","244.22","0.0014"
"7839","2839","SKU-00264","2","244.41","0.0017"
"7840","2840","SKU-00281","1","244.60","0.0020"
"7841","2841","SKU-00298","4","244.79","0.0023"
"7842","2842","SKU-00315","3","244.98","0.0001"
"7843","2843","SKU-00332","2","245.17","0.0004"
"7844","2844","SKU-00349","1","245.36","0.0007"
"7845","2845","SKU-00366","4","245.55","0.0010"
"7846","2846","SKU-00383","3","245.74","0.0013"
"7847","2847","SKU-00400","2","245.93","0.0016"
"7848","2848","SKU-00417","1","246.12","0.0019"
"7849","2849","SKU-00434","4","246.31","0.0022"
"7850","2850","SKU-00451","3","246.50","0.0000"
"7851","2851","SKU-00468","2","246.69","0.0003"
"7852","2852","SKU-00485","1","246.88","0.0006"
"7853","2853","SKU-00502","4","247.07","0.0009"
"7854","2854","SKU-00519","3","247.26","0.0012"
"7855","2855","SKU-00536","2","247.45","0.0015"
"7856","2856","SKU-00553","1","247.64","0.0018"
"7857","2857","SKU-00570","4","247.83","0.0021"
"7858","2858","SKU-00587","3","248.02","0.0024"
"7859","2859","SKU-00604","2","248.21","0.0002"
"7860","2860","SKU-00621","1","248.40","0.0005"
"7861","2861","SKU-00638","4","248.59","0.0008"
"7862","2862","SKU-00655","3","248.78","0.0011"
"7863","2863","SKU-00672","2","248.97","0.0014"
"7864","2864","SKU-00689","1","249.16","0.0017"
"7865","2865","SKU-00706","4","249.35","0.0020"
"7866","2866","SKU-00723","3","249.54","0.0023"
"7867","2867","SKU-00740","2","249.73","0.0001"
"7868","2868","SKU-00757","1","249.92","0.0004"
"7869","2869","SKU-00774","4","250.11","0.0007"
"7870","2870","SKU-00791","3","250.30","0.0010"
"7871","2871","SKU-00808","2","250.49","0.0013"
"7872","2872","SKU-00825","1","250.68","0.0016"
"7873","2873","SKU-00842","4","250.87","0.0019"
"7874","2874","SKU-00859","3","251.06","0.0022"
"7875","2875","SKU-00876","2","251.25","0.0000"
"7876","2876","SKU-00893","1","251.44","0.0003"
"7877","2877","SKU-00910","4","251.63","0.0006"
"7878","2878","SKU-00927","3","251.82","0.0009"
"7879","2879","SKU-00944","2","252.01","0.0012"
"7880","2880","SKU-00961","1","252.20","0.0015"
"7881","2881","SKU-00978","4","252.39","0.0018"
"7882","2882","SKU-00995","3","252.58","0.0021"
"7883","2883","SKU-00012","2","252.77","0.0024"
"7884","2884","SKU-00029","1","252.96","0.0002"
"7885","2885","SKU-00046","4","253.15","0.0005"
"7886","2886","SKU-00063","3","253.34","0.0008"
"7887","2887","SKU-00080","2","253.53","0.0011"
"7888","2888","SKU-00097","1","253.72","0.0014"
"7889","2889","SKU-00114","4","253.91","0.0017"
"7890","2890","SKU-00131","3","254.10","0.0020"
"7891","2891","SKU-00148","2","254.29","0.0023"
"7892","2892","SKU-00165","1","254.48","0.0001"
"7893","2893","SKU-00182","4","254.67","0.0004"
"7894","2894","SKU-00199","3","254.86","0.0007"
"7895","2895","SKU-00216","2","5.05","0.0010"
"7896","2896","SKU-00233","1","5.24","0.0013"
"7897","2897","SKU-00250","4","5.43","0.0016"
"7898","2898","SKU-00267","3","5.62","0.0019"
"7899","2899","SKU-00284","2","5.81","0.0022"
"7900","2900","SKU-00301","1","6.00","0.0000"
"7901","2901","SKU-00318","4","6.19","0.0003"
"7902","2902","SKU-00335","3","6.38","0.0006"
"7903","2903","SKU-00352","2","6.57","0.0009"
"7904","2904","SKU-00369","1","6.76","0.0012"
"7905","2905","SKU-00386","4","6.95","0.0015"
"7906","2906","SKU-00403","3","7.14","0.0018"
"7907","2907","SKU-00420","2","7.33","0.0021"
"7908","2908","SKU-00437","1","7.52","0.0024"
"7909","2909","SKU-00454","4","7.71","0.0002"
"7910","2910","SKU-00471","3","7.90","0.0005"
"7911","2911","SKU-00488","2","8.09","0.0008"
"7912","2912","SKU-00505","1","8.28","0.0011"
"7913","2913","SKU-00522","4","8.47","0.0014"
"7914","2914","SKU-00539","3","8.66","0.0017"
"7915","2915","SKU-00556","2","8.85","0.0020"
"7916","2916","SKU-00573","1","9.04","0.0023"
"7917","2917","SKU-00590","4","9.23","0.0001"
"7918","2918","SKU-00607","3","9.42","0.0004"
"7919","2919","SKU-00624","2","9.61","0.0007"
"7920","2920","SKU-00641","1","9.80","0.0010"
"7921","2921","SKU-00658","4","9.99","0.0013"
"7922","2922","SKU-00675","3","10.18","0.0016"
"7923","2923","SKU-00692","2","10.37","0.0019"
"7924","2924","SKU-00709","1","10.56","0.0022"
"7925","2925","SKU-00726","4","10.75","0.0000"
"7926","2926","SKU-00743","3","10.94","0.0003"
"7927","2927","SKU-00760","2","11.13","0.0006"
"7928","2928","SKU-00777","1","11.32","0.0009"
"7929","2929","SKU-00794","4","11.51","0.0012"
"7930","2930","SKU-00811","3","11.70","0.0015"
"7931","2931","SKU-00828","2","11.89","0.0018"
"7932","2932","SKU-00845","1","12.08","0.0021"
"7933","2933","SKU-00862","4","12.27","0.0024"
"7934","2934","SKU-00879","3","12.46","0.0002"
"7935","2935","SKU-00896","2","12.65","0.0005"
"7936","2936","SKU-00913","1","12.84","0.0008"
"7937","2937","SKU-00930","4","13.03","0.0011"
"7938","2938","SKU-00947","3","13.22","0.0014"
"7939","2939","SKU-00964","2","13.41","0.0017"
"7940","2940","SKU-00981","1","13.60","0.0020"
"7941","2941","SKU-00998","4","13.79","0.0023"
"7942","2942","SKU-00015","3","13.98","0.0001"
"7943","2943","SKU-00032","2","14.17","0.0004"
"7944","2944","SKU-00049","1","14.36","0.0007"
"7945","2945","SKU-00066","4","14.55","0.0010"
"7946","2946","SKU-00083","3","14.74","0.0013"
"7947","2947","SKU-00100","2","14.93","0.0016"
"7948","2948","SKU-00117","1","15.12","0.0019"
"7949","2949","SKU-00134","4","15.31","0.0022"
"7950","2950","SKU-00151","3","15.50","0.0000"
"7951","2951","SKU-00168","2","15.69","0.0003"
"7952","2952","SKU-00185","1","15.88","0.0006"
"7953","2953","SKU-00202","4","16.07","0.0009"
"7954","2954","SKU-00219","3","16.26","0.0012"
"7955","2955","SKU-00236","2","16.45","0.0015"
"7956","2956","SKU-00253","1","16.64","0.0018"
"7957","2957","SKU-00270","4","16.83","0.0021"
"7958","2958","SKU-00287","3","17.02","0.0024"
"7959","2959","SKU-00304","2","17.21","0.0002"
"7960","2960","SKU-00321","1","17.40","0.0005"
"7961","2961","SKU-00338","4","17.59","0.0008"
"7962","2962","SKU-00355","3","17.78","0.0011"
"7963","2963","SKU-00372","2","17.97","0.0014"
"7964","2964","SKU-00389","1","18.16","0.0017"
"7965","2965","SKU-00406","4","18.35","0.0020"
"7966","2966","SKU-00423","3","18.54","0.0023"
"7967","2967","SKU-00440","2","18.73","0.0001"
"7968","2968","SKU-00457","1","18.92","0.0004"
"7969","2969","SKU-00474","4","19.11","0.0007"
"7970","2970","SKU-00491","3","19.30","0.0010"
"7971","2971","SKU-00508","2","19.49","0.0013"
"7972","2972","SKU-00525","1","19.68","0.0016"
"7973","2973","SKU-00542","4","19.87","0.0019"
"7974","2974","SKU-00559","3","20.06","0.0022"
"7975","2975","SKU-00576","2","20.25","0.0000"
"7976","2976","SKU-00593","1","20.44","0.0003"
"7977","2977","SKU-00610","4","20.63","0.0006"
"7978","2978","SKU-00627","3","20.82","0.0009"
"7979","2979","SKU-00644","2","21.01","0.0012"
"7980","2980","SKU-00661","1","21.20","0.0015"
"7981","2981","SKU-00678","4","21.39","0.0018"
"7982","2982","SKU-00695","3","21.58","0.0021"
"7983","2983","SKU-00712","2","21.77","0.0024"
"7984","2984","SKU-00729","1","21.96","0.0002"
"7985","2985","SKU-00746","4","22.15","0.0005"
"7986","2986","SKU-00763","3","22.34","0.0008"
"7987","2987","SKU-00780","2","22.53","0.0011"
"7988","2988","SKU-00797","1","22.72","0.0014"
"7989","2989","SKU-00814","4","22.91","0.0017"
"7990","2990","SKU-00831","3","23.10","0.0020"
"7991","2991","SKU-00848","2","23.29","0.0023"
"7992","2992","SKU-00865","1","23.48","0.0001"
"7993","2993","SKU-00882","4","23.67","0.0004"
"7994","2994","SKU-00899","3","23.86","0.0007"
"7995","2995","SKU-00916","2","24.05","0.0010"
"7996","2996","SKU-00933","1","24.24","0.0013"
"7997","2997","SKU-00950","4","24.43","0.0016"
"7998","2998","SKU-00967","3","24.62","0.0019"
"7999","2999","SKU-00984","2","24.81","0.0022"
"8000","3000","SKU-00001","1","25.00","0.0000"
"8001","3001","SKU-00018","4","25.19","0.0003"
"8002","3002","SKU-00035","3","25.38","0.0006"
"8003","3003","SKU-00052","2","25.57","0.0009"
"8004","3004","SKU-00069","1","25.76","0.0012"
"8005","3005","SKU-00086","4","25.95","0.0015"
"8006","3006","SKU-00103","3","26.14","0.0018"
"8007","3007","SKU-00120","2","26.33","0.0021"
"8008","3008","SKU-00137","1","26.52","0.0024"
"8009","3009","SKU-00154","4","26.71","0.0002"
"8010","3010","SKU-00171","3","26.90","0.0005"
"8011","3011","SKU-00188","2","27.09","0.0008"
"8012","3012","SKU-00205","1","27.28","0.0011"
"8013","3013","SKU-00222","4","27.47","0.0014"
"8014","3014","SKU-00239","3","27.66","0.0017"
"8015","3015","SKU-00256","2","27.85","0.0020"
"8016","3016","SKU-00273","1","28.04","0.0023"
"8017","3017","SKU-00290","4","28.23","0.0001"
"8018","3018","SKU-00307","3","28.42","0.0004"
"8019","3019","SKU-00324","2","28.61","0.0007"
"8020","3020","SKU-00341","1","28.80","0.0010"
"8021","3021","SKU-00358","4","28.99","0.0013"
"8022","3022","SKU-00375","3","29.18","0.0016"
"8023","3023","SKU-00392","2","29.37","0.0019"
"8024","3024","SKU-00409","1","29.56","0.0022"
"8025","3025","SKU-00426","4","29.75","0.0000"
"8026","3026","SKU-00443","3","29.94","0.0003"
"8027","3027","SKU-00460","2","30.13","0.0006"
"8028","3028","SKU-00477","1","30.32","0.0009"
"8029","3029","SKU-00494","4","30.51","0.0012"
"8030","3030","SKU-00511","3","30.70","0.0015"
"8031","3031","SKU-00528","2","30.89","0.0018"
"8032","3032","SKU-00545","1","31.08","0.0021"
"8033","3033","SKU-00562","4","31.27","0.0024"
"8034","3034","SKU-00579","3","31.46","0.0002"
"8035","3035","SKU-00596","2","31.65","0.0005"
"8036","3036","SKU-00613","1","31.84","0.0008"
"8037","3037","SKU-00630","4","32.03","0.0011"
"8038","3038","SKU-00647","3","32.22","0.0014"
"8039","3039","SKU-00664","2","32.41","0.0017"
"8040","3040","SKU-00681","1","32.60","0.0020"
"8041","3041","SKU-00698","4","32.79","0.0023"
"8042","3042","SKU-00715","3","32.98","0.0001"
"8043","3043","SKU-00732","2","33.17","0.0004"
"8044","3044","SKU-00749","1","33.36","0.0007"
"8045","3045","SKU-00766","4","33.55","0.0010"
"8046","3046","SKU-00783","3","33.74","0.0013"
"8047","3047","SKU-00800","2","33.93","0.0016"
"8048","3048","SKU-00817","1","34.12","0.0019"
"8049","3049","SKU-00834","4","34.31","0.0022"
"8050","3050","SKU-00851","3","34.50","0.0000"
"8051","3051","SKU-00868","2","34.69","0.0003"
"8052","3052","SKU-00885","1","34.88","0.0006"
"8053","3053","SKU-00902","4","35.07","0.0009"
"8054","3054","SKU-00919","3","35.26","0.0012"
"8055","3055","SKU-00936","2","35.45","0.0015"
"8056","3056","SKU-00953","1","35.64","0.0018"
"8057","3057","SKU-00970","4","35.83","0.0021"
"8058","3058","SKU-00987","3","36.02","0.0024"
"8059","3059","SKU-00004","2","36.21","0.0002"
"8060","3060","SKU-00021","1","36.40","0.0005"
"8061","3061","SKU-00038","4","36.59","0.0008"
"8062","3062","SKU-00055","3","36.78","0.0011"
"8063","3063","SKU-00072","2","36.97","0.0014"
"8064","3064","SKU-00089","1","37.16","0.0017"
"8065","3065","SKU-00106","4","37.35","0.0020"
"8066","3066","SKU-00123","3","37.54","0.0023"
"8067","3067","SKU-00140","2","37.73","0.0001"
"8068","3068","SKU-00157","1","37.92","0.0004"
"8069","3069","SKU-00174","4","38.11","0.0007"
"8070","3070","SKU-00191","3","38.30","0.0010"
"8071","3071","SKU-00208","2","38.49","0.0013"
"8072","3072","SKU-00225","1","38.68","0.0016"
"8073","3073","SKU-00242","4","38.87","0.0019"
"8074","3074","SKU-00259","3","39.06","0.0022"
"8075","3075","SKU-00276","2","39.25","0.0000"
"8076","3076","SKU-00293","1","39.44","0.0003"
"8077","3077","SKU-00310","4","39.63","0.0006"
"8078","3078","SKU-00327","3","39.82","0.0009"
"8079","3079","SKU-00344","2","40.01","0.0012"
"8080","3080","SKU-00361","1","40.20","0.0015"
"8081","3081","SKU-00378","4","40.39","0.0018"
"8082","3082","SKU-00395","3","40.58","0.0021"
"8083","3083","SKU-00412","2","40.77","0.0024"
"8084","3084","SKU-00429","1","40.96","0.0002"
"8085","3085","SKU-00446","4","41.15","0.0005"
"8086","3086","SKU-00463","3","41.34","0.0008"
"8087","3087","SKU-00480","2","41.53","0.0011"
"8088","3088","SKU-00497","1","41.72","0.0014"
"8089","3089","SKU-00514","4","41.91","0.0017"
"8090","3090","SKU-00531","3","42.10","0.0020"
"8091","3091","SKU-00548","2","42.29","0.0023"
"8092","3092","SKU-00565","1","42.48","0.0001"
"8093","3093","SKU-00582","4","42.67","0.0004"
"8094","3094","SKU-00599","3","42.86","0.0007"
"8095","3095","SKU-00616","2","43.05","0.0010"
"8096","3096","SKU-00633","1","43.24","0.0013"
"8097","3097","SKU-00650","4","43.43","0.0016"
"8098","3098","SKU-00667","3","43.62","0.0019"
"8099","3099","SKU-00684","2","43.81","0.0022"
"8100","3100","SKU-00701","1","44.00","0.0000"
"8101","3101","SKU-00718","4","44.19","0.0003"
"8102","3102","SKU-00735","3","44.38","0.0006"
"8103","3103","SKU-00752","2","44.57","0.0009"
"8104","3104","SKU-00769","1","44.76","0.0012"
"8105","3105","SKU-00786","4","44.95","0.0015"
"8106","3106","SKU-00803","3","45.14","0.0018"
"8107","3107","SKU-00820","2","45.33","0.0021"
"8108","3108","SKU-00837","1","45.52","0.0024"
"8109","3109","SKU-00854","4","45.71","0.0002"
"8110","3110","SKU-00871","3","45.90","0.0005"
"8111","3111","SKU-00888","2","46.09","0.0008"
"8112","3112","SKU-00905","1","46.28","0.0011"
"8113","3113","SKU-00922","4","46.47","0.0014"
"8114","3114","SKU-00939","3","46.66","0.0017"
"8115","3115","SKU-00956","2","46.85","0.0020"
"8116","3116","SKU-00973","1","47.04","0.0023"
"8117","3117","SKU-00990","4","47.23","0.0001"
"8118","3118","SKU-00007","3","47.42","0.0004"
"8119","3119","SKU-00024","2","47.61","0.0007"
"8120","3120","SKU-00041","1","47.80","0.0010"
"8121","3121","SKU-00058","4","47.99","0.0013"
"8122","3122","SKU-00075","3","48.18","0.0016"
"8123","3123","SKU-00092","2","48.37","0.0019"
"8124","3124","SKU-00109","1","48.56","0.0022"
"8125","3125","SKU-00126","4","48.75","0.0000"
"8126","3126","SKU-00143","3","48.94","0.0003"
"8127","3127","SKU-00160","2","49.13","0.0006"
"8128","3128","SKU-00177","1","49.32","0.0009"
"8129","3129","SKU-00194","4","49.51","0.0012"
"8130","3130","SKU-00211","3","49.70","0.0015"
"8131","3131","SKU-00228","2","49.89","0.0018"
"8132","3132","SKU-00245","1","50.08","0.0021"
"8133","3133","SKU-00262","4","50.27","0.0024"
"8134","3134","SKU-00279","3","50.46","0.0002"
"8135","3135","SKU-00296","2","50.65","0.0005"
"8136","3136","SKU-00313","1","50.84","0.0008"
"8137","3137","SKU-00330","4","51.03","0.0011"
"8138","3138","SKU-00347","3","51.22","0.0014"
"8139","3139","SKU-00364","2","51.41","0.0017"
"8140","3140","SKU-00381","1","51.60","0.0020"
"8141","3141","SKU-00398","4","51.79","0.0023"
"8142","3142","SKU-00415","3","51.98","0.0001"
"8143","3143","SKU-00432","2","52.17","0.0004"
"8144","3144","SKU-00449","1","52.36","0.0007"
"8145","3145","SKU-00466","4","52.55","0.0010"
"8146","3146","SKU-00483","3","52.74","0.0013"
"8147","3147","SKU-00500","2","52.93","0.0016"
"8148","3148","SKU-00517","1","53.12","0.0019"
"8149","3149","SKU-00534","4","53.31","0.0022"
"8150","3150","SKU-00551","3","53.50","0.0000"
"8151","3151","SKU-00568","2","53.69","0.0003"
"8152","3152","SKU-00585","1","53.88","0.0006"
"8153","3153","SKU-00602","4","54.07","0.0009"
"8154","3154","SKU-00619","3","54.26","0.0012"
"8155","3155","SKU-00636","2","54.45","0.0015"
"8156","3156","SKU-00653","1","54.64","0.0018"
"8157","3157","SKU-00670","4","54.83","0.0021"
"8158","3158","SKU-00687","3","55.02","0.0024"
"8159","3159","SKU-00704","2","55.21","0.0002"
"8160","3160","SKU-00721","1","55.40","0.0005"
"8161","3161","SKU-00738","4","55.59","0.0008"
"8162","3162","SKU-00755","3","55.78","0.0011"
"8163","3163","SKU-00772","2","55.97","0.0014"
"8164","3164","SKU-00789","1","56.16","0.0017"
"8165","3165","SKU-00806","4","56.35","0.0020"
"8166","3166","SKU-00823","3","56.54","0.0023"
"8167","3167","SKU-00840","2","56.73","0.0001"
"8168","3168","SKU-00857","1","56.92","0.0004"
"8169","3169","SKU-00874","4","57.11","0.0007"
"8170","3170","SKU-00891","3","57.30","0.0010"
"8171","3171","SKU-00908","2","57.49","0.0013"
"8172","3172","SKU-00925","1","57.68","0.0016"
"8173","3173","SKU-00942","4","57.87","0.0019"
"8174","3174","SKU-00959","3","58.06","0.0022"
"8175","3175","SKU-00976","2","58.25","0.0000"
"8176","3176","SKU-00993","1","58.44","0.0003"
"8177","3177","SKU-00010","4","58.63","0.0006"
"8178","3178","SKU-00027","3","58.82","0.0009"
"8179","3179","SKU-00044","2","59.01","0.0012"
"8180","3180","SKU-00061","1","59.20","0.0015"
"8181","3181","SKU-00078","4","59.39","0.0018"
"8182","3182","SKU-00095","3","59.58","0.0021"
"8183","3183","SKU-00112","2","59.77","0.0024"
"8184","3184","SKU-00129","1","59.96","0.0002"
"8185","3185","SKU-00146","4","60.15","0.0005"
"8186","3186","SKU-00163","3","60.34","0.0008"
"8187","3187","SKU-00180","2","60.53","0.0011"
"8188","3188","SKU-00197","1","60.72","0.0014"
"8189","3189","SKU-00214","4","60.91","0.0017"
"8190","3190","SKU-00231","3","61.10","0.0020"
"8191","3191","SKU-00248","2","61.29","0.0023"
"8192","3192","SKU-00265","1","61.48","0.0001"
"8193","3193","SKU-00282","4","61.67","0.0004"
"8194","3194","SKU-00299","3","61.86","0.0007"
"8195","3195","SKU-00316","2","62.05","0.0010"
"8196","3196","SKU-00333","1","62.24","0.0013"
"8197","3197","SKU-00350","4","62.43","0.0016"
"8198","3198","SKU-00367","3","62.62","0.0019"
"8199","3199","SKU-00384","2","62.81","0.0022"
"8200","3200","SKU-00401","1","63.00","0.0000"
"8201","3201","SKU-00418","4","63.19","0.0003"
"8202","3202","SKU-00435","3","63.38","0.0006"
"8203","3203","SKU-00452","2","63.57","0.0009"
"8204","3204","SKU-00469","1","63.76","0.0012"
"8205","3205","SKU-00486","4","63.95","0.0015"
"8206","3206","SKU-00503","3","64.14","0.0018"
"8207","3207","SKU-00520","2","64.33","0.0021"
"8208","3208","SKU-00537","1","64.52","0.0024"
"8209","3209","SKU-00554","4","64.71","0.0002"
"8210","3210","SKU-00571","3","64.90","0.0005"
"8211","3211","SKU-00588","2","65.09","0.0008"
"8212","3212","SKU-00605","1","65.28","0.0011"
"8213","3213","SKU-00622","4","65.47","0.0014"
"8214","3214","SKU-00639","3","65.66","0.0017"
"8215","3215","SKU-00656","2","65.85","0.0020"
"8216","3216","SKU-00673","1","66.04","0.0023"
"8217","3217","SKU-00690","4","66.23","0.0001"
"8218","3218","SKU-00707","3","66.42","0.0004"
"8219","3219","SKU-00724","2","66.61","0.0007"
"8220","3220","SKU-00741","1","66.80","0.0010"
"8221","3221","SKU-00758","4","66.99","0.0013"
"8222","3222","SKU-00775","3","67.18","0.0016"
"8223","3223","SKU-00792","2","67.37","0.0019"
"8224","3224","SKU-00809","1","67.56","0.0022"
"8225","3225","SKU-00826","4","67.75","0.0000"
"8226","3226","SKU-00843","3","67.94","0.0003"
"8227","3227","SKU-00860","2","68.13","0.0006"
"8228","3228","SKU-00877","1","68.32","0.0009"
"8229","3229","SKU-00894","4","68.51","0.0012"
"8230","3230","SKU-00911","3","68.70","0.0015"
"8231","3231","SKU-00928","2","68.89","0.0018"
"8232","3232","SKU-00945","1","69.08","0.0021"
"8233","3233","SKU-00962","4","69.27","0.0024"
"8234","3234","SKU-00979","3","69.46","0.0002"
"8235","3235","SKU-00996","2","69.65","0.0005"
"8236","3236","SKU-00013","1","69.84","0.0008"
"8237","3237","SKU-00030","4","70.03","0.0011"
"8238","3238","SKU-00047","3","70.22","0.0014"
"8239","3239","SKU-00064","2","70.41","0.0017"
"8240","3240","SKU-00081","1","70.60","0.0020"
"8241","3241","SKU-00098","4","70.79","0.0023"
"8242","3242","SKU-00115","3","70.98","0.0001"
"8243","3243","SKU-00132","2","71.17","0.0004"
"8244","3244","SKU-00149","1","71.36","0.0007"
"8245","3245","SKU-00166","4","71.55","0.0010"
"8246","3246","SKU-00183","3","71.74","0.0013"
"8247","3247","SKU-00200","2","71.93","0.0016"
"8248","3248","SKU-00217","1","72.12","0.0019"
"8249","3249","SKU-00234","4","72.31","0.0022"
"8250","3250","SKU-00251","3","72.50","0.0000"
"8251","3251","SKU-00268","2","72.69","0.0003"
"8252","3252","SKU-00285","1","72.88","0.0006"
"8253","3253","SKU-00302","4","73.07","0.0009"
"8254","3254","SKU-00319","3","73.26","0.0012"
"8255","3255","SKU-00336","2","73.45","0.0015"
"8256","3256","SKU-00353","1","73.64","0.0018"
"8257","3257","SKU-00370","4","73.83","0.0021"
"8258","3258","SKU-00387","3","74.02","0.0024"
"8259","3259","SKU-00404","2","74.21","0.0002"
"8260","3260","SKU-00421","1","74.40","0.0005"
"8261","3261","SKU-00438","4","74.59","0.0008"
"8262","3262","SKU-00455","3","74.78","0.0011"
"8263","3263","SKU-00472","2","74.97","0.0014"
"8264","3264","SKU-00489","1","75.16","0.0017"
"8265","3265","SKU-00506","4","75.35","0.0020"
"8266","3266","SKU-00523","3","75.54","0.0023"
"8267","3267","SKU-00540","2","75.73","0.0001"
"8268","3268","SKU-00557","1","75.92","0.0004"
"8269","3269","SKU-00574","4","76.11","0.0007"
"8270","3270","SKU-00591","3","76.30","0.0010"
"8271","3271","SKU-00608","2","76.49","0.0013"
"8272","3272","SKU-00625","1","76.68","0.0016"
"8273","3273","SKU-00642","4","76.87","0.0019"
"8274","3274","SKU-00659","3","77.06","0.0022"
"8275","3275","SKU-00676","2","77.25","0.0000"
"8276","3276","SKU-00693","1","77.44","0.0003"
"8277","3277","SKU-00710","4","77.63","0.0006"
"8278","3278","SKU-00727","3","77.82","0.0009"
"8279","3279","SKU-00744","2","78.01","0.0012"
"8280","3280","SKU-00761","1","78.20","0.0015"
"8281","3281","SKU-00778","4","78.39","0.0018"
"8282","3282","SKU-00795","3","78.58","0.0021"
"8283","3283","SKU-00812","2","78.77","0.0024"
"8284","3284","SKU-00829","1","78.96","0.0002"
"8285","3285","SKU-00846","4","79.15","0.0005"
"8286","3286","SKU-00863","3","79.34","0.0008"
"8287","3287","SKU-00880","2","79.53","0.0011"
"8288","3288","SKU-00897","1","79.72","0.0014"
"8289","3289","SKU-00914","4","79.91","0.0017"
"8290","3290","SKU-00931","3","80.10","0.0020"
"8291","3291","SKU-00948","2","80.29","0.0023"
"8292","3292","SKU-00965","1","80.48","0.0001"
"8293","3293","SKU-00982","4","80.67","0.0004"
"8294","3294","SKU-00999","3","80.86","0.0007"
"8295","3295","SKU-00016","2","81.05","0.0010"
"8296","3296","SKU-00033","1","81.24","0.0013"
"8297","3297","SKU-00050","4","81.43","0.0016"
"8298","3298","SKU-00067","3","81.62","0.0019"
"8299","3299","SKU-00084","2","81.81","0.0022"
"8300","3300","SKU-00101","1","82.00","0.0000"
"8301","3301","SKU-00118","4","82.19","0.0003"
"8302","3302","SKU-00135","3","82.38","0.0006"
"8303","3303","SKU-00152","2","82.57","0.0009"
"8304","3304","SKU-00169","1","82.76","0.0012"
"8305","3305","SKU-00186","4","82.95","0.0015"
"8306","3306","SKU-00203","3","83.14","0.0018"
"8307","3307","SKU-00220","2","83.33","0.0021"
"8308","3308","SKU-00237","1","83.52","0.0024"
"8309","3309","SKU-00254","4","83.71","0.0002"
"8310","3310","SKU-00271","3","83.90","0.0005"
"8311","3311","SKU-00288","2","84.09","0.0008"
"8312","3312","SKU-00305","1","84.28","0.0011"
"8313","3313","SKU-00322","4","84.47","0.0014"
"8314","3314","SKU-00339","3","84.66","0.0017"
"8315","3315","SKU-00356","2","84.85","0.0020"
"8316","3316","SKU-00373","1","85.04","0.0023"
"8317","3317","SKU-00390","4","85.23","0.0001"
"8318","3318","SKU-00407","3","85.42","0.0004"
"8319","3319","SKU-00424","2","85.61","0.0007"
"8320","3320","SKU-00441","1","85.80","0.0010"
"8321","3321","SKU-00458","4","85.99","0.0013"
"8322","3322","SKU-00475","3","86.18","0.0016"
"8323","3323","SKU-00492","2","86.37","0.0019"
"8324","3324","SKU-00509","1","86.56","0.0022"
"8325","3325","SKU-00526","4","86.75","0.0000"
"8326","3326","SKU-00543","3","86.94","0.0003"
"8327","3327","SKU-00560","2","87.13","0.0006"
"8328","3328","SKU-00577","1","87.32","0.0009"
"8329","3329","SKU-00594","4","87.51","0.0012"
"8330","3330","SKU-00611","3","87.70","0.0015"
"8331","3331","SKU-00628","2","87.89","0.0018"
"8332","3332","SKU-00645","1","88.08","0.0021"
"8333","3333","SKU-00662","4","88.27","0.0024"
"8334","3334","SKU-00679","3","88.46","0.0002"
"8335","3335","SKU-00696","2","88.65","0.0005"
"8336","3336","SKU-00713","1","88.84","0.0008"
"8337","3337","SKU-00730","4","89.03","0.0011"
"8338","3338","SKU-00747","3","89.22","0.0014"
"8339","3339","SKU-00764","2","89.41","0.0017"
"8340","3340","SKU-00781","1","89.60","0.0020"
"8341","3341","SKU-00798","4","89.79","0.0023"
"8342","3342","SKU-00815","3","89.98","0.0001"
"8343","3343","SKU-00832","2","90.17","0.0004"
"8344","3344","SKU-00849","1","90.36","0.0007"
"8345","3345","SKU-00866","4","90.55","0.0010"
"8346","3346","SKU-00883","3","90.74","0.0013"
"8347","3347","SKU-00900","2","90.93","0.0016"
"8348","3348","SKU-00917","1","91.12","0.0019"
"8349","3349","SKU-00934","4","91.31","0.0022"
"8350","3350","SKU-00951","3","91.50","0.0000"
"8351","3351","SKU-00968","2","91.69","0.0003"
"8352","3352","SKU-00985","1","91.88","0.0006"
"8353","3353","SKU-00002","4","92.07","0.0009"
"8354","3354","SKU-00019","3","92.26","0.0012"
"8355","3355","SKU-00036","2","92.45","0.0015"
"8356","3356","SKU-00053","1","92.64","0.0018"
"8357","3357","SKU-00070","4","92.83","0.0021"
"8358","3358","SKU-00087","3","93.02","0.0024"
"8359","3359","SKU-00104","2","93.21","0.0002"
"8360","3360","SKU-00121","1","93.40","0.0005"
"8361","3361","SKU-00138","4","93.59","0.0008"
"8362","3362","SKU-00155","3","93.78","0.0011"
"8363","3363","SKU-00172","2","93.97","0.0014"
"8364","3364","SKU-00189","1","94.16","0.0017"
"8365","3365","SKU-00206","4","94.35","0.0020"
"8366","3366","SKU-00223","3","94.54","0.0023"
"8367","3367","SKU-00240","2","94.73","0.0001"
"8368","3368","SKU-00257","1","94.92","0.0004"
"8369","3369","SKU-00274","4","95.11","0.0007"
"8370","3370","SKU-00291","3","95.30","0.0010"
"8371","3371","SKU-00308","2","95.49","0.0013"
"8372","3372","SKU-00325","1","95.68","0.0016"
"8373","3373","SKU-00342","4","95.87","0.0019"
"8374","3374","SKU-00359","3","96.06","0.0022"
"8375","3375","SKU-00376","2","96.25","0.0000"
"8376","3376","SKU-00393","1","96.44","0.0003"
"8377","3377","SKU-00410","4","96.63","0.0006"
"8378","3378","SKU-00427","3","96.82","0.0009"
"8379","3379","SKU-00444","2","97.01","0.0012"
"8380","3380","SKU-00461","1","97.20","0.0015"
"8381","3381","SKU-00478","4","97.39","0.0018"
"8382","3382","SKU-00495","3","97.58","0.0021"
"8383","3383","SKU-00512","2","97.77","0.0024"
"8384","3384","SKU-00529","1","97.96","0.0002"
"8385","3385","SKU-00546","4","98.15","0.0005"
"8386","3386","SKU-00563","3","98.34","0.0008"
"8387","3387","SKU-00580","2","98.53","0.0011"
"8388","3388","SKU-00597","1","98.72","0.0014"
"8389","3389","SKU-00614","4","98.91","0.0017"
"8390","3390","SKU-00631","3","99.10","0.0020"
"8391","3391","SKU-00648","2","99.29","0.0023"
"8392","3392","SKU-00665","1","99.48","0.0001"
"8393","3393","SKU-00682","4","99.67","0.0004"
"8394","3394","SKU-00699","3","99.86","0.0007"
"8395","3395","SKU-00716","2","100.05","0.0010"
"8396","3396","SKU-00733","1","100.24","0.0013"
"8397","3397","SKU-00750","4","100.43","0.0016"
"8398","3398","SKU-00767","3","100.62","0.0019"
"8399","3399","SKU-00784","2","100.81","0.0022"
"8400","3400","SKU-00801","1","101.00","0.0000"
"8401","3401","SKU-00818","4","101.19","0.0003"
"8402","3402","SKU-00835","3","101.38","0.0006"
"8403","3403","SKU-00852","2","101.57","0.0009"
"8404","3404","SKU-00869","1","101.76","0.0012"
"8405","3405","SKU-00886","4","101.95","0.0015"
"8406","3406","SKU-00903","3","102.14","0.0018"
"8407","3407","SKU-00920","2","102.33","0.0021"
"8408","3408","SKU-00937","1","102.52","0.0024"
"8409","3409","SKU-00954","4","102.71","0.0002"
"8410","3410","SKU-00971","3","102.90","0.0005"
"8411","3411","SKU-00988","2","103.09","0.0008"
"8412","3412","SKU-00005","1","103.28","0.0011"
"8413","3413","SKU-00022","4","103.47","0.0014"
"8414","3414","SKU-00039","3","103.66","0.0017"
"8415","3415","SKU-00056","2","103.85","0.0020"
"8416","3416","SKU-00073","1","104.04","0.0023"
"8417","3417","SKU-00090","4","104.23","0.0001"
"8418","3418","SKU-00107","3","104.42","0.0004"
"8419","3419","SKU-00124","2","104.61","0.0007"
"8420","3420","SKU-00141","1","104.80","0.0010"
"8421","3421","SKU-00158","4","104.99","0.0013"
"8422","3422","SKU-00175","3","105.18","0.0016"
"8423","3423","SKU-00192","2","105.37","0.0019"
"8424","3424","SKU-00209","1","105.56","0.0022"
"8425","3425","SKU-00226","4","105.75","0.0000"
"8426","3426","SKU-00243","3","105.94","0.0003"
"8427","3427","SKU-00260","2","106.13","0.0006"
"8428","3428","SKU-00277","1","106.32","0.0009"
"8429","3429","SKU-00294","4","106.51","0.0012"
"8430","3430","SKU-00311","3","106.70","0.0015"
"8431","3431","SKU-00328","2","106.89","0.0018"
"8432","3432","SKU-00345","1","107.08","0.0021"
"8433","3433","SKU-00362","4","107.27","0.0024"
"8434","3434","SKU-00379","3","107.46","0.0002"
"8435","3435","SKU-00396","2","107.65","0.0005"
"8436","3436","SKU-00413","1","107.84","0.0008"
"8437","3437","SKU-00430","4","108.03","0.0011"
"8438","3438","SKU-00447","3","108.22","0.0014"
"8439","3439","SKU-00464","2","108.41","0.0017"
"8440","3440","SKU-00481","1","108.60","0.0020"
"8441","3441","SKU-00498","4","108.79","0.0023"
"8442","3442","SKU-00515","3","108.98","0.0001"
"8443","3443","SKU-00532","2","109.17","0.0004"
"8444","3444","SKU-00549","1","109.36","0.0007"
"8445","3445","SKU-00566","4","109.55","0.0010"
"8446","3446","SKU-00583","3","109.74","0.0013"
"8447","3447","SKU-00600","2","109.93","0.0016"
"8448","3448","SKU-00617","1","110.12","0.0019"
"8449","3449","SKU-00634","4","110.31","0.0022"
"8450","3450","SKU-00651","3","110.50","0.0000"
"8451","3451","SKU-00668","2","110.69","0.0003"
"8452","3452","SKU-00685","1","110.88","0.0006"
"8453","3453","SKU-00702","4","111.07","0.0009"
"8454","3454","SKU-00719","3","111.26","0.0012"
"8455","3455","SKU-00736","2","111.45","0.0015"
"8456","3456","SKU-00753","1","111.64","0.0018"
"8457","3457","SKU-00770","4","111.83","0.0021"
"8458","3458","SKU-00787","3","112.02","0.0024"
"8459","3459","SKU-00804","2","112.21","0.0002"
"8460","3460","SKU-00821","1","112.40","0.0005"
"8461","3461","SKU-00838","4","112.59","0.0008"
"8462","3462","SKU-00855","3","112.78","0.0011"
"8463","3463","SKU-00872","2","112.97","0.0014"
"8464","3464","SKU-00889","1","113.16","0.0017"
"8465","3465","SKU-00906","4","113.35","0.0020"
"8466","3466","SKU-00923","3","113.54","0.0023"
"8467","3467","SKU-00940","2","113.73","0.0001"
"8468","3468","SKU-00957","1","113.92","0.0004"
"8469","3469","SKU-00974","4","114.11","0.0007"
"8470","3470","SKU-00991","3","114.30","0.0010"
"8471","3471","SKU-00008","2","114.49","0.0013"
"8472","3472","SKU-00025","1","114.68","0.0016"
"8473","3473","SKU-00042","4","114.87","0.0019"
"8474","3474","SKU-00059","3","115.06","0.0022"
"8475","3475","SKU-00076","2","115.25","0.0000"
"8476","3476","SKU-00093","1","115.44","0.0003"
"8477","3477","SKU-00110","4","115.63","0.0006"
"8478","3478","SKU-00127","3","115.82","0.0009"
"8479","3479","SKU-00144","2","116.01","0.0012"
"8480","3480","SKU-00161","1","116.20","0.0015"
"8481","3481","SKU-00178","4","116.39","0.0018"
"8482","3482","SKU-00195","3","116.58","0.0021"
"8483","3483","SKU-00212","2","116.77","0.0024"
"8484","3484","SKU-00229","1","116.96","0.0002"
"8485","3485","SKU-00246","4","117.15","0.0005"
"8486","3486","SKU-00263","3","117.34","0.0008"
"8487","3487","SKU-00280","2","117.53","0.0011"
"8488","3488","SKU-00297","1","117.72","0.0014"
"8489","3489","SKU-00314","4","117.91","0.0017"
"8490","3490","SKU-00331","3","118.10","0.0020"
"8491","3491","SKU-00348","2","118.29","0.0023"
"8492","3492","SKU-00365","1","118.48","0.0001"
"8493","3493","SKU-00382","4","118.67","0.0004"
"8494","3494","SKU-00399","3","118.86","0.0007"
"8495","3495","SKU-00416","2","119.05","0.0010"
"8496","3496","SKU-00433","1","119.24","0.0013"
"8497","3497","SKU-00450","4","119.43","0.0016"
"8498","3498","SKU-00467","3","119.62","0.0019"
"8499","3499","SKU-00484","2","119.81","0.0022"
"8500","3500","SKU-00501","1","120.00","0.0000"
"8501","3501","SKU-00518","4","120.19","0.0003"
"8502","3502","SKU-00535","3","120.38","0.0006"
"8503","3503","SKU-00552","2","120.57","0.0009"
"8504","3504","SKU-00569","1","120.76","0.0012"
"8505","3505","SKU-00586","4","120.95","0.0015"
"8506","3506","SKU-00603","3","121.14","0.0018"
"8507","3507","SKU-00620","2","121.33","0.0021"
"8508","3508","SKU-00637","1","121.52","0.0024"
"8509","3509","SKU-00654","4","121.71","0.0002"
"8510","3510","SKU-00671","3","121.90","0.0005"
"8511","3511","SKU-00688","2","122.09","0.0008"
"8512","3512","SKU-00705","1","122.28","0.0011"
"8513","3513","SKU-00722","4","122.47","0.0014"
"8514","3514","SKU-00739","3","122.66","0.0017"
"8515","3515","SKU-00756","2","122.85","0.0020"
"8516","3516","SKU-00773","1","123.04","0.0023"
"8517","3517","SKU-00790","4","123.23","0.0001"
"8518","3518","SKU-00807","3","123.42","0.0004"
"8519","3519","SKU-00824","2","123.61","0.0007"
"8520","3520","SKU-00841","1","123.80","0.0010"
"8521","3521","SKU-00858","4","123.99","0.0013"
"8522","3522","SKU-00875","3","124.18","0.0016"
"8523","3523","SKU-00892","2","124.37","0.0019"
"8524","3524","SKU-00909","1","124.56","0.0022"
"8525","3525","SKU-00926","4","124.75","0.0000"
"8526","3526","SKU-00943","3","124.94","0.0003"
"8527","3527","SKU-00960","2","125.13","0.0006"
"8528","3528","SKU-00977","1","125.32","0.0009"
"8529","3529","SKU-00994","4","125.51","0.0012"
"8530","3530","SKU-00011","3","125.70","0.0015"
"8531","3531","SKU-00028","2","125.89","0.0018"
"8532","3532","SKU-00045","1","126.08","0.0021"
"8533","3533","SKU-00062","4","126.27","0.0024"
"8534","3534","SKU-00079","3","126.46","0.0002"
"8535","3535","SKU-00096","2","126.65","0.0005"
"8536","3536","SKU-00113","1","126.84","0.0008"
"8537","3537","SKU-00130","4","127.03","0.0011"
"8538","3538","SKU-00147","3","127.22","0.0014"
"8539","3539","SKU-00164","2","127.41","0.0017"
"8540","3540","SKU-00181","1","127.60","0.0020"
"8541","3541","SKU-00198","4","127.79","0.0023"
"8542","3542","SKU-00215","3","127.98","0.0001"
"8543","3543","SKU-00232","2","128.17","0.0004"
"8544","3544","SKU-00249","1","128.36","0.0007"
"8545","3545","SKU-00266","4","128.55","0.0010"
"8546","3546","SKU-00283","3","128.74","0.0013"
"8547","3547","SKU-00300","2","128.93","0.0016"
"8548","3548","SKU-00317","1","129.12","0.0019"
"8549","3549","SKU-00334","4","129.31","0.0022"
"8550","3550","SKU-00351","3","129.50","0.0000"
"8551","3551","SKU-00368","2","129.69","0.0003"
"8552","3552","SKU-00385","1","129.88","0.0006"
"8553","3553","SKU-00402","4","130.07","0.0009"
"8554","3554","SKU-00419","3","130.26","0.0012"
"8555","3555","SKU-00436","2","130.45","0.0015"
"8556","3556","SKU-00453","1","130.64","0.0018"
"8557","3557","SKU-00470","4","130.83","0.0021"
"8558","3558","SKU-00487","3","131.02","0.0024"
"8559","3559","SKU-00504","2","131.21","0.0002"
"8560","3560","SKU-00521","1","131.40","0.0005"
"8561","3561","SKU-00538","4","131.59","0.0008"
"8562","3562","SKU-00555","3","131.78","0.0011"
"8563","3563","SKU-00572","2","131.97","0.0014"
"8564","3564","SKU-00589","1","132.16","0.0017"
"8565","3565","SKU-00606","4","132.35","0.0020"
"8566","3566","SKU-00623","3","132.54","0.0023"
"8567","3567","SKU-00640","2","132.73","0.0001"
"8568","3568","SKU-00657","1","132.92","0.0004"
"8569","3569","SKU-00674","4","133.11","0.0007"
"8570","3570","SKU-00691","3","133.30","0.0010"
"8571","3571","SKU-00708","2","133.49","0.0013"
"8572","3572","SKU-00725","1","133.68","0.0016"
"8573","3573","SKU-00742","4","133.87","0.0019"
"8574","3574","SKU-00759","3","134.06","0.0022"
"8575","3575","SKU-00776","2","134.25","0.0000"
"8576","3576","SKU-00793","1","134.44","0.0003"
"8577","3577","SKU-00810","4","134.63","0.0006"
"8578","3578","SKU-00827","3","134.82","0.0009"
"8579","3579","SKU-00844","2","135.01","0.0012"
"8580","3580","SKU-00861","1","135.20","0.0015"
"8581","3581","SKU-00878","4","135.39","0.0018"
"8582","3582","SKU-00895","3","135.58","0.0021"
"8583","3583","SKU-00912","2","135.77","0.0024"
"8584","3584","SKU-00929","1","135.96","0.0002"
"8585","3585","SKU-00946","4","136.15","0.0005"
"8586","3586","SKU-00963","3","136.34","0.0008"
"8587","3587","SKU-00980","2","136.53","0.0011"
"8588","3588","SKU-00997","1","136.72","0.0014"
"8589","3589","SKU-00014","4","136.91","0.0017"
"8590","3590","SKU-00031","3","137.10","0.0020"
"8591","3591","SKU-00048","2","137.29","0.0023"
"8592","3592","SKU-00065","1","137.48","0.0001"
"8593","3593","SKU-00082","4","137.67","0.0004"
"8594","3594","SKU-00099","3","137.86","0.0007"
"8595","3595","SKU-00116","2","138.05","0.0010"
"8596","3596","SKU-00133","1","138.24","0.0013"
"8597","3597","SKU-00150","4","138.43","0.0016"
"8598","3598","SKU-00167","3","138.62","0.0019"
"8599","3599","SKU-00184","2","138.81","0.0022"
"8600","3600","SKU-00201","1","139.00","0.0000"
"8601","3601","SKU-00218","4","139.19","0.0003"
"8602","3602","SKU-00235","3","139.38","0.0006"
"8603","3603","SKU-00252","2","139.57","0.0009"
"8604","3604","SKU-00269","1","139.76","0.0012"
"8605","3605","SKU-00286","4","139.95","0.0015"
"8606","3606","SKU-00303","3","140.14","0.0018"
"8607","3607","SKU-00320","2","140.33","0.0021"
"8608","3608","SKU-00337","1","140.52","0.0024"
"8609","3609","SKU-00354","4","140.71","0.0002"
"8610","3610","SKU-00371","3","140.90","0.0005"
"8611","3611","SKU-00388","2","141.09","0.0008"
"8612","3612","SKU-00405","1","141.28","0.0011"
"8613","3613","SKU-00422","4","141.47","0.0014"
"8614","3614","SKU-00439","3","141.66","0.0017"
"8615","3615","SKU-00456","2","141.85","0.0020"
"8616","3616","SKU-00473","1","142.04","0.0023"
"8617","3617","SKU-00490","4","142.23","0.0001"
"8618","3618","SKU-00507","3","142.42","0.0004"
"8619","3619","SKU-00524","2","142.61","0.0007"
"8620","3620","SKU-00541","1","142.80","0.0010"
"8621","3621","SKU-00558","4","142.99","0.0013"
"8622","3622","SKU-00575","3","143.18","0.0016"
"8623","3623","SKU-00592","2","143.37","0.0019"
"8624","3624","SKU-00609","1","143.56","0.0022"
"8625","3625","SKU-00626","4","143.75","0.0000"
"8626","3626","SKU-00643","3","143.94","0.0003"
"8627","3627","SKU-00660","2","144.13","0.0006"
"8628","3628","SKU-00677","1","144.32","0.0009"
"8629","3629","SKU-00694","4","144.51","0.0012"
"8630","3630","SKU-00711","3","144.70","0.0015"
"8631","3631","SKU-00728","2","144.89","0.0018"
"8632","3632","SKU-00745","1","145.08","0.0021"
"8633","3633","SKU-00762","4","145.27","0.0024"
"8634","3634","SKU-00779","3","145.46","0.0002"
"8635","3635","SKU-00796","2","145.65","0.0005"
"8636","3636","SKU-00813","1","145.84","0.0008"
"8637","3637","SKU-00830","4","146.03","0.0011"
"8638","3638","SKU-00847","3","146.22","0.0014"
"8639","3639","SKU-00864","2","146.41","0.0017"
"8640","3640","SKU-00881","1","146.60","0.0020"
"8641","3641","SKU-00898","4","146.79","0.0023"
"8642","3642","SKU-00915","3","146.98","0.0001"
"8643","3643","SKU-00932","2","147.17","0.0004"
"8644","3644","SKU-00949","1","147.36","0.0007"
"8645","3645","SKU-00966","4","147.55","0.0010"
"8646","3646","SKU-00983","3","147.74","0.0013"
"8647","3647","SKU-01000","2","147.93","0.0016"
"8648","3648","SKU-00017","1","148.12","0.0019"
"8649","3649","SKU-00034","4","148.31","0.0022"
"8650","3650","SKU-00051","3","148.50","0.0000"
"8651","3651","SKU-00068","2","148.69","0.0003"
"8652","3652","SKU-00085","1","148.88","0.0006"
"8653","3653","SKU-00102","4","149.07","0.0009"
"8654","3654","SKU-00119","3","149.26","0.0012"
"8655","3655","SKU-00136","2","149.45","0.0015"
"8656","3656","SKU-00153","1","149.64","0.0018"
"8657","3657","SKU-00170","4","149.83","0.0021"
"8658","3658","SKU-00187","3","150.02","0.0024"
"8659","3659","SKU-00204","2","150.21","0.0002"
"8660","3660","SKU-00221","1","150.40","0.0005"
"8661","3661","SKU-00238","4","150.59","0.0008"
"8662","3662","SKU-00255","3","150.78","0.0011"
"8663","3663","SKU-00272","2","150.97","0.0014"
"8664","3664","SKU-00289","1","151.16","0.0017"
"8665","3665","SKU-00306","4","151.35","0.0020"
"8666","3666","SKU-00323","3","151.54","0.0023"
"8667","3667","SKU-00340","2","151.73","0.0001"
"8668","3668","SKU-00357","1","151.92","0.0004"
"8669","3669","SKU-00374","4","152.11","0.0007"
"8670","3670","SKU-00391","3","152.30","0.0010"
"8671","3671","SKU-00408","2","152.49","0.0013"
"8672","3672","SKU-00425","1","152.68","0.0016"
"8673","3673","SKU-00442","4","152.87","0.0019"
"8674","3674","SKU-00459","3","153.06","0.0022"
"8675","3675","SKU-00476","2","153.25","0.0000"
"8676","3676","SKU-00493","1","153.44","0.0003"
"8677","3677","SKU-00510","4","153.63","0.0006"
"8678","3678","SKU-00527","3","153.82","0.0009"
"8679","3679","SKU-00544","2","154.01","0.0012"
"8680","3680","SKU-00561","1","154.20","0.0015"
"8681","3681","SKU-00578","4","154.39","0.0018"
"8682","3682","SKU-00595","3","154.58","0.0021"
"8683","3683","SKU-00612","2","154.77","0.0024"
"8684","3684","SKU-00629","1","154.96","0.0002"
"8685","3685","SKU-00646","4","155.15","0.0005"
"8686","3686","SKU-00663","3","155.34","0.0008"
"8687","3687","SKU-00680","2","155.53","0.0011"
"8688","3688","SKU-00697","1","155.72","0.0014"
"8689","3689","SKU-00714","4","155.91","0.0017"
"8690","3690","SKU-00731","3","156.10","0.0020"
"8691","3691","SKU-00748","2","156.29","0.0023"
"8692","3692","SKU-00765","1","156.48","0.0001"
"8693","3693","SKU-00782","4","156.67","0.0004"
"8694","3694","SKU-00799","3","156.86","0.0007"
"8695","3695","SKU-00816","2","157.05","0.0010"
"8696","3696","SKU-00833","1","157.24","0.0013"
"8697","3697","SKU-00850","4","157.43","0.0016"
"8698","3698","SKU-00867","3","157.62","0.0019"
"8699","3699","SKU-00884","2","157.81","0.0022"
"8700","3700","SKU-00901","1","158.00","0.0000"
"8701","3701","SKU-00918","4","158.19","0.0003"
"8702","3702","SKU-00935","3","158.38","0.0006"
"8703","3703","SKU-00952","2","158.57","0.0009"
"8704","3704","SKU-00969","1","158.76","0.0012"
"8705","3705","SKU-00986","4","158.95","0.0015"
"8706","3706","SKU-00003","3","159.14","0.0018"
"8707","3707","SKU-00020","2","159.33","0.0021"
"8708","3708","SKU-00037","1","159.52","0.0024"
"8709","3709","SKU-00054","4","159.71","0.0002"
"8710","3710","SKU-00071","3","159.90","0.0005"
"8711","3711","SKU-00088","2","160.09","0.0008"
"8712","3712","SKU-00105","1","160.28","0.0011"
"8713","3713","SKU-00122","4","160.47","0.0014"
"8714","3714","SKU-00139","3","160.66","0.0017"
"8715","3715","SKU-00156","2","160.85","0.0020"
"8716","3716","SKU-00173","1","161.04","0.0023"
"8717","3717","SKU-00190","4","161.23","0.0001"
"8718","3718","SKU-00207","3","161.42","0.0004"
"8719","3719","SKU-00224","2","161.61","0.0007"
"8720","3720","SKU-00241","1","161.80","0.0010"
"8721","3721","SKU-00258","4","161.99","0.0013"
"8722","3722","SKU-00275","3","162.18","0.0016"
"8723","3723","SKU-00292","2","162.37","0.0019"
"8724","3724","SKU-00309","1","162.56","0.0022"
"8725","3725","SKU-00326","4","162.75","0.0000"
"8726","3726","SKU-00343","3","162.94","0.0003"
"8727","3727","SKU-00360","2","163.13","0.0006"
"8728","3728","SKU-00377","1","163.32","0.0009"
"8729","3729","SKU-00394","4","163.51","0.0012"
"8730","3730","SKU-00411","3","163.70","0.0015"
"8731","3731","SKU-00428","2","163.89","0.0018"
"8732","3732","SKU-00445","1","164.08","0.0021"
"8733","3733","SKU-00462","4","164.27","0.0024"
"8734","3734","SKU-00479","3","164.46","0.0002"
"8735","3735","SKU-00496","2","164.65","0.0005"
"8736","3736","SKU-00513","1","164.84","0.0008"
"8737","3737","SKU-00530","4","165.03","0.0011"
"8738","3738","SKU-00547","3","165.22","0.0014"
"8739","3739","SKU-00564","2","165.41","0.0017"
"8740","3740","SKU-00581","1","165.60","0.0020"
"8741","3741","SKU-00598","4","165.79","0.0023"
"8742","3742","SKU-00615","3","165.98","0.0001"
"8743","3743","SKU-00632","2","166.17","0.0004"
"8744","3744","SKU-00649","1","166.36","0.0007"
"8745","3745","SKU-00666","4","166.55","0.0010"
"8746","3746","SKU-00683","3","166.74","0.0013"
"8747","3747","SKU-00700","2","166.93","0.0016"
"8748","3748","SKU-00717","1","167.12","0.0019"
"8749","3749","SKU-00734","4","167.31","0.0022"
"8750","3750","SKU-00751","3","167.50","0.0000"
"8751","3751","SKU-00768","2","167.69","0.0003"
"8752","3752","SKU-00785","1","167.88","0.0006"
"8753","3753","SKU-00802","4","168.07","0.0009"
"8754","3754","SKU-00819","3","168.26","0.0012"
"8755","3755","SKU-00836","2","168.45","0.0015"
"8756","3756","SKU-00853","1","168.64","0.0018"
"8757","3757","SKU-00870","4","168.83","0.0021"
"8758","3758","SKU-00887","3","169.02","0.0024"
"8759","3759","SKU-00904","2","169.21","0.0002"
"8760","3760","SKU-00921","1","169.40","0.0005"
"8761","3761","SKU-00938","4","169.59","0.0008"
"8762","3762","SKU-00955","3","169.78","0.0011"
"8763","3763","SKU-00972","2","169.97","0.0014"
"8764","3764","SKU-00989","1","170.16","0.0017"
"8765","3765","SKU-00006","4","170.35","0.0020"
"8766","3766","SKU-00023","3","170.54","0.0023"
"8767","3767","SKU-00040","2","170.73","0.0001"
"8768","3768","SKU-00057","1","170.92","0.0004"
"8769","3769","SKU-00074","4","171.11","0.0007"
"8770","3770","SKU-00091","3","171.30","0.0010"
"8771","3771","SKU-00108","2","171.49","0.0013"
"8772","3772","SKU-00125","1","171.68","0.0016"
"8773","3773","SKU-00142","4","171.87","0.0019"
"8774","3774","SKU-00159","3","172.06","0.0022"
"8775","3775","SKU-00176","2","172.25","0.0000"
"8776","3776","SKU-00193","1","172.44","0.0003"
"8777","3777","SKU-00210","4","172.63","0.0006"
"8778","3778","SKU-00227","3","172.82","0.0009"
"8779","3779","SKU-00244","2","173.01","0.0012"
"8780","3780","SKU-00261","1","173.20","0.0015"
"8781","3781","SKU-00278","4","173.39","0.0018"
"8782","3782","SKU-00295","3","173.58","0.0021"
"8783","3783","SKU-00312","2","173.77","0.0024"
"8784","3784","SKU-00329","1","173.96","0.0002"
"8785","3785","SKU-00346","4","174.15","0.0005"
"8786","3786","SKU-00363","3","174.34","0.0008"
"8787","3787","SKU-00380","2","174.53","0.0011"
"8788","3788","SKU-00397","1","174.72","0.0014"
"8789","3789","SKU-00414","4","174.91","0.0017"
"8790","3790","SKU-00431","3","175.10","0.0020"
"8791","3791","SKU-00448","2","175.29","0.0023"
"8792","3792","SKU-00465","1","175.48","0.0001"
"8793","3793","SKU-00482","4","175.67","0.0004"
"8794","3794","SKU-00499","3","175.86","0.0007"
"8795","3795","SKU-00516","2","176.05","0.0010"
"8796","3796","SKU-00533","1","176.24","0.0013"
"8797","3797","SKU-00550","4","176.43","0.0016"
"8798","3798","SKU-00567","3","176.62","0.0019"
"8799","3799","SKU-00584","2","176.81","0.0022"
"8800","3800","SKU-00601","1","177.00","0.0000"
"8801","3801","SKU-00618","4","177.19","0.0003"
"8802","3802","SKU-00635","3","177.38","0.0006"
"8803","3803","SKU-00652","2","177.57","0.0009"
"8804","3804","SKU-00669","1","177.76","0.0012"
"8805","3805","SKU-00686","4","177.95","0.0015"
"8806","3806","SKU-00703","3","178.14","0.0018"
"8807","3807","SKU-00720","2","178.33","0.0021"
"8808","3808","SKU-00737","1","178.52","0.0024"
"8809","3809","SKU-00754","4","178.71","0.0002"
"8810","3810","SKU-00771","3","178.90","0.0005"
"8811","3811","SKU-00788","2","179.09","0.0008"
"8812","3812","SKU-00805","1","179.28","0.0011"
"8813","3813","SKU-00822","4","179.47","0.0014"
"8814","3814","SKU-00839","3","179.66","0.0017"
"8815","3815","SKU-00856","2","179.85","0.0020"
"8816","3816","SKU-00873","1","180.04","0.0023"
"8817","3817","SKU-00890","4","180.23","0.0001"
"8818","3818","SKU-00907","3","180.42","0.0004"
"8819","3819","SKU-00924","2","180.61","0.0007"
"8820","3820","SKU-00941","1","180.80","0.0010"
"8821","3821","SKU-00958","4","180.99","0.0013"
"8822","3822","SKU-00975","3","181.18","0.0016"
"8823","3823","SKU-00992","2","181.37","0.0019"
"8824","3824","SKU-00009","1","181.56","0.0022"
"8825","3825","SKU-00026","4","181.75","0.0000"
"8826","3826","SKU-00043","3","181.94","0.0003"
"8827","3827","SKU-00060","2","182.13","0.0006"
"8828","3828","SKU-00077","1","182.32","0.0009"
"8829","3829","SKU-00094","4","182.51","0.0012"
"8830","3830","SKU-00111","3","182.70","0.0015"
"8831","3831","SKU-00128","2","182.89","0.0018"
"8832","3832","SKU-00145","1","183.08","0.0021"
"8833","3833","SKU-00162","4","183.27","0.0024"
"8834","3834","SKU-00179","3","183.46","0.0002"
"8835","3835","SKU-00196","2","183.65","0.0005"
"8836","3836","SKU-00213","1","183.84","0.0008"
"8837","3837","SKU-00230","4","184.03","0.0011"
"8838","3838","SKU-00247","3","184.22","0.0014"
"8839","3839","SKU-00264","2","184.41","0.0017"
"8840","3840","SKU-00281","1","184.60","0.0020"
"8841","3841","SKU-00298","4","184.79","0.0023"
"8842","3842","SKU-00315","3","184.98","0.0001"
"8843","3843","SKU-00332","2","185.17","0.0004"
"8844","3844","SKU-00349","1","185.36","0.0007"
"8845","3845","SKU-00366","4","185.55","0.0010"
"8846","3846","SKU-00383","3","185.74","0.0013"
"8847","3847","SKU-00400","2","185.93","0.0016"
"8848","3848","SKU-00417","1","186.12","0.0019"
"8849","3849","SKU-00434","4","186.31","0.0022"
"8850","3850","SKU-00451","3","186.50","0.0000"
"8851","3851","SKU-00468","2","186.69","0.0003"
"8852","3852","SKU-00485","1","186.88","0.0006"
"8853","3853","SKU-00502","4","187.07","0.0009"
"8854","3854","SKU-00519","3","187.26","0.0012"
"8855","3855","SKU-00536","2","187.45","0.0015"
"8856","3856","SKU-00553","1","187.64","0.0018"
"8857","3857","SKU-00570","4","187.83","0.0021"
"8858","3858","SKU-00587","3","188.02","0.0024"
"8859","3859","SKU-00604","2","188.21","0.0002"
"8860","3860","SKU-00621","1","188.40","0.0005"
"8861","3861","SKU-00638","4","188.59","0.0008"
"8862","3862","SKU-00655","3","188.78","0.0011"
"8863","3863","SKU-00672","2","188.97","0.0014"
"8864","3864","SKU-00689","1","189.16","0.0017"
"8865","3865","SKU-00706","4","189.35","0.0020"
"8866","3866","SKU-00723","3","189.54","0.0023"
"8867","3867","SKU-00740","2","189.73","0.0001"
"8868","3868","SKU-00757","1","189.92","0.0004"
"8869","3869","SKU-00774","4","190.11","0.0007"
"8870","3870","SKU-00791","3","190.30","0.0010"
"8871","3871","SKU-00808","2","190.49","0.0013"
"8872","3872","SKU-00825","1","190.68","0.0016"
"8873","3873","SKU-00842","4","190.87","0.0019"
"8874","3874","SKU-00859","3","191.06","0.0022"
"8875","3875","SKU-00876","2","191.25","0.0000"
"8876","3876","SKU-00893","1","191.44","0.0003"
"8877","3877","SKU-00910","4","191.63","0.0006"
"8878","3878","SKU-00927","3","191.82","0.0009"
"8879","3879","SKU-00944","2","192.01","0.0012"
"8880","3880","SKU-00961","1","192.20","0.0015"
"8881","3881","SKU-00978","4","192.39","0.0018"
"8882","3882","SKU-00995","3","192.58","0.0021"
"8883","3883","SKU-00012","2","192.77","0.0024"
"8884","3884","SKU-00029","1","192.96","0.0002"
"8885","3885","SKU-00046","4","193.15","0.0005"
"8886","3886","SKU-00063","3","193.34","0.0008"
"8887","3887","SKU-00080","2","193.53","0.0011"
"8888","3888","SKU-00097","1","193.72","0.0014"
"8889","3889","SKU-00114","4","193.91","0.0017"
"8890","3890","SKU-00131","3","194.10","0.0020"
"8891","3891","SKU-00148","2","194.29","0.0023"
"8892","3892","SKU-00165","1","194.48","0.0001"
"8893","3893","SKU-00182","4","194.67","0.0004"
"8894","3894","SKU-00199","3","194.86","0.0007"
"8895","3895","SKU-00216","2","195.05","0.0010"
"8896","3896","SKU-00233","1","195.24","0.0013"
"8897","3897","SKU-00250","4","195.43","0.0016"
"8898","3898","SKU-00267","3","195.62","0.0019"
"8899","3899","SKU-00284","2","195.81","0.0022"
"8900","3900","SKU-00301","1","196.00","0.0000"
"8901","3901","SKU-00318","4","196.19","0.0003"
"8902","3902","SKU-00335","3","196.38","0.0006"
"8903","3903","SKU-00352","2","196.57","0.0009"
"8904","3904","SKU-00369","1","196.76","0.0012"
"8905","3905","SKU-00386","4","196.95","0.0015"
"8906","3906","SKU-00403","3","197.14","0.0018"
"8907","3907","SKU-00420","2","197.33","0.0021"
"8908","3908","SKU-00437","1","197.52","0.0024"
"8909","3909","SKU-00454","4","197.71","0.0002"
"8910","3910","SKU-00471","3","197.90","0.0005"
"8911","3911","SKU-00488","2","198.09","0.0008"
"8912","3912","SKU-00505","1","198.28","0.0011"
"8913","3913","SKU-00522","4","198.47","0.0014"
"8914","3914","SKU-00539","3","198.66","0.0017"
"8915","3915","SKU-00556","2","198.85","0.0020"
"8916","3916","SKU-00573","1","199.04","0.0023"
"8917","3917","SKU-00590","4","199.23","0.0001"
"8918","3918","SKU-00607","3","199.42","0.0004"
"8919","3919","SKU-00624","2","199.61","0.0007"
"8920","3920","SKU-00641","1","199.80","0.0010"
"8921","3921","SKU-00658","4","199.99","0.0013"
"8922","3922","SKU-00675","3","200.18","0.0016"
"8923","3923","SKU-00692","2","200.37","0.0019"
"8924","3924","SKU-00709","1","200.56","0.0022"
"8925","3925","SKU-00726","4","200.75","0.0000"
"8926","3926","SKU-00743","3","200.94","0.0003"
"8927","3927","SKU-00760","2","201.13","0.0006"
"8928","3928","SKU-00777","1","201.32","0.0009"
"8929","3929","SKU-00794","4","201.51","0.0012"
"8930","3930","SKU-00811","3","201.70","0.0015"
"8931","3931","SKU-00828","2","201.89","0.0018"
"8932","3932","SKU-00845","1","202.08","0.0021"
"8933","3933","SKU-00862","4","202.27","0.0024"
"8934","3934","SKU-00879","3","202.46","0.0002"
"8935","3935","SKU-00896","2","202.65","0.0005"
"8936","3936","SKU-00913","1","202.84","0.0008"
"8937","3937","SKU-00930","4","203.03","0.0011"
"8938","3938","SKU-00947","3","203.22","0.0014"
"8939","3939","SKU-00964","2","203.41","0.0017"
"8940","3940","SKU-00981","1","203.60","0.0020"
"8941","3941","SKU-00998","4","203.79","0.0023"
"8942","3942","SKU-00015","3","203.98","0.0001"
"8943","3943","SKU-00032","2","204.17","0.0004"
"8944","3944","SKU-00049","1","204.36","0.0007"
"8945","3945","SKU-00066","4","204.55","0.0010"
"8946","3946","SKU-00083","3","204.74","0.0013"
"8947","3947","SKU-00100","2","204.93","0.0016"
"8948","3948","SKU-00117","1","205.12","0.0019"
"8949","3949","SKU-00134","4","205.31","0.0022"
"8950","3950","SKU-00151","3","205.50","0.0000"
"8951","3951","SKU-00168","2","205.69","0.0003"
"8952","3952","SKU-00185","1","205.88","0.0006"
"8953","3953","SKU-00202","4","206.07","0.0009"
"8954","3954","SKU-00219","3","206.26","0.0012"
"8955","3955","SKU-00236","2","206.45","0.0015"
"8956","3956","SKU-00253","1","206.64","0.0018"
"8957","3957","SKU-00270","4","206.83","0.0021"
"8958","3958","SKU-00287","3","207.02","0.0024"
"8959","3959","SKU-00304","2","207.21","0.0002"
"8960","3960","SKU-00321","1","207.40","0.0005"
"8961","3961","SKU-00338","4","207.59","0.0008"
"8962","3962","SKU-00355","3","207.78","0.0011"
"8963","3963","SKU-00372","2","207.97","0.0014"
"8964","3964","SKU-00389","1","208.16","0.0017"
"8965","3965","SKU-00406","4","208.35","0.0020"
"8966","3966","SKU-00423","3","208.54","0.0023"
"8967","3967","SKU-00440","2","208.73","0.0001"
"8968","3968","SKU-00457","1","208.92","0.0004"
"8969","3969","SKU-00474","4","209.11","0.0007"
"8970","3970","SKU-00491","3","209.30","0.0010"
"8971","3971","SKU-00508","2","209.49","0.0013"
"8972","3972","SKU-00525","1","209.68","0.0016"
"8973","3973","SKU-00542","4","209.87","0.0019"
"8974","3974","SKU-00559","3","210.06","0.0022"
"8975","3975","SKU-00576","2","210.25","0.0000"
"8976","3976","SKU-00593","1","210.44","0.0003"
"8977","3977","SKU-00610","4","210.63","0.0006"
"8978","3978","SKU-00627","3","210.82","0.0009"
"8979","3979","SKU-00644","2","211.01","0.0012"
"8980","3980","SKU-00661","1","211.20","0.0015"
"8981","3981","SKU-00678","4","211.39","0.0018"
"8982","3982","SKU-00695","3","211.58","0.0021"
"8983","3983","SKU-00712","2","211.77","0.0024"
"8984","3984","SKU-00729","1","211.96","0.0002"
"8985","3985","SKU-00746","4","212.15","0.0005"
"8986","3986","SKU-00763","3","212.34","0.0008"
"8987","3987","SKU-00780","2","212.53","0.0011"
"8988","3988","SKU-00797","1","212.72","0.0014"
"8989","3989","SKU-00814","4","212.91","0.0017"
"8990","3990","SKU-00831","3","213.10","0.0020"
"8991","3991","SKU-00848","2","213.29","0.0023"
"8992","3992","SKU-00865","1","213.48","0.0001"
"8993","3993","SKU-00882","4","213.67","0.0004"
"8994","3994","SKU-00899","3","213.86","0.0007"
"8995","3995","SKU-00916","2","214.05","0.0010"
"8996","3996","SKU-00933","1","214.24","0.0013"
"8997","3997","SKU-00950","4","214.43","0.0016"
"8998","3998","SKU-00967","3","214.62","0.0019"
"8999","3999","SKU-00984","2","214.81","0.0022"
"9000","4000","SKU-00001","1","215.00","0.0000"
"9001","4001","SKU-00018","4","215.19","0.0003"
"9002","4002","SKU-00035","3","215.38","0.0006"
"9003","4003","SKU-00052","2","215.57","0.0009"
"9004","4004","SKU-00069","1","215.76","0.0012"
"9005","4005","SKU-00086","4","215.95","0.0015"
"9006","4006","SKU-00103","3","216.14","0.0018"
"9007","4007","SKU-00120","2","216.33","0.0021"
"9008","4008","SKU-00137","1","216.52","0.0024"
"9009","4009","SKU-00154","4","216.71","0.0002"
"9010","4010","SKU-00171","3","216.90","0.0005"
"9011","4011","SKU-00188","2","217.09","0.0008"
"9012","4012","SKU-00205","1","217.28","0.0011"
"9013","4013","SKU-00222","4","217.47","0.0014"
"9014","4014","SKU-00239","3","217.66","0.0017"
"9015","4015","SKU-00256","2","217.85","0.0020"
"9016","4016","SKU-00273","1","218.04","0.0023"
"9017","4017","SKU-00290","4","218.23","0.0001"
"9018","4018","SKU-00307","3","218.42","0.0004"
"9019","4019","SKU-00324","2","218.61","0.0007"
"9020","4020","SKU-00341","1","218.80","0.0010"
"9021","4021","SKU-00358","4","218.99","0.0013"
"9022","4022","SKU-00375","3","219.18","0.0016"
"9023","4023","SKU-00392","2","219.37","0.0019"
"9024","4024","SKU-00409","1","219.56","0.0022"
"9025","4025","SKU-00426","4","219.75","0.0000"
"9026","4026","SKU-00443","3","219.94","0.0003"
"9027","4027","SKU-00460","2","220.13","0.0006"
"9028","4028","SKU-00477","1","220.32","0.0009"
"9029","4029","SKU-00494","4","220.51","0.0012"
"9030","4030","SKU-00511","3","220.70","0.0015"
"9031","4031","SKU-00528","2","220.89","0.0018"
"9032","4032","SKU-00545","1","221.08","0.0021"
"9033","4033","SKU-00562","4","221.27","0.0024"
"9034","4034","SKU-00579","3","221.46","0.0002"
"9035","4035","SKU-00596","2","221.65","0.0005"
"9036","4036","SKU-00613","1","221.84","0.0008"
"9037","4037","SKU-00630","4","222.03","0.0011"
"9038","4038","SKU-00647","3","222.22","0.0014"
"9039","4039","SKU-00664","2","222.41","0.0017"
"9040","4040","SKU-00681","1","222.60","0.0020"
"9041","4041","SKU-00698","4","222.79","0.0023"
"9042","4042","SKU-00715","3","222.98","0.0001"
"9043","4043","SKU-00732","2","223.17","0.0004"
"9044","4044","SKU-00749","1","223.36","0.0007"
"9045","4045","SKU-00766","4","223.55","0.0010"
"9046","4046","SKU-00783","3","223.74","0.0013"
"9047","4047","SKU-00800","2","223.93","0.0016"
"9048","4048","SKU-00817","1","224.12","0.0019"
"9049","4049","SKU-00834","4","224.31","0.0022"
"9050","4050","SKU-00851","3","224.50","0.0000"
"9051","4051","SKU-00868","2","224.69","0.0003"
"9052","4052","SKU-00885","1","224.88","0.0006"
"9053","4053","SKU-00902","4","225.07","0.0009"
"9054","4054","SKU-00919","3","225.26","0.0012"
"9055","4055","SKU-00936","2","225.45","0.0015"
"9056","4056","SKU-00953","1","225.64","0.0018"
"9057","4057","SKU-00970","4","225.83","0.0021"
"9058","4058","SKU-00987","3","226.02","0.0024"
"9059","4059","SKU-00004","2","226.21","0.0002"
"9060","4060","SKU-00021","1","226.40","0.0005"
"9061","4061","SKU-00038","4","226.59","0.0008"
"9062","4062","SKU-00055","3","226.78","0.0011"
"9063","4063","SKU-00072","2","226.97","0.0014"
"9064","4064","SKU-00089","1","227.16","0.0017"
"9065","4065","SKU-00106","4","227.35","0.0020"
"9066","4066","SKU-00123","3","227.54","0.0023"
"9067","4067","SKU-00140","2","227.73","0.0001"
"9068","4068","SKU-00157","1","227.92","0.0004"
"9069","4069","SKU-00174","4","228.11","0.0007"
"9070","4070","SKU-00191","3","228.30","0.0010"
"9071","4071","SKU-00208","2","228.49","0.0013"
"9072","4072","SKU-00225","1","228.68","0.0016"
"9073","4073","SKU-00242","4","228.87","0.0019"
"9074","4074","SKU-00259","3","229.06","0.0022"
"9075","4075","SKU-00276","2","229.25","0.0000"
"9076","4076","SKU-00293","1","229.44","0.0003"
"9077","4077","SKU-00310","4","229.63","0.0006"
"9078","4078","SKU-00327","3","229.82","0.0009"
"9079","4079","SKU-00344","2","230.01","0.0012"
"9080","4080","SKU-00361","1","230.20","0.0015"
"9081","4081","SKU-00378","4","230.39","0.0018"
"9082","4082","SKU-00395","3","230.58","0.0021"
"9083","4083","SKU-00412","2","230.77","0.0024"
"9084","4084","SKU-00429","1","230.96","0.0002"
"9085","4085","SKU-00446","4","231.15","0.0005"
"9086","4086","SKU-00463","3","231.34","0.0008"
"9087","4087","SKU-00480","2","231.53","0.0011"
"9088","4088","SKU-00497","1","231.72","0.0014"
"9089","4089","SKU-00514","4","231.91","0.0017"
"9090","4090","SKU-00531","3","232.10","0.0020"
"9091","4091","SKU-00548","2","232.29","0.0023"
"9092","4092","SKU-00565","1","232.48","0.0001"
"9093","4093","SKU-00582","4","232.67","0.0004"
"9094","4094","SKU-00599","3","232.86","0.0007"
"9095","4095","SKU-00616","2","233.05","0.0010"
"9096","4096","SKU-00633","1","233.24","0.0013"
"9097","4097","SKU-00650","4","233.43","0.0016"
"9098","4098","SKU-00667","3","233.62","0.0019"
"9099","4099","SKU-00684","2","233.81","0.0022"
"9100","4100","SKU-00701","1","234.00","0.0000"
"9101","4101","SKU-00718","4","234.19","0.0003"
"9102","4102","SKU-00735","3","234.38","0.0006"
"9103","4103","SKU-00752","2","234.57","0.0009"
"9104","4104","SKU-00769","1","234.76","0.0012"
"9105","4105","SKU-00786","4","234.95","0.0015"
"9106","4106","SKU-00803","3","235.14","0.0018"
"9107","4107","SKU-00820","2","235.33","0.0021"
"9108","4108","SKU-00837","1","235.52","0.0024"
"9109","4109","SKU-00854","4","235.71","0.0002"
"9110","4110","SKU-00871","3","235.90","0.0005"
"9111","4111","SKU-00888","2","236.09","0.0008"
"9112","4112","SKU-00905","1","236.28","0.0011"
"9113","4113","SKU-00922","4","236.47","0.0014"
"9114","4114","SKU-00939","3","236.66","0.0017"
"9115","4115","SKU-00956","2","236.85","0.0020"
"9116","4116","SKU-00973","1","237.04","0.0023"
"9117","4117","SKU-00990","4","237.23","0.0001"
"9118","4118","SKU-00007","3","237.42","0.0004"
"9119","4119","SKU-00024","2","237.61","0.0007"
"9120","4120","SKU-00041","1","237.80","0.0010"
"9121","4121","SKU-00058","4","237.99","0.0013"
"9122","4122","SKU-00075","3","238.18","0.0016"
"9123","4123","SKU-00092","2","238.37","0.0019"
"9124","4124","SKU-00109","1","238.56","0.0022"
"9125","4125","SKU-00126","4","238.75","0.0000"
"9126","4126","SKU-00143","3","238.94","0.0003"
"9127","4127","SKU-00160","2","239.13","0.0006"
"9128","4128","SKU-00177","1","239.32","0.0009"
"9129","4129","SKU-00194","4","239.51","0.0012"
"9130","4130","SKU-00211","3","239.70","0.0015"
"9131","4131","SKU-00228","2","239.89","0.0018"
"9132","4132","SKU-00245","1","240.08","0.0021"
"9133","4133","SKU-00262","4","240.27","0.0024"
"9134","4134","SKU-00279","3","240.46","0.0002"
"9135","4135","SKU-00296","2","240.65","0.0005"
"9136","4136","SKU-00313","1","240.84","0.0008"
"9137","4137","SKU-00330","4","241.03","0.0011"
"9138","4138","SKU-00347","3","241.22","0.0014"
"9139","4139","SKU-00364","2","241.41","0.0017"
"9140","4140","SKU-00381","1","241.60","0.0020"
"9141","4141","SKU-00398","4","241.79","0.0023"
"9142","4142","SKU-00415","3","241.98","0.0001"
"9143","4143","SKU-00432","2","242.17","0.0004"
"9144","4144","SKU-00449","1","242.36","0.0007"
"9145","4145","SKU-00466","4","242.55","0.0010"
"9146","4146","SKU-00483","3","242.74","0.0013"
"9147","4147","SKU-00500","2","242.93","0.0016"
"9148","4148","SKU-00517","1","243.12","0.0019"
"9149","4149","SKU-00534","4","243.31","0.0022"
"9150","4150","SKU-00551","3","243.50","0.0000"
"9151","4151","SKU-00568","2","243.69","0.0003"
"9152","4152","SKU-00585","1","243.88","0.0006"
"9153","4153","SKU-00602","4","244.07","0.0009"
"9154","4154","SKU-00619","3","244.26","0.0012"
"9155","4155","SKU-00636","2","244.45","0.0015"
"9156","4156","SKU-00653","1","244.64","0.0018"
"9157","4157","SKU-00670","4","244.83","0.0021"
"9158","4158","SKU-00687","3","245.02","0.0024"
"9159","4159","SKU-00704","2","245.21","0.0002"
"9160","4160","SKU-00721","1","245.40","0.0005"
"9161","4161","SKU-00738","4","245.59","0.0008"
"9162","4162","SKU-00755","3","245.78","0.0011"
"9163","4163","SKU-00772","2","245.97","0.0014"
"9164","4164","SKU-00789","1","246.16","0.0017"
"9165","4165","SKU-00806","4","246.35","0.0020"
"9166","4166","SKU-00823","3","246.54","0.0023"
"9167","4167","SKU-00840","2","246.73","0.0001"
"9168","4168","SKU-00857","1","246.92","0.0004"
"9169","4169","SKU-00874","4","247.11","0.0007"
"9170","4170","SKU-00891","3","247.30","0.0010"
"9171","4171","SKU-00908","2","247.49","0.0013"
"9172","4172","SKU-00925","1","247.68","0.0016"
"9173","4173","SKU-00942","4","247.87","0.0019"
"9174","4174","SKU-00959","3","248.06","0.0022"
"9175","4175","SKU-00976","2","248.25","0.0000"
"9176","4176","SKU-00993","1","248.44","0.0003"
"9177","4177","SKU-00010","4","248.63","0.0006"
"9178","4178","SKU-00027","3","248.82","0.0009"
"9179","4179","SKU-00044","2","249.01","0.0012"
"9180","4180","SKU-00061","1","249.20","0.0015"
"9181","4181","SKU-00078","4","249.39","0.0018"
"9182","4182","SKU-00095","3","249.58","0.0021"
"9183","4183","SKU-00112","2","249.77","0.0024"
"9184","4184","SKU-00129","1","249.96","0.0002"
"9185","4185","SKU-00146","4","250.15","0.0005"
"9186","4186","SKU-00163","3","250.34","0.0008"
"9187","4187","SKU-00180","2","250.53","0.0011"
"9188","4188","SKU-00197","1","250.72","0.0014"
"9189","4189","SKU-00214","4","250.91","0.0017"
"9190","4190","SKU-00231","3","251.10","0.0020"
"9191","4191","SKU-00248","2","251.29","0.0023"
"9192","4192","SKU-00265","1","251.48","0.0001"
"9193","4193","SKU-00282","4","251.67","0.0004"
"9194","4194","SKU-00299","3","251.86","0.0007"
"9195","4195","SKU-00316","2","252.05","0.0010"
"9196","4196","SKU-00333","1","252.24","0.0013"
"9197","4197","SKU-00350","4","252.43","0.0016"
"9198","4198","SKU-00367","3","252.62","0.0019"
"9199","4199","SKU-00384","2","252.81","0.0022"
"9200","4200","SKU-00401","1","253.00","0.0000"
"9201","4201","SKU-00418","4","253.19","0.0003"
"9202","4202","SKU-00435","3","253.38","0.0006"
"9203","4203","SKU-00452","2","253.57","0.0009"
"9204","4204","SKU-00469","1","253.76","0.0012"
"9205","4205","SKU-00486","4","253.95","0.0015"
"9206","4206","SKU-00503","3","254.14","0.0018"
"9207","4207","SKU-00520","2","254.33","0.0021"
"9208","4208","SKU-00537","1","254.52","0.0024"
"9209","4209","SKU-00554","4","254.71","0.0002"
"9210","4210","SKU-00571","3","254.90","0.0005"
"9211","4211","SKU-00588","2","5.09","0.0008"
"9212","4212","SKU-00605","1","5.28","0.0011"
"9213","4213","SKU-00622","4","5.47","0.0014"
"9214","4214","SKU-00639","3","5.66","0.0017"
"9215","4215","SKU-00656","2","5.85","0.0020"
"9216","4216","SKU-00673","1","6.04","0.0023"
"9217","4217","SKU-00690","4","6.23","0.0001"
"9218","4218","SKU-00707","3","6.42","0.0004"
"9219","4219","SKU-00724","2","6.61","0.0007"
"9220","4220","SKU-00741","1","6.80","0.0010"
"9221","4221","SKU-00758","4","6.99","0.0013"
"9222","4222","SKU-00775","3","7.18","0.0016"
"9223","4223","SKU-00792","2","7.37","0.0019"
"9224","4224","SKU-00809","1","7.56","0.0022"
"9225","4225","SKU-00826","4","7.75","0.0000"
"9226","4226","SKU-00843","3","7.94","0.0003"
"9227","4227","SKU-00860","2","8.13","0.0006"
"9228","4228","SKU-00877","1","8.32","0.0009"
"9229","4229","SKU-00894","4","8.51","0.0012"
"9230","4230","SKU-00911","3","8.70","0.0015"
"9231","4231","SKU-00928","2","8.89","0.0018"
"9232","4232","SKU-00945","1","9.08","0.0021"
"9233","4233","SKU-00962","4","9.27","0.0024"
"9234","4234","SKU-00979","3","9.46","0.0002"
"9235","4235","SKU-00996","2","9.65","0.0005"
"9236","4236","SKU-00013","1","9.84","0.0008"
"9237","4237","SKU-00030","4","10.03","0.0011"
"9238","4238","SKU-00047","3","10.22","0.0014"
"9239","4239","SKU-00064","2","10.41","0.0017"
"9240","4240","SKU-00081","1","10.60","0.0020"
"9241","4241","SKU-00098","4","10.79","0.0023"
"9242","4242","SKU-00115","3","10.98","0.0001"
"9243","4243","SKU-00132","2","11.17","0.0004"
"9244","4244","SKU-00149","1","11.36","0.0007"
"9245","4245","SKU-00166","4","11.55","0.0010"
"9246","4246","SKU-00183","3","11.74","0.0013"
"9247","4247","SKU-00200","2","11.93","0.0016"
"9248","4248","SKU-00217","1","12.12","0.0019"
"9249","4249","SKU-00234","4","12.31","0.0022"
"9250","4250","SKU-00251","3","12.50","0.0000"
"9251","4251","SKU-00268","2","12.69","0.0003"
"9252","4252","SKU-00285","1","12.88","0.0006"
"9253","4253","SKU-00302","4","13.07","0.0009"
"9254","4254","SKU-00319","3","13.26","0.0012"
"9255","4255","SKU-00336","2","13.45","0.0015"
"9256","4256","SKU-00353","1","13.64","0.0018"
"9257","4257","SKU-00370","4","13.83","0.0021"
"9258","4258","SKU-00387","3","14.02","0.0024"
"9259","4259","SKU-00404","2","14.21","0.0002"
"9260","4260","SKU-00421","1","14.40","0.0005"
"9261","4261","SKU-00438","4","14.59","0.0008"
"9262","4262","SKU-00455","3","14.78","0.0011"
"9263","4263","SKU-00472","2","14.97","0.0014"
"9264","4264","SKU-00489","1","15.16","0.0017"
"9265","4265","SKU-00506","4","15.35","0.0020"
"9266","4266","SKU-00523","3","15.54","0.0023"
"9267","4267","SKU-00540","2","15.73","0.0001"
"9268","4268","SKU-00557","1","15.92","0.0004"
"9269","4269","SKU-00574","4","16.11","0.0007"
"9270","4270","SKU-00591","3","16.30","0.0010"
"9271","4271","SKU-00608","2","16.49","0.0013"
"9272","4272","SKU-00625","1","16.68","0.0016"
"9273","4273","SKU-00642","4","16.87","0.0019"
"9274","4274","SKU-00659","3","17.06","0.0022"
"9275","4275","SKU-00676","2","17.25","0.0000"
"9276","4276","SKU-00693","1","17.44","0.0003"
"9277","4277","SKU-00710","4","17.63","0.0006"
"9278","4278","SKU-00727","3","17.82","0.0009"
"9279","4279","SKU-00744","2","18.01","0.0012"
"9280","4280","SKU-00761","1","18.20","0.0015"
"9281","4281","SKU-00778","4","18.39","0.0018"
"9282","4282","SKU-00795","3","18.58","0.0021"
"9283","4283","SKU-00812","2","18.77","0.0024"
"9284","4284","SKU-00829","1","18.96","0.0002"
"9285","4285","SKU-00846","4","19.15","0.0005"
"9286","4286","SKU-00863","3","19.34","0.0008"
"9287","4287","SKU-00880","2","19.53","0.0011"
"9288","4288","SKU-00897","1","19.72","0.0014"
"9289","4289","SKU-00914","4","19.91","0.0017"
"9290","4290","SKU-00931","3","20.10","0.0020"
"9291","4291","SKU-00948","2","20.29","0.0023"
"9292","4292","SKU-00965","1","20.48","0.0001"
"9293","4293","SKU-00982","4","20.67","0.0004"
"9294","4294","SKU-00999","3","20.86","0.0007"
"9295","4295","SKU-00016","2","21.05","0.0010"
"9296","4296","SKU-00033","1","21.24","0.0013"
"9297","4297","SKU-00050","4","21.43","0.0016"
"9298","4298","SKU-00067","3","21.62","0.0019"
"9299","4299","SKU-00084","2","21.81","0.0022"
"9300","4300","SKU-00101","1","22.00","0.0000"
"9301","4301","SKU-00118","4","22.19","0.0003"
"9302","4302","SKU-00135","3","22.38","0.0006"
"9303","4303","SKU-00152","2","22.57","0.0009"
"9304","4304","SKU-00169","1","22.76","0.0012"
"9305","4305","SKU-00186","4","22.95","0.0015"
"9306","4306","SKU-00203","3","23.14","0.0018"
"9307","4307","SKU-00220","2","23.33","0.0021"
"9308","4308","SKU-00237","1","23.52","0.0024"
"9309","4309","SKU-00254","4","23.71","0.0002"
"9310","4310","SKU-00271","3","23.90","0.0005"
"9311","4311","SKU-00288","2","24.09","0.0008"
"9312","4312","SKU-00305","1","24.28","0.0011"
"9313","4313","SKU-00322","4","24.47","0.0014"
"9314","4314","SKU-00339","3","24.66","0.0017"
"9315","4315","SKU-00356","2","24.85","0.0020"
"9316","4316","SKU-00373","1","25.04","0.0023"
"9317","4317","SKU-00390","4","25.23","0.0001"
"9318","4318","SKU-00407","3","25.42","0.0004"
"9319","4319","SKU-00424","2","25.61","0.0007"
"9320","4320","SKU-00441","1","25.80","0.0010"
"9321","4321","SKU-00458","4","25.99","0.0013"
"9322","4322","SKU-00475","3","26.18","0.0016"
"9323","4323","SKU-00492","2","26.37","0.0019"
"9324","4324","SKU-00509","1","26.56","0.0022"
"9325","4325","SKU-00526","4","26.75","0.0000"
"9326","4326","SKU-00543","3","26.94","0.0003"
"9327","4327","SKU-00560","2","27.13","0.0006"
"9328","4328","SKU-00577","1","27.32","0.0009"
"9329","4329","SKU-00594","4","27.51","0.0012"
"9330","4330","SKU-00611","3","27.70","0.0015"
"9331","4331","SKU-00628","2","27.89","0.0018"
"9332","4332","SKU-00645","1","28.08","0.0021"
"9333","4333","SKU-00662","4","28.27","0.0024"
"9334","4334","SKU-00679","3","28.46","0.0002"
"9335","4335","SKU-00696","2","28.65","0.0005"
"9336","4336","SKU-00713","1","28.84","0.0008"
"9337","4337","SKU-00730","4","29.03","0.0011"
"9338","4338","SKU-00747","3","29.22","0.0014"
"9339","4339","SKU-00764","2","29.41","0.0017"
"9340","4340","SKU-00781","1","29.60","0.0020"
"9341","4341","SKU-00798","4","29.79","0.0023"
"9342","4342","SKU-00815","3","29.98","0.0001"
"9343","4343","SKU-00832","2","30.17","0.0004"
"9344","4344","SKU-00849","1","30.36","0.0007"
"9345","4345","SKU-00866","4","30.55","0.0010"
"9346","4346","SKU-00883","3","30.74","0.0013"
"9347","4347","SKU-00900","2","30.93","0.0016"
"9348","4348","SKU-00917","1","31.12","0.0019"
"9349","4349","SKU-00934","4","31.31","0.0022"
"9350","4350","SKU-00951","3","31.50","0.0000"
"9351","4351","SKU-00968","2","31.69","0.0003"
"9352","4352","SKU-00985","1","31.88","0.0006"
"9353","4353","SKU-00002","4","32.07","0.0009"
"9354","4354","SKU-00019","3","32.26","0.0012"
"9355","4355","SKU-00036","2","32.45","0.0015"
"9356","4356","SKU-00053","1","32.64","0.0018"
"9357","4357","SKU-00070","4","32.83","0.0021"
"9358","4358","SKU-00087","3","33.02","0.0024"
"9359","4359","SKU-00104","2","33.21","0.0002"
"9360","4360","SKU-00121","1","33.40","0.0005"
"9361","4361","SKU-00138","4","33.59","0.0008"
"9362","4362","SKU-00155","3","33.78","0.0011"
"9363","4363","SKU-00172","2","33.97","0.0014"
"9364","4364","SKU-00189","1","34.16","0.0017"
"9365","4365","SKU-00206","4","34.35","0.0020"
"9366","4366","SKU-00223","3","34.54","0.0023"
"9367","4367","SKU-00240","2","34.73","0.0001"
"9368","4368","SKU-00257","1","34.92","0.0004"
"9369","4369","SKU-00274","4","35.11","0.0007"
"9370","4370","SKU-00291","3","35.30","0.0010"
"9371","4371","SKU-00308","2","35.49","0.0013"
"9372","4372","SKU-00325","1","35.68","0.0016"
"9373","4373","SKU-00342","4","35.87","0.0019"
"9374","4374","SKU-00359","3","36.06","0.0022"
"9375","4375","SKU-00376","2","36.25","0.0000"
"9376","4376","SKU-00393","1","36.44","0.0003"
"9377","4377","SKU-00410","4","36.63","0.0006"
"9378","4378","SKU-00427","3","36.82","0.0009"
"9379","4379","SKU-00444","2","37.01","0.0012"
"9380","4380","SKU-00461","1","37.20","0.0015"
"9381","4381","SKU-00478","4","37.39","0.0018"
"9382","4382","SKU-00495","3","37.58","0.0021"
"9383","4383","SKU-00512","2","37.77","0.0024"
"9384","4384","SKU-00529","1","37.96","0.0002"
"9385","4385","SKU-00546","4","38.15","0.0005"
"9386","4386","SKU-00563","3","38.34","0.0008"
"9387","4387","SKU-00580","2","38.53","0.0011"
"9388","4388","SKU-00597","1","38.72","0.0014"
"9389","4389","SKU-00614","4","38.91","0.0017"
"9390","4390","SKU-00631","3","39.10","0.0020"
"9391","4391","SKU-00648","2","39.29","0.0023"
"9392","4392","SKU-00665","1","39.48","0.0001"
"9393","4393","SKU-00682","4","39.67","0.0004"
"9394","4394","SKU-00699","3","39.86","0.0007"
"9395","4395","SKU-00716","2","40.05","0.0010"
"9396","4396","SKU-00733","1","40.24","0.0013"
"9397","4397","SKU-00750","4","40.43","0.0016"
"9398","4398","SKU-00767","3","40.62","0.0019"
"9399","4399","SKU-00784","2","40.81","0.0022"
"9400","4400","SKU-00801","1","41.00","0.0000"
"9401","4401","SKU-00818","4","41.19","0.0003"
"9402","4402","SKU-00835","3","41.38","0.0006"
"9403","4403","SKU-00852","2","41.57","0.0009"
"9404","4404","SKU-00869","1","41.76","0.0012"
"9405","4405","SKU-00886","4","41.95","0.0015"
"9406","4406","SKU-00903","3","42.14","0.0018"
"9407","4407","SKU-00920","2","42.33","0.0021"
"9408","4408","SKU-00937","1","42.52","0.0024"
"9409","4409","SKU-00954","4","42.71","0.0002"
"9410","4410","SKU-00971","3","42.90","0.0005"
"9411","4411","SKU-00988","2","43.09","0.0008"
"9412","4412","SKU-00005","1","43.28","0.0011"
"9413","4413","SKU-00022","4","43.47","0.0014"
"9414","4414","SKU-00039","3","43.66","0.0017"
"9415","4415","SKU-00056","2","43.85","0.0020"
"9416","4416","SKU-00073","1","44.04","0.0023"
"9417","4417","SKU-00090","4","44.23","0.0001"
"9418","4418","SKU-00107","3","44.42","0.0004"
"9419","4419","SKU-00124","2","44.61","0.0007"
"9420","4420","SKU-00141","1","44.80","0.0010"
"9421","4421","SKU-00158","4","44.99","0.0013"
"9422","4422","SKU-00175","3","45.18","0.0016"
"9423","4423","SKU-00192","2","45.37","0.0019"
"9424","4424","SKU-00209","1","45.56","0.0022"
"9425","4425","SKU-00226","4","45.75","0.0000"
"9426","4426","SKU-00243","3","45.94","0.0003"
"9427","4427","SKU-00260","2","46.13","0.0006"
"9428","4428","SKU-00277","1","46.32","0.0009"
"9429","4429","SKU-00294","4","46.51","0.0012"
"9430","4430","SKU-00311","3","46.70","0.0015"
"9431","4431","SKU-00328","2","46.89","0.0018"
"9432","4432","SKU-00345","1","47.08","0.0021"
"9433","4433","SKU-00362","4","47.27","0.0024"
"9434","4434","SKU-00379","3","47.46","0.0002"
"9435","4435","SKU-00396","2","47.65","0.0005"
"9436","4436","SKU-00413","1","47.84","0.0008"
"9437","4437","SKU-00430","4","48.03","0.0011"
"9438","4438","SKU-00447","3","48.22","0.0014"
"9439","4439","SKU-00464","2","48.41","0.0017"
"9440","4440","SKU-00481","1","48.60","0.0020"
"9441","4441","SKU-00498","4","48.79","0.0023"
"9442","4442","SKU-00515","3","48.98","0.0001"
"9443","4443","SKU-00532","2","49.17","0.0004"
"9444","4444","SKU-00549","1","49.36","0.0007"
"9445","4445","SKU-00566","4","49.55","0.0010"
"9446","4446","SKU-00583","3","49.74","0.0013"
"9447","4447","SKU-00600","2","49.93","0.0016"
"9448","4448","SKU-00617","1","50.12","0.0019"
"9449","4449","SKU-00634","4","50.31","0.0022"
"9450","4450","SKU-00651","3","50.50","0.0000"
"9451","4451","SKU-00668","2","50.69","0.0003"
"9452","4452","SKU-00685","1","50.88","0.0006"
"9453","4453","SKU-00702","4","51.07","0.0009"
"9454","4454","SKU-00719","3","51.26","0.0012"
"9455","4455","SKU-00736","2","51.45","0.0015"
"9456","4456","SKU-00753","1","51.64","0.0018"
"9457","4457","SKU-00770","4","51.83","0.0021"
"9458","4458","SKU-00787","3","52.02","0.0024"
"9459","4459","SKU-00804","2","52.21","0.0002"
"9460","4460","SKU-00821","1","52.40","0.0005"
"9461","4461","SKU-00838","4","52.59","0.0008"
"9462","4462","SKU-00855","3","52.78","0.0011"
"9463","4463","SKU-00872","2","52.97","0.0014"
"9464","4464","SKU-00889","1","53.16","0.0017"
"9465","4465","SKU-00906","4","53.35","0.0020"
"9466","4466","SKU-00923","3","53.54","0.0023"
"9467","4467","SKU-00940","2","53.73","0.0001"
"9468","4468","SKU-00957","1","53.92","0.0004"
"9469","4469","SKU-00974","4","54.11","0.0007"
"9470","4470","SKU-00991","3","54.30","0.0010"
"9471","4471","SKU-00008","2","54.49","0.0013"
"9472","4472","SKU-00025","1","54.68","0.0016"
"9473","4473","SKU-00042","4","54.87","0.0019"
"9474","4474","SKU-00059","3","55.06","0.0022"
"9475","4475","SKU-00076","2","55.25","0.0000"
"9476","4476","SKU-00093","1","55.44","0.0003"
"9477","4477","SKU-00110","4","55.63","0.0006"
"9478","4478","SKU-00127","3","55.82","0.0009"
"9479","4479","SKU-00144","2","56.01","0.0012"
"9480","4480","SKU-00161","1","56.20","0.0015"
"9481","4481","SKU-00178","4","56.39","0.0018"
"9482","4482","SKU-00195","3","56.58","0.0021"
"9483","4483","SKU-00212","2","56.77","0.0024"
"9484","4484","SKU-00229","1","56.96","0.0002"
"9485","4485","SKU-00246","4","57.15","0.0005"
"9486","4486","SKU-00263","3","57.34","0.0008"
"9487","4487","SKU-00280","2","57.53","0.0011"
"9488","4488","SKU-00297","1","57.72","0.0014"
"9489","4489","SKU-00314","4","57.91","0.0017"
"9490","4490","SKU-00331","3","58.10","0.0020"
"9491","4491","SKU-00348","2","58.29","0.0023"
"9492","4492","SKU-00365","1","58.48","0.0001"
"9493","4493","SKU-00382","4","58.67","0.0004"
"9494","4494","SKU-00399","3","58.86","0.0007"
"9495","4495","SKU-00416","2","59.05","0.0010"
"9496","4496","SKU-00433","1","59.24","0.0013"
"9497","4497","SKU-00450","4","59.43","0.0016"
"9498","4498","SKU-00467","3","59.62","0.0019"
"9499","4499","SKU-00484","2","59.81","0.0022"
"9500","4500","SKU-00501","1","60.00","0.0000"
"9501","4501","SKU-00518","4","60.19","0.0003"
"9502","4502","SKU-00535","3","60.38","0.0006"
"9503","4503","SKU-00552","2","60.57","0.0009"
"9504","4504","SKU-00569","1","60.76","0.0012"
"9505","4505","SKU-00586","4","60.95","0.0015"
"9506","4506","SKU-00603","3","61.14","0.0018"
"9507","4507","SKU-00620","2","61.33","0.0021"
"9508","4508","SKU-00637","1","61.52","0.0024"
"9509","4509","SKU-00654","4","61.71","0.0002"
"9510","4510","SKU-00671","3","61.90","0.0005"
"9511","4511","SKU-00688","2","62.09","0.0008"
"9512","4512","SKU-00705","1","62.28","0.0011"
"9513","4513","SKU-00722","4","62.47","0.0014"
"9514","4514","SKU-00739","3","62.66","0.0017"
"9515","4515","SKU-00756","2","62.85","0.0020"
"9516","4516","SKU-00773","1","63.04","0.0023"
"9517","4517","SKU-00790","4","63.23","0.0001"
"9518","4518","SKU-00807","3","63.42","0.0004"
"9519","4519","SKU-00824","2","63.61","0.0007"
"9520","4520","SKU-00841","1","63.80","0.0010"
"9521","4521","SKU-00858","4","63.99","0.0013"
"9522","4522","SKU-00875","3","64.18","0.0016"
"9523","4523","SKU-00892","2","64.37","0.0019"
"9524","4524","SKU-00909","1","64.56","0.0022"
"9525","4525","SKU-00926","4","64.75","0.0000"
"9526","4526","SKU-00943","3","64.94","0.0003"
"9527","4527","SKU-00960","2","65.13","0.0006"
"9528","4528","SKU-00977","1","65.32","0.0009"
"9529","4529","SKU-00994","4","65.51","0.0012"
"9530","4530","SKU-00011","3","65.70","0.0015"
"9531","4531","SKU-00028","2","65.89","0.0018"
"9532","4532","SKU-00045","1","66.08","0.0021"
"9533","4533","SKU-00062","4","66.27","0.0024"
"9534","4534","SKU-00079","3","66.46","0.0002"
"9535","4535","SKU-00096","2","66.65","0.0005"
"9536","4536","SKU-00113","1","66.84","0.0008"
"9537","4537","SKU-00130","4","67.03","0.0011"
"9538","4538","SKU-00147","3","67.22","0.0014"
"9539","4539","SKU-00164","2","67.41","0.0017"
"9540","4540","SKU-00181","1","67.60","0.0020"
"9541","4541","SKU-00198","4","67.79","0.0023"
"9542","4542","SKU-00215","3","67.98","0.0001"
"9543","4543","SKU-00232","2","68.17","0.0004"
"9544","4544","SKU-00249","1","68.36","0.0007"
"9545","4545","SKU-00266","4","68.55","0.0010"
"9546","4546","SKU-00283","3","68.74","0.0013"
"9547","4547","SKU-00300","2","68.93","0.0016"
"9548","4548","SKU-00317","1","69.12","0.0019"
"9549","4549","SKU-00334","4","69.31","0.0022"
"9550","4550","SKU-00351","3","69.50","0.0000"
"9551","4551","SKU-00368","2","69.69","0.0003"
"9552","4552","SKU-00385","1","69.88","0.0006"
"9553","4553","SKU-00402","4","70.07","0.0009"
"9554","4554","SKU-00419","3","70.26","0.0012"
"9555","4555","SKU-00436","2","70.45","0.0015"
"9556","4556","SKU-00453","1","70.64","0.0018"
"9557","4557","SKU-00470","4","70.83","0.0021"
"9558","4558","SKU-00487","3","71.02","0.0024"
"9559","4559","SKU-00504","2","71.21","0.0002"
"9560","4560","SKU-00521","1","71.40","0.0005"
"9561","4561","SKU-00538","4","71.59","0.0008"
"9562","4562","SKU-00555","3","71.78","0.0011"
"9563","4563","SKU-00572","2","71.97","0.0014"
"9564","4564","SKU-00589","1","72.16","0.0017"
"9565","4565","SKU-00606","4","72.35","0.0020"
"9566","4566","SKU-00623","3","72.54","0.0023"
"9567","4567","SKU-00640","2","72.73","0.0001"
"9568","4568","SKU-00657","1","72.92","0.0004"
"9569","4569","SKU-00674","4","73.11","0.0007"
"9570","4570","SKU-00691","3","73.30","0.0010"
"9571","4571","SKU-00708","2","73.49","0.0013"
"9572","4572","SKU-00725","1","73.68","0.0016"
"9573","4573","SKU-00742","4","73.87","0.0019"
"9574","4574","SKU-00759","3","74.06","0.0022"
"9575","4575","SKU-00776","2","74.25","0.0000"
"9576","4576","SKU-00793","1","74.44","0.0003"
"9577","4577","SKU-00810","4","74.63","0.0006"
"9578","4578","SKU-00827","3","74.82","0.0009"
"9579","4579","SKU-00844","2","75.01","0.0012"
"9580","4580","SKU-00861","1","75.20","0.0015"
"9581","4581","SKU-00878","4","75.39","0.0018"
"9582","4582","SKU-00895","3","75.58","0.0021"
"9583","4583","SKU-00912","2","75.77","0.0024"
"9584","4584","SKU-00929","1","75.96","0.0002"
"9585","4585","SKU-00946","4","76.15","0.0005"
"9586","4586","SKU-00963","3","76.34","0.0008"
"9587","4587","SKU-00980","2","76.53","0.0011"
"9588","4588","SKU-00997","1","76.72","0.0014"
"9589","4589","SKU-00014","4","76.91","0.0017"
"9590","4590","SKU-00031","3","77.10","0.0020"
"9591","4591","SKU-00048","2","77.29","0.0023"
"9592","4592","SKU-00065","1","77.48","0.0001"
"9593","4593","SKU-00082","4","77.67","0.0004"
"9594","4594","SKU-00099","3","77.86","0.0007"
"9595","4595","SKU-00116","2","78.05","0.0010"
"9596","4596","SKU-00133","1","78.24","0.0013"
"9597","4597","SKU-00150","4","78.43","0.0016"
"9598","4598","SKU-00167","3","78.62","0.0019"
"9599","4599","SKU-00184","2","78.81","0.0022"
"9600","4600","SKU-00201","1","79.00","0.0000"
"9601","4601","SKU-00218","4","79.19","0.0003"
"9602","4602","SKU-00235","3","79.38","0.0006"
"9603","4603","SKU-00252","2","79.57","0.0009"
"9604","4604","SKU-00269","1","79.76","0.0012"
"9605","4605","SKU-00286","4","79.95","0.0015"
"9606","4606","SKU-00303","3","80.14","0.0018"
"9607","4607","SKU-00320","2","80.33","0.0021"
"9608","4608","SKU-00337","1","80.52","0.0024"
"9609","4609","SKU-00354","4","80.71","0.0002"
"9610","4610","SKU-00371","3","80.90","0.0005"
"9611","4611","SKU-00388","2","81.09","0.0008"
"9612","4612","SKU-00405","1","81.28","0.0011"
"9613","4613","SKU-00422","4","81.47","0.0014"
"9614","4614","SKU-00439","3","81.66","0.0017"
"9615","4615","SKU-00456","2","81.85","0.0020"
"9616","4616","SKU-00473","1","82.04","0.0023"
"9617","4617","SKU-00490","4","82.23","0.0001"
"9618","4618","SKU-00507","3","82.42","0.0004"
"9619","4619","SKU-00524","2","82.61","0.0007"
"9620","4620","SKU-00541","1","82.80","0.0010"
"9621","4621","SKU-00558","4","82.99","0.0013"
"9622","4622","SKU-00575","3","83.18","0.0016"
"9623","4623","SKU-00592","2","83.37","0.0019"
"9624","4624","SKU-00609","1","83.56","0.0022"
"9625","4625","SKU-00626","4","83.75","0.0000"
"9626","4626","SKU-00643","3","83.94","0.0003"
"9627","4627","SKU-00660","2","84.13","0.0006"
"9628","4628","SKU-00677","1","84.32","0.0009"
"9629","4629","SKU-00694","4","84.51","0.0012"
"9630","4630","SKU-00711","3","84.70","0.0015"
"9631","4631","SKU-00728","2","84.89","0.0018"
"9632","4632","SKU-00745","1","85.08","0.0021"
"9633","4633","SKU-00762","4","85.27","0.0024"
"9634","4634","SKU-00779","3","85.46","0.0002"
"9635","4635","SKU-00796","2","85.65","0.0005"
"9636","4636","SKU-00813","1","85.84","0.0008"
"9637","4637","SKU-00830","4","86.03","0.0011"
"9638","4638","SKU-00847","3","86.22","0.0014"
"9639","4639","SKU-00864","2","86.41","0.0017"
"9640","4640","SKU-00881","1","86.60","0.0020"
"9641","4641","SKU-00898","4","86.79","0.0023"
"9642","4642","SKU-00915","3","86.98","0.0001"
"9643","4643","SKU-00932","2","87.17","0.0004"
"9644","4644","SKU-00949","1","87.36","0.0007"
"9645","4645","SKU-00966","4","87.55","0.0010"
"9646","4646","SKU-00983","3","87.74","0.0013"
"9647","4647","SKU-01000","2","87.93","0.0016"
"9648","4648","SKU-00017","1","88.12","0.0019"
"9649","4649","SKU-00034","4","88.31","0.0022"
"9650","4650","SKU-00051","3","88.50","0.0000"
"9651","4651","SKU-00068","2","88.69","0.0003"
"9652","4652","SKU-00085","1","88.88","0.0006"
"9653","4653","SKU-00102","4","89.07","0.0009"
"9654","4654","SKU-00119","3","89.26","0.0012"
"9655","4655","SKU-00136","2","89.45","0.0015"
"9656","4656","SKU-00153","1","89.64","0.0018"
"9657","4657","SKU-00170","4","89.83","0.0021"
"9658","4658","SKU-00187","3","90.02","0.0024"
"9659","4659","SKU-00204","2","90.21","0.0002"
"9660","4660","SKU-00221","1","90.40","0.0005"
"9661","4661","SKU-00238","4","90.59","0.0008"
"9662","4662","SKU-00255","3","90.78","0.0011"
"9663","4663","SKU-00272","2","90.97","0.0014"
"9664","4664","SKU-00289","1","91.16","0.0017"
"9665","4665","SKU-00306","4","91.35","0.0020"
"9666","4666","SKU-00323","3","91.54","0.0023"
"9667","4667","SKU-00340","2","91.73","0.0001"
"9668","4668","SKU-00357","1","91.92","0.0004"
"9669","4669","SKU-00374","4","92.11","0.0007"
"9670","4670","SKU-00391","3","92.30","0.0010"
"9671","4671","SKU-00408","2","92.49","0.0013"
"9672","4672","SKU-00425","1","92.68","0.0016"
"9673","4673","SKU-00442","4","92.87","0.0019"
"9674","4674","SKU-00459","3","93.06","0.0022"
"9675","4675","SKU-00476","2","93.25","0.0000"
"9676","4676","SKU-00493","1","93.44","0.0003"
"9677","4677","SKU-00510","4","93.63","0.0006"
"9678","4678","SKU-00527","3","93.82","0.0009"
"9679","4679","SKU-00544","2","94.01","0.0012"
"9680","4680","SKU-00561","1","94.20","0.0015"
"9681","4681","SKU-00578","4","94.39","0.0018"
"9682","4682","SKU-00595","3","94.58","0.0021"
"9683","4683","SKU-00612","2","94.77","0.0024"
"9684","4684","SKU-00629","1","94.96","0.0002"
"9685","4685","SKU-00646","4","95.15","0.0005"
"9686","4686","SKU-00663","3","95.34","0.0008"
"9687","4687","SKU-00680","2","95.53","0.0011"
"9688","4688","SKU-00697","1","95.72","0.0014"
"9689","4689","SKU-00714","4","95.91","0.0017"
"9690","4690","SKU-00731","3","96.10","0.0020"
"9691","4691","SKU-00748","2","96.29","0.0023"
"9692","4692","SKU-00765","1","96.48","0.0001"
"9693","4693","SKU-00782","4","96.67","0.0004"
"9694","4694","SKU-00799","3","96.86","0.0007"
"9695","4695","SKU-00816","2","97.05","0.0010"
"9696","4696","SKU-00833","1","97.24","0.0013"
"9697","4697","SKU-00850","4","97.43","0.0016"
"9698","4698","SKU-00867","3","97.62","0.0019"
"9699","4699","SKU-00884","2","97.81","0.0022"
"9700","4700","SKU-00901","1","98.00","0.0000"
"9701","4701","SKU-00918","4","98.19","0.0003"
"9702","4702","SKU-00935","3","98.38","0.0006"
"9703","4703","SKU-00952","2","98.57","0.0009"
"9704","4704","SKU-00969","1","98.76","0.0012"
"9705","4705","SKU-00986","4","98.95","0.0015"
"9706","4706","SKU-00003","3","99.14","0.0018"
"9707","4707","SKU-00020","2","99.33","0.0021"
"9708","4708","SKU-00037","1","99.52","0.0024"
"9709","4709","SKU-00054","4","99.71","0.0002"
"9710","4710","SKU-00071","3","99.90","0.0005"
"9711","4711","SKU-00088","2","100.09","0.0008"
"9712","4712","SKU-00105","1","100.28","0.0011"
"9713","4713","SKU-00122","4","100.47","0.0014"
"9714","4714","SKU-00139","3","100.66","0.0017"
"9715","4715","SKU-00156","2","100.85","0.0020"
"9716","4716","SKU-00173","1","101.04","0.0023"
"9717","4717","SKU-00190","4","101.23","0.0001"
"9718","4718","SKU-00207","3","101.42","0.0004"
"9719","4719","SKU-00224","2","101.61","0.0007"
"9720","4720","SKU-00241","1","101.80","0.0010"
"9721","4721","SKU-00258","4","101.99","0.0013"
"9722","4722","SKU-00275","3","102.18","0.0016"
"9723","4723","SKU-00292","2","102.37","0.0019"
"9724","4724","SKU-00309","1","102.56","0.0022"
"9725","4725","SKU-00326","4","102.75","0.0000"
"9726","4726","SKU-00343","3","102.94","0.0003"
"9727","4727","SKU-00360","2","103.13","0.0006"
"9728","4728","SKU-00377","1","103.32","0.0009"
"9729","4729","SKU-00394","4","103.51","0.0012"
"9730","4730","SKU-00411","3","103.70","0.0015"
"9731","4731","SKU-00428","2","103.89","0.0018"
"9732","4732","SKU-00445","1","104.08","0.0021"
"9733","4733","SKU-00462","4","104.27","0.0024"
"9734","4734","SKU-00479","3","104.46","0.0002"
"9735","4735","SKU-00496","2","104.65","0.0005"
"9736","4736","SKU-00513","1","104.84","0.0008"
"9737","4737","SKU-00530","4","105.03","0.0011"
"9738","4738","SKU-00547","3","105.22","0.0014"
"9739","4739","SKU-00564","2","105.41","0.0017"
"9740","4740","SKU-00581","1","105.60","0.0020"
"9741","4741","SKU-00598","4","105.79","0.0023"
"9742","4742","SKU-00615","3","105.98","0.0001"
"9743","4743","SKU-00632","2","106.17","0.0004"
"9744","4744","SKU-00649","1","106.36","0.0007"
"9745","4745","SKU-00666","4","106.55","0.0010"
"9746","4746","SKU-00683","3","106.74","0.0013"
"9747","4747","SKU-00700","2","106.93","0.0016"
"9748","4748","SKU-00717","1","107.12","0.0019"
"9749","4749","SKU-00734","4","107.31","0.0022"
"9750","4750","SKU-00751","3","107.50","0.0000"
"9751","4751","SKU-00768","2","107.69","0.0003"
"9752","4752","SKU-00785","1","107.88","0.0006"
"9753","4753","SKU-00802","4","108.07","0.0009"
"9754","4754","SKU-00819","3","108.26","0.0012"
"9755","4755","SKU-00836","2","108.45","0.0015"
"9756","4756","SKU-00853","1","108.64","0.0018"
"9757","4757","SKU-00870","4","108.83","0.0021"
"9758","4758","SKU-00887","3","109.02","0.0024"
"9759","4759","SKU-00904","2","109.21","0.0002"
"9760","4760","SKU-00921","1","109.40","0.0005"
"9761","4761","SKU-00938","4","109.59","0.0008"
"9762","4762","SKU-00955","3","109.78","0.0011"
"9763","4763","SKU-00972","2","109.97","0.0014"
"9764","4764","SKU-00989","1","110.16","0.0017"
"9765","4765","SKU-00006","4","110.35","0.0020"
"9766","4766","SKU-00023","3","110.54","0.0023"
"9767","4767","SKU-00040","2","110.73","0.0001"
"9768","4768","SKU-00057","1","110.92","0.0004"
"9769","4769","SKU-00074","4","111.11","0.0007"
"9770","4770","SKU-00091","3","111.30","0.0010"
"9771","4771","SKU-00108","2","111.49","0.0013"
"9772","4772","SKU-00125","1","111.68","0.0016"
"9773","4773","SKU-00142","4","111.87","0.0019"
"9774","4774","SKU-00159","3","112.06","0.0022"
"9775","4775","SKU-00176","2","112.25","0.0000"
"9776","4776","SKU-00193","1","112.44","0.0003"
"9777","4777","SKU-00210","4","112.63","0.0006"
"9778","4778","SKU-00227","3","112.82","0.0009"
"9779","4779","SKU-00244","2","113.01","0.0012"
"9780","4780","SKU-00261","1","113.20","0.0015"
"9781","4781","SKU-00278","4","113.39","0.0018"
"9782","4782","SKU-00295","3","113.58","0.0021"
"9783","4783","SKU-00312","2","113.77","0.0024"
"9784","4784","SKU-00329","1","113.96","0.0002"
"9785","4785","SKU-00346","4","114.15","0.0005"
"9786","4786","SKU-00363","3","114.34","0.0008"
"9787","4787","SKU-00380","2","114.53","0.0011"
"9788","4788","SKU-00397","1","114.72","0.0014"
"9789","4789","SKU-00414","4","114.91","0.0017"
"9790","4790","SKU-00431","3","115.10","0.0020"
"9791","4791","SKU-00448","2","115.29","0.0023"
"9792","4792","SKU-00465","1","115.48","0.0001"
"9793","4793","SKU-00482","4","115.67","0.0004"
"9794","4794","SKU-00499","3","115.86","0.0007"
"9795","4795","SKU-00516","2","116.05","0.0010"
"9796","4796","SKU-00533","1","116.24","0.0013"
"9797","4797","SKU-00550","4","116.43","0.0016"
"9798","4798","SKU-00567","3","116.62","0.0019"
"9799","4799","SKU-00584","2","116.81","0.0022"
"9800","4800","SKU-00601","1","117.00","0.0000"
"9801","4801","SKU-00618","4","117.19","0.0003"
"9802","4802","SKU-00635","3","117.38","0.0006"
"9803","4803","SKU-00652","2","117.57","0.0009"
"9804","4804","SKU-00669","1","117.76","0.0012"
"9805","4805","SKU-00686","4","117.95","0.0015"
"9806","4806","SKU-00703","3","118.14","0.0018"
"9807","4807","SKU-00720","2","118.33","0.0021"
"9808","4808","SKU-00737","1","118.52","0.0024"
"9809","4809","SKU-00754","4","118.71","0.0002"
"9810","4810","SKU-00771","3","118.90","0.0005"
"9811","4811","SKU-00788","2","119.09","0.0008"
"9812","4812","SKU-00805","1","119.28","0.0011"
"9813","4813","SKU-00822","4","119.47","0.0014"
"9814","4814","SKU-00839","3","119.66","0.0017"
"9815","4815","SKU-00856","2","119.85","0.0020"
"9816","4816","SKU-00873","1","120.04","0.0023"
"9817","4817","SKU-00890","4","120.23","0.0001"
"9818","4818","SKU-00907","3","120.42","0.0004"
"9819","4819","SKU-00924","2","120.61","0.0007"
"9820","4820","SKU-00941","1","120.80","0.0010"
"9821","4821","SKU-00958","4","120.99","0.0013"
"9822","4822","SKU-00975","3","121.18","0.0016"
"9823","4823","SKU-00992","2","121.37","0.0019"
"9824","4824","SKU-00009","1","121.56","0.0022"
"9825","4825","SKU-00026","4","121.75","0.0000"
"9826","4826","SKU-00043","3","121.94","0.0003"
"9827","4827","SKU-00060","2","122.13","0.0006"
"9828","4828","SKU-00077","1","122.32","0.0009"
"9829","4829","SKU-00094","4","122.51","0.0012"
"9830","4830","SKU-00111","3","122.70","0.0015"
"9831","4831","SKU-00128","2","122.89","0.0018"
"9832","4832","SKU-00145","1","123.08","0.0021"
"9833","4833","SKU-00162","4","123.27","0.0024"
"9834","4834","SKU-00179","3","123.46","0.0002"
"9835","4835","SKU-00196","2","123.65","0.0005"
"9836","4836","SKU-00213","1","123.84","0.0008"
"9837","4837","SKU-00230","4","124.03","0.0011"
"9838","4838","SKU-00247","3","124.22","0.0014"
"9839","4839","SKU-00264","2","124.41","0.0017"
"9840","4840","SKU-00281","1","124.60","0.0020"
"9841","4841","SKU-00298","4","124.79","0.0023"
"9842","4842","SKU-00315","3","124.98","0.0001"
"9843","4843","SKU-00332","2","125.17","0.0004"
"9844","4844","SKU-00349","1","125.36","0.0007"
"9845","4845","SKU-00366","4","125.55","0.0010"
"9846","4846","SKU-00383","3","125.74","0.0013"
"9847","4847","SKU-00400","2","125.93","0.0016"
"9848","4848","SKU-00417","1","126.12","0.0019"
"9849","4849","SKU-00434","4","126.31","0.0022"
"9850","4850","SKU-00451","3","126.50","0.0000"
"9851","4851","SKU-00468","2","126.69","0.0003"
"9852","4852","SKU-00485","1","126.88","0.0006"
"9853","4853","SKU-00502","4","127.07","0.0009"
"9854","4854","SKU-00519","3","127.26","0.0012"
"9855","4855","SKU-00536","2","127.45","0.0015"
"9856","4856","SKU-00553","1","127.64","0.0018"
"9857","4857","SKU-00570","4","127.83","0.0021"
"9858","4858","SKU-00587","3","128.02","0.0024"
"9859","4859","SKU-00604","2","128.21","0.0002"
"9860","4860","SKU-00621","1","128.40","0.0005"
"9861","4861","SKU-00638","4","128.59","0.0008"
"9862","4862","SKU-00655","3","128.78","0.0011"
"9863","4863","SKU-00672","2","128.97","0.0014"
"9864","4864","SKU-00689","1","129.16","0.0017"
"9865","4865","SKU-00706","4","129.35","0.0020"
"9866","4866","SKU-00723","3","129.54","0.0023"
"9867","4867","SKU-00740","2","129.73","0.0001"
"9868","4868","SKU-00757","1","129.92","0.0004"
"9869","4869","SKU-00774","4","130.11","0.0007"
"9870","4870","SKU-00791","3","130.30","0.0010"
"9871","4871","SKU-00808","2","130.49","0.0013"
"9872","4872","SKU-00825","1","130.68","0.0016"
"9873","4873","SKU-00842","4","130.87","0.0019"
"9874","4874","SKU-00859","3","131.06","0.0022"
"9875","4875","SKU-00876","2","131.25","0.0000"
"9876","4876","SKU-00893","1","131.44","0.0003"
"9877","4877","SKU-00910","4","131.63","0.0006"
"9878","4878","SKU-00927","3","131.82","0.0009"
"9879","4879","SKU-00944","2","132.01","0.0012"
"9880","4880","SKU-00961","1","132.20","0.0015"
"9881","4881","SKU-00978","4","132.39","0.0018"
"9882","4882","SKU-00995","3","132.58","0.0021"
"9883","4883","SKU-00012","2","132.77","0.0024"
"9884","4884","SKU-00029","1","132.96","0.0002"
"9885","4885","SKU-00046","4","133.15","0.0005"
"9886","4886","SKU-00063","3","133.34","0.0008"
"9887","4887","SKU-00080","2","133.53","0.0011"
"9888","4888","SKU-00097","1","133.72","0.0014"
"9889","4889","SKU-00114","4","133.91","0.0017"
"9890","4890","SKU-00131","3","134.10","0.0020"
"9891","4891","SKU-00148","2","134.29","0.0023"
"9892","4892","SKU-00165","1","134.48","0.0001"
"9893","4893","SKU-00182","4","134.67","0.0004"
"9894","4894","SKU-00199","3","134.86","0.0007"
"9895","4895","SKU-00216","2","135.05","0.0010"
"9896","4896","SKU-00233","1","135.24","0.0013"
"9897","4897","SKU-00250","4","135.43","0.0016"
"9898","4898","SKU-00267","3","135.62","0.0019"
"9899","4899","SKU-00284","2","135.81","0.0022"
"9900","4900","SKU-00301","1","136.00","0.0000"
"9901","4901","SKU-00318","4","136.19","0.0003"
"9902","4902","SKU-00335","3","136.38","0.0006"
"9903","4903","SKU-00352","2","136.57","0.0009"
"9904","4904","SKU-00369","1","136.76","0.0012"
"9905","4905","SKU-00386","4","136.95","0.0015"
"9906","4906","SKU-00403","3","137.14","0.0018"
"9907","4907","SKU-00420","2","137.33","0.0021"
"9908","4908","SKU-00437","1","137.52","0.0024"
"9909","4909","SKU-00454","4","137.71","0.0002"
"9910","4910","SKU-00471","3","137.90","0.0005"
"9911","4911","SKU-00488","2","138.09","0.0008"
"9912","4912","SKU-00505","1","138.28","0.0011"
"9913","4913","SKU-00522","4","138.47","0.0014"
"9914","4914","SKU-00539","3","138.66","0.0017"
"9915","4915","SKU-00556","2","138.85","0.0020"
"9916","4916","SKU-00573","1","139.04","0.0023"
"9917","4917","SKU-00590","4","139.23","0.0001"
"9918","4918","SKU-00607","3","139.42","0.0004"
"9919","4919","SKU-00624","2","139.61","0.0007"
"9920","4920","SKU-00641","1","139.80","0.0010"
"9921","4921","SKU-00658","4","139.99","0.0013"
"9922","4922","SKU-00675","3","140.18","0.0016"
"9923","4923","SKU-00692","2","140.37","0.0019"
"9924","4924","SKU-00709","1","140.56","0.0022"
"9925","4925","SKU-00726","4","140.75","0.0000"
"9926","4926","SKU-00743","3","140.94","0.0003"
"9927","4927","SKU-00760","2","141.13","0.0006"
"9928","4928","SKU-00777","1","141.32","0.0009"
"9929","4929","SKU-00794","4","141.51","0.0012"
"9930","4930","SKU-00811","3","141.70","0.0015"
"9931","4931","SKU-00828","2","141.89","0.0018"
"9932","4932","SKU-00845","1","142.08","0.0021"
"9933","4933","SKU-00862","4","142.27","0.0024"
"9934","4934","SKU-00879","3","142.46","0.0002"
"9935","4935","SKU-00896","2","142.65","0.0005"
"9936","4936","SKU-00913","1","142.84","0.0008"
"9937","4937","SKU-00930","4","143.03","0.0011"
"9938","4938","SKU-00947","3","143.22","0.0014"
"9939","4939","SKU-00964","2","143.41","0.0017"
"9940","4940","SKU-00981","1","143.60","0.0020"
"9941","4941","SKU-00998","4","143.79","0.0023"
"9942","4942","SKU-00015","3","143.98","0.0001"
"9943","4943","SKU-00032","2","144.17","0.0004"
"9944","4944","SKU-00049","1","144.36","0.0007"
"9945","4945","SKU-00066","4","144.55","0.0010"
"9946","4946","SKU-00083","3","144.74","0.0013"
"9947","4947","SKU-00100","2","144.93","0.0016"
"9948","4948","SKU-00117","1","145.12","0.0019"
"9949","4949","SKU-00134","4","145.31","0.0022"
"9950","4950","SKU-00151","3","145.50","0.0000"
"9951","4951","SKU-00168","2","145.69","0.0003"
"9952","4952","SKU-00185","1","145.88","0.0006"
"9953","4953","SKU-00202","4","146.07","0.0009"
"9954","4954","SKU-00219","3","146.26","0.0012"
"9955","4955","SKU-00236","2","146.45","0.0015"
"9956","4956","SKU-00253","1","146.64","0.0018"
"9957","4957","SKU-00270","4","146.83","0.0021"
"9958","4958","SKU-00287","3","147.02","0.0024"
"9959","4959","SKU-00304","2","147.21","0.0002"
"9960","4960","SKU-00321","1","147.40","0.0005"
"9961","4961","SKU-00338","4","147.59","0.0008"
"9962","4962","SKU-00355","3","147.78","0.0011"
"9963","4963","SKU-00372","2","147.97","0.0014"
"9964","4964","SKU-00389","1","148.16","0.0017"
"9965","4965","SKU-00406","4","148.35","0.0020"
"9966","4966","SKU-00423","3","148.54","0.0023"
"9967","4967","SKU-00440","2","148.73","0.0001"
"9968","4968","SKU-00457","1","148.92","0.0004"
"9969","4969","SKU-00474","4","149.11","0.0007"
"9970","4970","SKU-00491","3","149.30","0.0010"
"9971","4971","SKU-00508","2","149.49","0.0013"
"9972","4972","SKU-00525","1","149.68","0.0016"
"9973","4973","SKU-00542","4","149.87","0.0019"
"9974","4974","SKU-00559","3","150.06","0.0022"
"9975","4975","SKU-00576","2","150.25","0.0000"
"9976","4976","SKU-00593","1","150.44","0.0003"
"9977","4977","SKU-00610","4","150.63","0.0006"
"9978","4978","SKU-00627","3","150.82","0.0009"
"9979","4979","SKU-00644","2","151.01","0.0012"
"9980","4980","SKU-00661","1","151.20","0.0015"
"9981","4981","SKU-00678","4","151.39","0.0018"
"9982","4982","SKU-00695","3","151.58","0.0021"
"9983","4983","SKU-00712","2","151.77","0.0024"
"9984","4984","SKU-00729","1","151.96","0.0002"
"9985","4985","SKU-00746","4","152.15","0.0005"
"9986","4986","SKU-00763","3","152.34","0.0008"
"9987","4987","SKU-00780","2","152.53","0.0011"
"9988","4988","SKU-00797","1","152.72","0.0014"
"9989","4989","SKU-00814","4","152.91","0.0017"
"9990","4990","SKU-00831","3","153.10","0.0020"
"9991","4991","SKU-00848","2","153.29","0.0023"
"9992","4992","SKU-00865","1","153.48","0.0001"
"9993","4993","SKU-00882","4","153.67","0.0004"
"9994","4994","SKU-00899","3","153.86","0.0007"
"9995","4995","SKU-00916","2","154.05","0.0010"
"9996","4996","SKU-00933","1","154.24","0.0013"
"9997","4997","SKU-00950","4","154.43","0.0016"
"9998","4998","SKU-00967","3","154.62","0.0019"
"9999","4999","SKU-00984","2","154.81","0.0022"
"10000","5000","SKU-00001","1","155.00","0.0000"
"10001","1","SKU-00018","4","155.19","0.0003"
"10002","2","SKU-00035","3","155.38","0.0006"
"10003","3","SKU-00052","2","155.57","0.0009"
"10004","4","SKU-00069","1","155.76","0.0012"
"10005","5","SKU-00086","4","155.95","0.0015"
"10006","6","SKU-00103","3","156.14","0.0018"
"10007","7","SKU-00120","2","156.33","0.0021"
"10008","8","SKU-00137","1","156.52","0.0024"
"10009","9","SKU-00154","4","156.71","0.0002"
"10010","10","SKU-00171","3","156.90","0.0005"
"10011","11","SKU-00188","2","157.09","0.0008"
"10012","12","SKU-00205","1","157.28","0.0011"
"10013","13","SKU-00222","4","157.47","0.0014"
"10014","14","SKU-00239","3","157.66","0.0017"
"10015","15","SKU-00256","2","157.85","0.0020"
"10016","16","SKU-00273","1","158.04","0.0023"
"10017","17","SKU-00290","4","158.23","0.0001"
"10018","18","SKU-00307","3","158.42","0.0004"
"10019","19","SKU-00324","2","158.61","0.0007"
"10020","20","SKU-00341","1","158.80","0.0010"
"10021","21","SKU-00358","4","158.99","0.0013"
"10022","22","SKU-00375","3","159.18","0.0016"
"10023","23","SKU-00392","2","159.37","0.0019"
"10024","24","SKU-00409","1","159.56","0.0022"
"10025","25","SKU-00426","4","159.75","0.0000"
"10026","26","SKU-00443","3","159.94","0.0003"
"10027","27","SKU-00460","2","160.13","0.0006"
"10028","28","SKU-00477","1","160.32","0.0009"
"10029","29","SKU-00494","4","160.51","0.0012"
"10030","30","SKU-00511","3","160.70","0.0015"
"10031","31","SKU-00528","2","160.89","0.0018"
"10032","32","SKU-00545","1","161.08","0.0021"
"10033","33","SKU-00562","4","161.27","0.0024"
"10034","34","SKU-00579","3","161.46","0.0002"
"10035","35","SKU-00596","2","161.65","0.0005"
"10036","36","SKU-00613","1","161.84","0.0008"
"10037","37","SKU-00630","4","162.03","0.0011"
"10038","38","SKU-00647","3","162.22","0.0014"
"10039","39","SKU-00664","2","162.41","0.0017"
"10040","40","SKU-00681","1","162.60","0.0020"
"10041","41","SKU-00698","4","162.79","0.0023"
"10042","42","SKU-00715","3","162.98","0.0001"
"10043","43","SKU-00732","2","163.17","0.0004"
"10044","44","SKU-00749","1","163.36","0.0007"
"10045","45","SKU-00766","4","163.55","0.0010"
"10046","46","SKU-00783","3","163.74","0.0013"
"10047","47","SKU-00800","2","163.93","0.0016"
"10048","48","SKU-00817","1","164.12","0.0019"
"10049","49","SKU-00834","4","164.31","0.0022"
"10050","50","SKU-00851","3","164.50","0.0000"
"10051","51","SKU-00868","2","164.69","0.0003"
"10052","52","SKU-00885","1","164.88","0.0006"
"10053","53","SKU-00902","4","165.07","0.0009"
"10054","54","SKU-00919","3","165.26","0.0012"
"10055","55","SKU-00936","2","165.45","0.0015"
"10056","56","SKU-00953","1","165.64","0.0018"
"10057","57","SKU-00970","4","165.83","0.0021"
"10058","58","SKU-00987","3","166.02","0.0024"
"10059","59","SKU-00004","2","166.21","0.0002"
"10060","60","SKU-00021","1","166.40","0.0005"
"10061","61","SKU-00038","4","166.59","0.0008"
"10062","62","SKU-00055","3","166.78","0.0011"
"10063","63","SKU-00072","2","166.97","0.0014"
"10064","64","SKU-00089","1","167.16","0.0017"
"10065","65","SKU-00106","4","167.35","0.0020"
"10066","66","SKU-00123","3","167.54","0.0023"
"10067","67","SKU-00140","2","167.73","0.0001"
"10068","68","SKU-00157","1","167.92","0.0004"
"10069","69","SKU-00174","4","168.11","0.0007"
"10070","70","SKU-00191","3","168.30","0.0010"
"10071","71","SKU-00208","2","168.49","0.0013"
"10072","72","SKU-00225","1","168.68","0.0016"
"10073","73","SKU-00242","4","168.87","0.0019"
"10074","74","SKU-00259","3","169.06","0.0022"
"10075","75","SKU-00276","2","169.25","0.0000"
"10076","76","SKU-00293","1","169.44","0.0003"
"10077","77","SKU-00310","4","169.63","0.0006"
"10078","78","SKU-00327","3","169.82","0.0009"
"10079","79","SKU-00344","2","170.01","0.0012"
"10080","80","SKU-00361","1","170.20","0.0015"
"10081","81","SKU-00378","4","170.39","0.0018"
"10082","82","SKU-00395","3","170.58","0.0021"
"10083","83","SKU-00412","2","170.77","0.0024"
"10084","84","SKU-00429","1","170.96","0.0002"
"10085","85","SKU-00446","4","171.15","0.0005"
"10086","86","SKU-00463","3","171.34","0.0008"
"10087","87","SKU-00480","2","171.53","0.0011"
"10088","88","SKU-00497","1","171.72","0.0014"
"10089","89","SKU-00514","4","171.91","0.0017"
"10090","90","SKU-00531","3","172.10","0.0020"
"10091","91","SKU-00548","2","172.29","0.0023"
"10092","92","SKU-00565","1","172.48","0.0001"
"10093","93","SKU-00582","4","172.67","0.0004"
"10094","94","SKU-00599","3","172.86","0.0007"
"10095","95","SKU-00616","2","173.05","0.0010"
"10096","96","SKU-00633","1","173.24","0.0013"
"10097","97","SKU-00650","4","173.43","0.0016"
"10098","98","SKU-00667","3","173.62","0.0019"
"10099","99","SKU-00684","2","173.81","0.0022"
"10100","100","SKU-00701","1","174.00","0.0000"
"10101","101","SKU-00718","4","174.19","0.0003"
"10102","102","SKU-00735","3","174.38","0.0006"
"10103","103","SKU-00752","2","174.57","0.0009"
"10104","104","SKU-00769","1","174.76","0.0012"
"10105","105","SKU-00786","4","174.95","0.0015"
"10106","106","SKU-00803","3","175.14","0.0018"
"10107","107","SKU-00820","2","175.33","0.0021"
"10108","108","SKU-00837","1","175.52","0.0024"
"10109","109","SKU-00854","4","175.71","0.0002"
"10110","110","SKU-00871","3","175.90","0.0005"
"10111","111","SKU-00888","2","176.09","0.0008"
"10112","112","SKU-00905","1","176.28","0.0011"
"10113","113","SKU-00922","4","176.47","0.0014"
"10114","114","SKU-00939","3","176.66","0.0017"
"10115","115","SKU-00956","2","176.85","0.0020"
"10116","116","SKU-00973","1","177.04","0.0023"
"10117","117","SKU-00990","4","177.23","0.0001"
"10118","118","SKU-00007","3","177.42","0.0004"
"10119","119","SKU-00024","2","177.61","0.0007"
"10120","120","SKU-00041","1","177.80","0.0010"
"10121","121","SKU-00058","4","177.99","0.0013"
"10122","122","SKU-00075","3","178.18","0.0016"
"10123","123","SKU-00092","2","178.37","0.0019"
"10124","124","SKU-00109","1","178.56","0.0022"
"10125","125","SKU-00126","4","178.75","0.0000"
"10126","126","SKU-00143","3","178.94","0.0003"
"10127","127","SKU-00160","2","179.13","0.0006"
"10128","128","SKU-00177","1","179.32","0.0009"
"10129","129","SKU-00194","4","179.51","0.0012"
"10130","130","SKU-00211","3","179.70","0.0015"
"10131","131","SKU-00228","2","179.89","0.0018"
"10132","132","SKU-00245","1","180.08","0.0021"
"10133","133","SKU-00262","4","180.27","0.0024"
"10134","134","SKU-00279","3","180.46","0.0002"
"10135","135","SKU-00296","2","180.65","0.0005"
"10136","136","SKU-00313","1","180.84","0.0008"
"10137","137","SKU-00330","4","181.03","0.0011"
"10138","138","SKU-00347","3","181.22","0.0014"
"10139","139","SKU-00364","2","181.41","0.0017"
"10140","140","SKU-00381","1","181.60","0.0020"
"10141","141","SKU-00398","4","181.79","0.0023"
"10142","142","SKU-00415","3","181.98","0.0001"
"10143","143","SKU-00432","2","182.17","0.0004"
"10144","144","SKU-00449","1","182.36","0.0007"
"10145","145","SKU-00466","4","182.55","0.0010"
"10146","146","SKU-00483","3","182.74","0.0013"
"10147","147","SKU-00500","2","182.93","0.0016"
"10148","148","SKU-00517","1","183.12","0.0019"
"10149","149","SKU-00534","4","183.31","0.0022"
"10150","150","SKU-00551","3","183.50","0.0000"
"10151","151","SKU-00568","2","183.69","0.0003"
"10152","152","SKU-00585","1","183.88","0.0006"
"10153","153","SKU-00602","4","184.07","0.0009"
"10154","154","SKU-00619","3","184.26","0.0012"
"10155","155","SKU-00636","2","184.45","0.0015"
"10156","156","SKU-00653","1","184.64","0.0018"
"10157","157","SKU-00670","4","184.83","0.0021"
"10158","158","SKU-00687","3","185.02","0.0024"
"10159","159","SKU-00704","2","185.21","0.0002"
"10160","160","SKU-00721","1","185.40","0.0005"
"10161","161","SKU-00738","4","185.59","0.0008"
"10162","162","SKU-00755","3","185.78","0.0011"
"10163","163","SKU-00772","2","185.97","0.0014"
"10164","164","SKU-00789","1","186.16","0.0017"
"10165","165","SKU-00806","4","186.35","0.0020"
"10166","166","SKU-00823","3","186.54","0.0023"
"10167","167","SKU-00840","2","186.73","0.0001"
"10168","168","SKU-00857","1","186.92","0.0004"
"10169","169","SKU-00874","4","187.11","0.0007"
"10170","170","SKU-00891","3","187.30","0.0010"
"10171","171","SKU-00908","2","187.49","0.0013"
"10172","172","SKU-00925","1","187.68","0.0016"
"10173","173","SKU-00942","4","187.87","0.0019"
"10174","174","SKU-00959","3","188.06","0.0022"
"10175","175","SKU-00976","2","188.25","0.0000"
"10176","176","SKU-00993","1","188.44","0.0003"
"10177","177","SKU-00010","4","188.63","0.0006"
"10178","178","SKU-00027","3","188.82","0.0009"
"10179","179","SKU-00044","2","189.01","0.0012"
"10180","180","SKU-00061","1","189.20","0.0015"
"10181","181","SKU-00078","4","189.39","0.0018"
"10182","182","SKU-00095","3","189.58","0.0021"
"10183","183","SKU-00112","2","189.77","0.0024"
"10184","184","SKU-00129","1","189.96","0.0002"
"10185","185","SKU-00146","4","190.15","0.0005"
"10186","186","SKU-00163","3","190.34","0.0008"
"10187","187","SKU-00180","2","190.53","0.0011"
"10188","188","SKU-00197","1","190.72","0.0014"
"10189","189","SKU-00214","4","190.91","0.0017"
"10190","190","SKU-00231","3","191.10","0.0020"
"10191","191","SKU-00248","2","191.29","0.0023"
"10192","192","SKU-00265","1","191.48","0.0001"
"10193","193","SKU-00282","4","191.67","0.0004"
"10194","194","SKU-00299","3","191.86","0.0007"
"10195","195","SKU-00316","2","192.05","0.0010"
"10196","196","SKU-00333","1","192.24","0.0013"
"10197","197","SKU-00350","4","192.43","0.0016"
"10198","198","SKU-00367","3","192.62","0.0019"
"10199","199","SKU-00384","2","192.81","0.0022"
"10200","200","SKU-00401","1","193.00","0.0000"
"10201","201","SKU-00418","4","193.19","0.0003"
"10202","202","SKU-00435","3","193.38","0.0006"
"10203","203","SKU-00452","2","193.57","0.0009"
"10204","204","SKU-00469","1","193.76","0.0012"
"10205","205","SKU-00486","4","193.95","0.0015"
"10206","206","SKU-00503","3","194.14","0.0018"
"10207","207","SKU-00520","2","194.33","0.0021"
"10208","208","SKU-00537","1","194.52","0.0024"
"10209","209","SKU-00554","4","194.71","0.0002"
"10210","210","SKU-00571","3","194.90","0.0005"
"10211","211","SKU-00588","2","195.09","0.0008"
"10212","212","SKU-00605","1","195.28","0.0011"
"10213","213","SKU-00622","4","195.47","0.0014"
"10214","214","SKU-00639","3","195.66","0.0017"
"10215","215","SKU-00656","2","195.85","0.0020"
"10216","216","SKU-00673","1","196.04","0.0023"
"10217","217","SKU-00690","4","196.23","0.0001"
"10218","218","SKU-00707","3","196.42","0.0004"
"10219","219","SKU-00724","2","196.61","0.0007"
"10220","220","SKU-00741","1","196.80","0.0010"
"10221","221","SKU-00758","4","196.99","0.0013"
"10222","222","SKU-00775","3","197.18","0.0016"
"10223","223","SKU-00792","2","197.37","0.0019"
"10224","224","SKU-00809","1","197.56","0.0022"
"10225","225","SKU-00826","4","197.75","0.0000"
"10226","226","SKU-00843","3","197.94","0.0003"
"10227","227","SKU-00860","2","198.13","0.0006"
"10228","228","SKU-00877","1","198.32","0.0009"
"10229","229","SKU-00894","4","198.51","0.0012"
"10230","230","SKU-00911","3","198.70","0.0015"
"10231","231","SKU-00928","2","198.89","0.0018"
"10232","232","SKU-00945","1","199.08","0.0021"
"10233","233","SKU-00962","4","199.27","0.0024"
"10234","234","SKU-00979","3","199.46","0.0002"
"10235","235","SKU-00996","2","199.65","0.0005"
"10236","236","SKU-00013","1","199.84","0.0008"
"10237","237","SKU-00030","4","200.03","0.0011"
"10238","238","SKU-00047","3","200.22","0.0014"
"10239","239","SKU-00064","2","200.41","0.0017"
"10240","240","SKU-00081","1","200.60","0.0020"
"10241","241","SKU-00098","4","200.79","0.0023"
"10242","242","SKU-00115","3","200.98","0.0001"
"10243","243","SKU-00132","2","201.17","0.0004"
"10244","244","SKU-00149","1","201.36","0.0007"
"10245","245","SKU-00166","4","201.55","0.0010"
"10246","246","SKU-00183","3","201.74","0.0013"
"10247","247","SKU-00200","2","201.93","0.0016"
"10248","248","SKU-00217","1","202.12","0.0019"
"10249","249","SKU-00234","4","202.31","0.0022"
"10250","250","SKU-00251","3","202.50","0.0000"
"10251","251","SKU-00268","2","202.69","0.0003"
"10252","252","SKU-00285","1","202.88","0.0006"
"10253","253","SKU-00302","4","203.07","0.0009"
"10254","254","SKU-00319","3","203.26","0.0012"
"10255","255","SKU-00336","2","203.45","0.0015"
"10256","256","SKU-00353","1","203.64","0.0018"
"10257","257","SKU-00370","4","203.83","0.0021"
"10258","258","SKU-00387","3","204.02","0.0024"
"10259","259","SKU-00404","2","204.21","0.0002"
"10260","260","SKU-00421","1","204.40","0.0005"
"10261","261","SKU-00438","4","204.59","0.0008"
"10262","262","SKU-00455","3","204.78","0.0011"
"10263","263","SKU-00472","2","204.97","0.0014"
"10264","264","SKU-00489","1","205.16","0.0017"
"10265","265","SKU-00506","4","205.35","0.0020"
"10266","266","SKU-00523","3","205.54","0.0023"
"10267","267","SKU-00540","2","205.73","0.0001"
"10268","268","SKU-00557","1","205.92","0.0004"
"10269","269","SKU-00574","4","206.11","0.0007"
"10270","270","SKU-00591","3","206.30","0.0010"
"10271","271","SKU-00608","2","206.49","0.0013"
"10272","272","SKU-00625","1","206.68","0.0016"
"10273","273","SKU-00642","4","206.87","0.0019"
"10274","274","SKU-00659","3","207.06","0.0022"
"10275","275","SKU-00676","2","207.25","0.0000"
"10276","276","SKU-00693","1","207.44","0.0003"
"10277","277","SKU-00710","4","207.63","0.0006"
"10278","278","SKU-00727","3","207.82","0.0009"
"10279","279","SKU-00744","2","208.01","0.0012"
"10280","280","SKU-00761","1","208.20","0.0015"
"10281","281","SKU-00778","4","208.39","0.0018"
"10282","282","SKU-00795","3","208.58","0.0021"
"10283","283","SKU-00812","2","208.77","0.0024"
"10284","284","SKU-00829","1","208.96","0.0002"
"10285","285","SKU-00846","4","209.15","0.0005"
"10286","286","SKU-00863","3","209.34","0.0008"
"10287","287","SKU-00880","2","209.53","0.0011"
"10288","288","SKU-00897","1","209.72","0.0014"
"10289","289","SKU-00914","4","209.91","0.0017"
"10290","290","SKU-00931","3","210.10","0.0020"
"10291","291","SKU-00948","2","210.29","0.0023"
"10292","292","SKU-00965","1","210.48","0.0001"
"10293","293","SKU-00982","4","210.67","0.0004"
"10294","294","SKU-00999","3","210.86","0.0007"
"10295","295","SKU-00016","2","211.05","0.0010"
"10296","296","SKU-00033","1","211.24","0.0013"
"10297","297","SKU-00050","4","211.43","0.0016"
"10298","298","SKU-00067","3","211.62","0.0019"
"10299","299","SKU-00084","2","211.81","0.0022"
"10300","300","SKU-00101","1","212.00","0.0000"
"10301","301","SKU-00118","4","212.19","0.0003"
"10302","302","SKU-00135","3","212.38","0.0006"
"10303","303","SKU-00152","2","212.57","0.0009"
"10304","304","SKU-00169","1","212.76","0.0012"
"10305","305","SKU-00186","4","212.95","0.0015"
"10306","306","SKU-00203","3","213.14","0.0018"
"10307","307","SKU-00220","2","213.33","0.0021"
"10308","308","SKU-00237","1","213.52","0.0024"
"10309","309","SKU-00254","4","213.71","0.0002"
"10310","310","SKU-00271","3","213.90","0.0005"
"10311","311","SKU-00288","2","214.09","0.0008"
"10312","312","SKU-00305","1","214.28","0.0011"
"10313","313","SKU-00322","4","214.47","0.0014"
"10314","314","SKU-00339","3","214.66","0.0017"
"10315","315","SKU-00356","2","214.85","0.0020"
"10316","316","SKU-00373","1","215.04","0.0023"
"10317","317","SKU-00390","4","215.23","0.0001"
"10318","318","SKU-00407","3","215.42","0.0004"
"10319","319","SKU-00424","2","215.61","0.0007"
"10320","320","SKU-00441","1","215.80","0.0010"
"10321","321","SKU-00458","4","215.99","0.0013"
"10322","322","SKU-00475","3","216.18","0.0016"
"10323","323","SKU-00492","2","216.37","0.0019"
"10324","324","SKU-00509","1","216.56","0.0022"
"10325","325","SKU-00526","4","216.75","0.0000"
"10326","326","SKU-00543","3","216.94","0.0003"
"10327","327","SKU-00560","2","217.13","0.0006"
"10328","328","SKU-00577","1","217.32","0.0009"
"10329","329","SKU-00594","4","217.51","0.0012"
"10330","330","SKU-00611","3","217.70","0.0015"
"10331","331","SKU-00628","2","217.89","0.0018"
"10332","332","SKU-00645","1","218.08","0.0021"
"10333","333","SKU-00662","4","218.27","0.0024"
"10334","334","SKU-00679","3","218.46","0.0002"
"10335","335","SKU-00696","2","218.65","0.0005"
"10336","336","SKU-00713","1","218.84","0.0008"
"10337","337","SKU-00730","4","219.03","0.0011"
"10338","338","SKU-00747","3","219.22","0.0014"
"10339","339","SKU-00764","2","219.41","0.0017"
"10340","340","SKU-00781","1","219.60","0.0020"
"10341","341","SKU-00798","4","219.79","0.0023"
"10342","342","SKU-00815","3","219.98","0.0001"
"10343","343","SKU-00832","2","220.17","0.0004"
"10344","344","SKU-00849","1","220.36","0.0007"
"10345","345","SKU-00866","4","220.55","0.0010"
"10346","346","SKU-00883","3","220.74","0.0013"
"10347","347","SKU-00900","2","220.93","0.0016"
"10348","348","SKU-00917","1","221.12","0.0019"
"10349","349","SKU-00934","4","221.31","0.0022"
"10350","350","SKU-00951","3","221.50","0.0000"
"10351","351","SKU-00968","2","221.69","0.0003"
"10352","352","SKU-00985","1","221.88","0.0006"
"10353","353","SKU-00002","4","222.07","0.0009"
"10354","354","SKU-00019","3","222.26","0.0012"
"10355","355","SKU-00036","2","222.45","0.0015"
"10356","356","SKU-00053","1","222.64","0.0018"
"10357","357","SKU-00070","4","222.83","0.0021"
"10358","358","SKU-00087","3","223.02","0.0024"
"10359","359","SKU-00104","2","223.21","0.0002"
"10360","360","SKU-00121","1","223.40","0.0005"
"10361","361","SKU-00138","4","223.59","0.0008"
"10362","362","SKU-00155","3","223.78","0.0011"
"10363","363","SKU-00172","2","223.97","0.0014"
"10364","364","SKU-00189","1","224.16","0.0017"
"10365","365","SKU-00206","4","224.35","0.0020"
"10366","366","SKU-00223","3","224.54","0.0023"
"10367","367","SKU-00240","2","224.73","0.0001"
"10368","368","SKU-00257","1","224.92","0.0004"
"10369","369","SKU-00274","4","225.11","0.0007"
"10370","370","SKU-00291","3","225.30","0.0010"
"10371","371","SKU-00308","2","225.49","0.0013"
"10372","372","SKU-00325","1","225.68","0.0016"
"10373","373","SKU-00342","4","225.87","0.0019"
"10374","374","SKU-00359","3","226.06","0.0022"
"10375","375","SKU-00376","2","226.25","0.0000"
"10376","376","SKU-00393","1","226.44","0.0003"
"10377","377","SKU-00410","4","226.63","0.0006"
"10378","378","SKU-00427","3","226.82","0.0009"
"10379","379","SKU-00444","2","227.01","0.0012"
"10380","380","SKU-00461","1","227.20","0.0015"
"10381","381","SKU-00478","4","227.39","0.0018"
"10382","382","SKU-00495","3","227.58","0.0021"
"10383","383","SKU-00512","2","227.77","0.0024"
"10384","384","SKU-00529","1","227.96","0.0002"
"10385","385","SKU-00546","4","228.15","0.0005"
"10386","386","SKU-00563","3","228.34","0.0008"
"10387","387","SKU-00580","2","228.53","0.0011"
"10388","388","SKU-00597","1","228.72","0.0014"
"10389","389","SKU-00614","4","228.91","0.0017"
"10390","390","SKU-00631","3","229.10","0.0020"
"10391","391","SKU-00648","2","229.29","0.0023"
"10392","392","SKU-00665","1","229.48","0.0001"
"10393","393","SKU-00682","4","229.67","0.0004"
"10394","394","SKU-00699","3","229.86","0.0007"
"10395","395","SKU-00716","2","230.05","0.0010"
"10396","396","SKU-00733","1","230.24","0.0013"
"10397","397","SKU-00750","4","230.43","0.0016"
"10398","398","SKU-00767","3","230.62","0.0019"
"10399","399","SKU-00784","2","230.81","0.0022"
"10400","400","SKU-00801","1","231.00","0.0000"
"10401","401","SKU-00818","4","231.19","0.0003"
"10402","402","SKU-00835","3","231.38","0.0006"
"10403","403","SKU-00852","2","231.57","0.0009"
"10404","404","SKU-00869","1","231.76","0.0012"
"10405","405","SKU-00886","4","231.95","0.0015"
"10406","406","SKU-00903","3","232.14","0.0018"
"10407","407","SKU-00920","2","232.33","0.0021"
"10408","408","SKU-00937","1","232.52","0.0024"
"10409","409","SKU-00954","4","232.71","0.0002"
"10410","410","SKU-00971","3","232.90","0.0005"
"10411","411","SKU-00988","2","233.09","0.0008"
"10412","412","SKU-00005","1","233.28","0.0011"
"10413","413","SKU-00022","4","233.47","0.0014"
"10414","414","SKU-00039","3","233.66","0.0017"
"10415","415","SKU-00056","2","233.85","0.0020"
"10416","416","SKU-00073","1","234.04","0.0023"
"10417","417","SKU-00090","4","234.23","0.0001"
"10418","418","SKU-00107","3","234.42","0.0004"
"10419","419","SKU-00124","2","234.61","0.0007"
"10420","420","SKU-00141","1","234.80","0.0010"
"10421","421","SKU-00158","4","234.99","0.0013"
"10422","422","SKU-00175","3","235.18","0.0016"
"10423","423","SKU-00192","2","235.37","0.0019"
"10424","424","SKU-00209","1","235.56","0.0022"
"10425","425","SKU-00226","4","235.75","0.0000"
"10426","426","SKU-00243","3","235.94","0.0003"
"10427","427","SKU-00260","2","236.13","0.0006"
"10428","428","SKU-00277","1","236.32","0.0009"
"10429","429","SKU-00294","4","236.51","0.0012"
"10430","430","SKU-00311","3","236.70","0.0015"
"10431","431","SKU-00328","2","236.89","0.0018"
"10432","432","SKU-00345","1","237.08","0.0021"
"10433","433","SKU-00362","4","237.27","0.0024"
"10434","434","SKU-00379","3","237.46","0.0002"
"10435","435","SKU-00396","2","237.65","0.0005"
"10436","436","SKU-00413","1","237.84","0.0008"
"10437","437","SKU-00430","4","238.03","0.0011"
"10438","438","SKU-00447","3","238.22","0.0014"
"10439","439","SKU-00464","2","238.41","0.0017"
"10440","440","SKU-00481","1","238.60","0.0020"
"10441","441","SKU-00498","4","238.79","0.0023"
"10442","442","SKU-00515","3","238.98","0.0001"
"10443","443","SKU-00532","2","239.17","0.0004"
"10444","444","SKU-00549","1","239.36","0.0007"
"10445","445","SKU-00566","4","239.55","0.0010"
"10446","446","SKU-00583","3","239.74","0.0013"
"10447","447","SKU-00600","2","239.93","0.0016"
"10448","448","SKU-00617","1","240.12","0.0019"
"10449","449","SKU-00634","4","240.31","0.0022"
"10450","450","SKU-00651","3","240.50","0.0000"
"10451","451","SKU-00668","2","240.69","0.0003"
"10452","452","SKU-00685","1","240.88","0.0006"
"10453","453","SKU-00702","4","241.07","0.0009"
"10454","454","SKU-00719","3","241.26","0.0012"
"10455","455","SKU-00736","2","241.45","0.0015"
"10456","456","SKU-00753","1","241.64","0.0018"
"10457","457","SKU-00770","4","241.83","0.0021"
"10458","458","SKU-00787","3","242.02","0.0024"
"10459","459","SKU-00804","2","242.21","0.0002"
"10460","460","SKU-00821","1","242.40","0.0005"
"10461","461","SKU-00838","4","242.59","0.0008"
"10462","462","SKU-00855","3","242.78","0.0011"
"10463","463","SKU-00872","2","242.97","0.0014"
"10464","464","SKU-00889","1","243.16","0.0017"
"10465","465","SKU-00906","4","243.35","0.0020"
"10466","466","SKU-00923","3","243.54","0.0023"
"10467","467","SKU-00940","2","243.73","0.0001"
"10468","468","SKU-00957","1","243.92","0.0004"
"10469","469","SKU-00974","4","244.11","0.0007"
"10470","470","SKU-00991","3","244.30","0.0010"
"10471","471","SKU-00008","2","244.49","0.0013"
"10472","472","SKU-00025","1","244.68","0.0016"
"10473","473","SKU-00042","4","244.87","0.0019"
"10474","474","SKU-00059","3","245.06","0.0022"
"10475","475","SKU-00076","2","245.25","0.0000"
"10476","476","SKU-00093","1","245.44","0.0003"
"10477","477","SKU-00110","4","245.63","0.0006"
"10478","478","SKU-00127","3","245.82","0.0009"
"10479","479","SKU-00144","2","246.01","0.0012"
"10480","480","SKU-00161","1","246.20","0.0015"
"10481","481","SKU-00178","4","246.39","0.0018"
"10482","482","SKU-00195","3","246.58","0.0021"
"10483","483","SKU-00212","2","246.77","0.0024"
"10484","484","SKU-00229","1","246.96","0.0002"
"10485","485","SKU-00246","4","247.15","0.0005"
"10486","486","SKU-00263","3","247.34","0.0008"
"10487","487","SKU-00280","2","247.53","0.0011"
"10488","488","SKU-00297","1","247.72","0.0014"
"10489","489","SKU-00314","4","247.91","0.0017"
"10490","490","SKU-00331","3","248.10","0.0020"
"10491","491","SKU-00348","2","248.29","0.0023"
"10492","492","SKU-00365","1","248.48","0.0001"
"10493","493","SKU-00382","4","248.67","0.0004"
"10494","494","SKU-00399","3","248.86","0.0007"
"10495","495","SKU-00416","2","249.05","0.0010"
"10496","496","SKU-00433","1","249.24","0.0013"
"10497","497","SKU-00450","4","249.43","0.0016"
"10498","498","SKU-00467","3","249.62","0.0019"
"10499","499","SKU-00484","2","249.81","0.0022"
"10500","500","SKU-00501","1","250.00","0.0000"
"10501","501","SKU-00518","4","250.19","0.0003"
"10502","502","SKU-00535","3","250.38","0.0006"
"10503","503","SKU-00552","2","250.57","0.0009"
"10504","504","SKU-00569","1","250.76","0.0012"
"10505","505","SKU-00586","4","250.95","0.0015"
"10506","506","SKU-00603","3","251.14","0.0018"
"10507","507","SKU-00620","2","251.33","0.0021"
"10508","508","SKU-00637","1","251.52","0.0024"
"10509","509","SKU-00654","4","251.71","0.0002"
"10510","510","SKU-00671","3","251.90","0.0005"
"10511","511","SKU-00688","2","252.09","0.0008"
"10512","512","SKU-00705","1","252.28","0.0011"
"10513","513","SKU-00722","4","252.47","0.0014"
"10514","514","SKU-00739","3","252.66","0.0017"
"10515","515","SKU-00756","2","252.85","0.0020"
"10516","516","SKU-00773","1","253.04","0.0023"
"10517","517","SKU-00790","4","253.23","0.0001"
"10518","518","SKU-00807","3","253.42","0.0004"
"10519","519","SKU-00824","2","253.61","0.0007"
"10520","520","SKU-00841","1","253.80","0.0010"
"10521","521","SKU-00858","4","253.99","0.0013"
"10522","522","SKU-00875","3","254.18","0.0016"
"10523","523","SKU-00892","2","254.37","0.0019"
"10524","524","SKU-00909","1","254.56","0.0022"
"10525","525","SKU-00926","4","254.75","0.0000"
"10526","526","SKU-00943","3","254.94","0.0003"
"10527","527","SKU-00960","2","5.13","0.0006"
"10528","528","SKU-00977","1","5.32","0.0009"
"10529","529","SKU-00994","4","5.51","0.0012"
"10530","530","SKU-00011","3","5.70","0.0015"
"10531","531","SKU-00028","2","5.89","0.0018"
"10532","532","SKU-00045","1","6.08","0.0021"
"10533","533","SKU-00062","4","6.27","0.0024"
"10534","534","SKU-00079","3","6.46","0.0002"
"10535","535","SKU-00096","2","6.65","0.0005"
"10536","536","SKU-00113","1","6.84","0.0008"
"10537","537","SKU-00130","4","7.03","0.0011"
"10538","538","SKU-00147","3","7.22","0.0014"
"10539","539","SKU-00164","2","7.41","0.0017"
"10540","540","SKU-00181","1","7.60","0.0020"
"10541","541","SKU-00198","4","7.79","0.0023"
"10542","542","SKU-00215","3","7.98","0.0001"
"10543","543","SKU-00232","2","8.17","0.0004"
"10544","544","SKU-00249","1","8.36","0.0007"
"10545","545","SKU-00266","4","8.55","0.0010"
"10546","546","SKU-00283","3","8.74","0.0013"
"10547","547","SKU-00300","2","8.93","0.0016"
"10548","548","SKU-00317","1","9.12","0.0019"
"10549","549","SKU-00334","4","9.31","0.0022"
"10550","550","SKU-00351","3","9.50","0.0000"
"10551","551","SKU-00368","2","9.69","0.0003"
"10552","552","SKU-00385","1","9.88","0.0006"
"10553","553","SKU-00402","4","10.07","0.0009"
"10554","554","SKU-00419","3","10.26","0.0012"
"10555","555","SKU-00436","2","10.45","0.0015"
"10556","556","SKU-00453","1","10.64","0.0018"
"10557","557","SKU-00470","4","10.83","0.0021"
"10558","558","SKU-00487","3","11.02","0.0024"
"10559","559","SKU-00504","2","11.21","0.0002"
"10560","560","SKU-00521","1","11.40","0.0005"
"10561","561","SKU-00538","4","11.59","0.0008"
"10562","562","SKU-00555","3","11.78","0.0011"
"10563","563","SKU-00572","2","11.97","0.0014"
"10564","564","SKU-00589","1","12.16","0.0017"
"10565","565","SKU-00606","4","12.35","0.0020"
"10566","566","SKU-00623","3","12.54","0.0023"
"10567","567","SKU-00640","2","12.73","0.0001"
"10568","568","SKU-00657","1","12.92","0.0004"
"10569","569","SKU-00674","4","13.11","0.0007"
"10570","570","SKU-00691","3","13.30","0.0010"
"10571","571","SKU-00708","2","13.49","0.0013"
"10572","572","SKU-00725","1","13.68","0.0016"
"10573","573","SKU-00742","4","13.87","0.0019"
"10574","574","SKU-00759","3","14.06","0.0022"
"10575","575","SKU-00776","2","14.25","0.0000"
"10576","576","SKU-00793","1","14.44","0.0003"
"10577","577","SKU-00810","4","14.63","0.0006"
"10578","578","SKU-00827","3","14.82","0.0009"
"10579","579","SKU-00844","2","15.01","0.0012"
"10580","580","SKU-00861","1","15.20","0.0015"
"10581","581","SKU-00878","4","15.39","0.0018"
"10582","582","SKU-00895","3","15.58","0.0021"
"10583","583","SKU-00912","2","15.77","0.0024"
"10584","584","SKU-00929","1","15.96","0.0002"
"10585","585","SKU-00946","4","16.15","0.0005"
"10586","586","SKU-00963","3","16.34","0.0008"
"10587","587","SKU-00980","2","16.53","0.0011"
"10588","588","SKU-00997","1","16.72","0.0014"
"10589","589","SKU-00014","4","16.91","0.0017"
"10590","590","SKU-00031","3","17.10","0.0020"
"10591","591","SKU-00048","2","17.29","0.0023"
"10592","592","SKU-00065","1","17.48","0.0001"
"10593","593","SKU-00082","4","17.67","0.0004"
"10594","594","SKU-00099","3","17.86","0.0007"
"10595","595","SKU-00116","2","18.05","0.0010"
"10596","596","SKU-00133","1","18.24","0.0013"
"10597","597","SKU-00150","4","18.43","0.0016"
"10598","598","SKU-00167","3","18.62","0.0019"
"10599","599","SKU-00184","2","18.81","0.0022"
"10600","600","SKU-00201","1","19.00","0.0000"
"10601","601","SKU-00218","4","19.19","0.0003"
"10602","602","SKU-00235","3","19.38","0.0006"
"10603","603","SKU-00252","2","19.57","0.0009"
"10604","604","SKU-00269","1","19.76","0.0012"
"10605","605","SKU-00286","4","19.95","0.0015"
"10606","606","SKU-00303","3","20.14","0.0018"
"10607","607","SKU-00320","2","20.33","0.0021"
"10608","608","SKU-00337","1","20.52","0.0024"
"10609","609","SKU-00354","4","20.71","0.0002"
"10610","610","SKU-00371","3","20.90","0.0005"
"10611","611","SKU-00388","2","21.09","0.0008"
"10612","612","SKU-00405","1","21.28","0.0011"
"10613","613","SKU-00422","4","21.47","0.0014"
"10614","614","SKU-00439","3","21.66","0.0017"
"10615","615","SKU-00456","2","21.85","0.0020"
"10616","616","SKU-00473","1","22.04","0.0023"
"10617","617","SKU-00490","4","22.23","0.0001"
"10618","618","SKU-00507","3","22.42","0.0004"
"10619","619","SKU-00524","2","22.61","0.0007"
"10620","620","SKU-00541","1","22.80","0.0010"
"10621","621","SKU-00558","4","22.99","0.0013"
"10622","622","SKU-00575","3","23.18","0.0016"
"10623","623","SKU-00592","2","23.37","0.0019"
"10624","624","SKU-00609","1","23.56","0.0022"
"10625","625","SKU-00626","4","23.75","0.0000"
"10626","626","SKU-00643","3","23.94","0.0003"
"10627","627","SKU-00660","2","24.13","0.0006"
"10628","628","SKU-00677","1","24.32","0.0009"
"10629","629","SKU-00694","4","24.51","0.0012"
"10630","630","SKU-00711","3","24.70","0.0015"
"10631","631","SKU-00728","2","24.89","0.0018"
"10632","632","SKU-00745","1","25.08","0.0021"
"10633","633","SKU-00762","4","25.27","0.0024"
"10634","634","SKU-00779","3","25.46","0.0002"
"10635","635","SKU-00796","2","25.65","0.0005"
"10636","636","SKU-00813","1","25.84","0.0008"
"10637","637","SKU-00830","4","26.03","0.0011"
"10638","638","SKU-00847","3","26.22","0.0014"
"10639","639","SKU-00864","2","26.41","0.0017"
"10640","640","SKU-00881","1","26.60","0.0020"
"10641","641","SKU-00898","4","26.79","0.0023"
"10642","642","SKU-00915","3","26.98","0.0001"
"10643","643","SKU-00932","2","27.17","0.0004"
"10644","644","SKU-00949","1","27.36","0.0007"
"10645","645","SKU-00966","4","27.55","0.0010"
"10646","646","SKU-00983","3","27.74","0.0013"
"10647","647","SKU-01000","2","27.93","0.0016"
"10648","648","SKU-00017","1","28.12","0.0019"
"10649","649","SKU-00034","4","28.31","0.0022"
"10650","650","SKU-00051","3","28.50","0.0000"
"10651","651","SKU-00068","2","28.69","0.0003"
"10652","652","SKU-00085","1","28.88","0.0006"
"10653","653","SKU-00102","4","29.07","0.0009"
"10654","654","SKU-00119","3","29.26","0.0012"
"10655","655","SKU-00136","2","29.45","0.0015"
"10656","656","SKU-00153","1","29.64","0.0018"
"10657","657","SKU-00170","4","29.83","0.0021"
"10658","658","SKU-00187","3","30.02","0.0024"
"10659","659","SKU-00204","2","30.21","0.0002"
"10660","660","SKU-00221","1","30.40","0.0005"
"10661","661","SKU-00238","4","30.59","0.0008"
"10662","662","SKU-00255","3","30.78","0.0011"
"10663","663","SKU-00272","2","30.97","0.0014"
"10664","664","SKU-00289","1","31.16","0.0017"
"10665","665","SKU-00306","4","31.35","0.0020"
"10666","666","SKU-00323","3","31.54","0.0023"
"10667","667","SKU-00340","2","31.73","0.0001"
"10668","668","SKU-00357","1","31.92","0.0004"
"10669","669","SKU-00374","4","32.11","0.0007"
"10670","670","SKU-00391","3","32.30","0.0010"
"10671","671","SKU-00408","2","32.49","0.0013"
"10672","672","SKU-00425","1","32.68","0.0016"
"10673","673","SKU-00442","4","32.87","0.0019"
"10674","674","SKU-00459","3","33.06","0.0022"
"10675","675","SKU-00476","2","33.25","0.0000"
"10676","676","SKU-00493","1","33.44","0.0003"
"10677","677","SKU-00510","4","33.63","0.0006"
"10678","678","SKU-00527","3","33.82","0.0009"
"10679","679","SKU-00544","2","34.01","0.0012"
"10680","680","SKU-00561","1","34.20","0.0015"
"10681","681","SKU-00578","4","34.39","0.0018"
"10682","682","SKU-00595","3","34.58","0.0021"
"10683","683","SKU-00612","2","34.77","0.0024"
"10684","684","SKU-00629","1","34.96","0.0002"
"10685","685","SKU-00646","4","35.15","0.0005"
"10686","686","SKU-00663","3","35.34","0.0008"
"10687","687","SKU-00680","2","35.53","0.0011"
"10688","688","SKU-00697","1","35.72","0.0014"
"10689","689","SKU-00714","4","35.91","0.0017"
"10690","690","SKU-00731","3","36.10","0.0020"
"10691","691","SKU-00748","2","36.29","0.0023"
"10692","692","SKU-00765","1","36.48","0.0001"
"10693","693","SKU-00782","4","36.67","0.0004"
"10694","694","SKU-00799","3","36.86","0.0007"
"10695","695","SKU-00816","2","37.05","0.0010"
"10696","696","SKU-00833","1","37.24","0.0013"
"10697","697","SKU-00850","4","37.43","0.0016"
"10698","698","SKU-00867","3","37.62","0.0019"
"10699","699","SKU-00884","2","37.81","0.0022"
"10700","700","SKU-00901","1","38.00","0.0000"
"10701","701","SKU-00918","4","38.19","0.0003"
"10702","702","SKU-00935","3","38.38","0.0006"
"10703","703","SKU-00952","2","38.57","0.0009"
"10704","704","SKU-00969","1","38.76","0.0012"
"10705","705","SKU-00986","4","38.95","0.0015"
"10706","706","SKU-00003","3","39.14","0.0018"
"10707","707","SKU-00020","2","39.33","0.0021"
"10708","708","SKU-00037","1","39.52","0.0024"
"10709","709","SKU-00054","4","39.71","0.0002"
"10710","710","SKU-00071","3","39.90","0.0005"
"10711","711","SKU-00088","2","40.09","0.0008"
"10712","712","SKU-00105","1","40.28","0.0011"
"10713","713","SKU-00122","4","40.47","0.0014"
"10714","714","SKU-00139","3","40.66","0.0017"
"10715","715","SKU-00156","2","40.85","0.0020"
"10716","716","SKU-00173","1","41.04","0.0023"
"10717","717","SKU-00190","4","41.23","0.0001"
"10718","718","SKU-00207","3","41.42","0.0004"
"10719","719","SKU-00224","2","41.61","0.0007"
"10720","720","SKU-00241","1","41.80","0.0010"
"10721","721","SKU-00258","4","41.99","0.0013"
"10722","722","SKU-00275","3","42.18","0.0016"
"10723","723","SKU-00292","2","42.37","0.0019"
"10724","724","SKU-00309","1","42.56","0.0022"
"10725","725","SKU-00326","4","42.75","0.0000"
"10726","726","SKU-00343","3","42.94","0.0003"
"10727","727","SKU-00360","2","43.13","0.0006"
"10728","728","SKU-00377","1","43.32","0.0009"
"10729","729","SKU-00394","4","43.51","0.0012"
"10730","730","SKU-00411","3","43.70","0.0015"
"10731","731","SKU-00428","2","43.89","0.0018"
"10732","732","SKU-00445","1","44.08","0.0021"
"10733","733","SKU-00462","4","44.27","0.0024"
"10734","734","SKU-00479","3","44.46","0.0002"
"10735","735","SKU-00496","2","44.65","0.0005"
"10736","736","SKU-00513","1","44.84","0.0008"
"10737","737","SKU-00530","4","45.03","0.0011"
"10738","738","SKU-00547","3","45.22","0.0014"
"10739","739","SKU-00564","2","45.41","0.0017"
"10740","740","SKU-00581","1","45.60","0.0020"
"10741","741","SKU-00598","4","45.79","0.0023"
"10742","742","SKU-00615","3","45.98","0.0001"
"10743","743","SKU-00632","2","46.17","0.0004"
"10744","744","SKU-00649","1","46.36","0.0007"
"10745","745","SKU-00666","4","46.55","0.0010"
"10746","746","SKU-00683","3","46.74","0.0013"
"10747","747","SKU-00700","2","46.93","0.0016"
"10748","748","SKU-00717","1","47.12","0.0019"
"10749","749","SKU-00734","4","47.31","0.0022"
"10750","750","SKU-00751","3","47.50","0.0000"
"10751","751","SKU-00768","2","47.69","0.0003"
"10752","752","SKU-00785","1","47.88","0.0006"
"10753","753","SKU-00802","4","48.07","0.0009"
"10754","754","SKU-00819","3","48.26","0.0012"
"10755","755","SKU-00836","2","48.45","0.0015"
"10756","756","SKU-00853","1","48.64","0.0018"
"10757","757","SKU-00870","4","48.83","0.0021"
"10758","758","SKU-00887","3","49.02","0.0024"
"10759","759","SKU-00904","2","49.21","0.0002"
"10760","760","SKU-00921","1","49.40","0.0005"
"10761","761","SKU-00938","4","49.59","0.0008"
"10762","762","SKU-00955","3","49.78","0.0011"
"10763","763","SKU-00972","2","49.97","0.0014"
"10764","764","SKU-00989","1","50.16","0.0017"
"10765","765","SKU-00006","4","50.35","0.0020"
"10766","766","SKU-00023","3","50.54","0.0023"
"10767","767","SKU-00040","2","50.73","0.0001"
"10768","768","SKU-00057","1","50.92","0.0004"
"10769","769","SKU-00074","4","51.11","0.0007"
"10770","770","SKU-00091","3","51.30","0.0010"
"10771","771","SKU-00108","2","51.49","0.0013"
"10772","772","SKU-00125","1","51.68","0.0016"
"10773","773","SKU-00142","4","51.87","0.0019"
"10774","774","SKU-00159","3","52.06","0.0022"
"10775","775","SKU-00176","2","52.25","0.0000"
"10776","776","SKU-00193","1","52.44","0.0003"
"10777","777","SKU-00210","4","52.63","0.0006"
"10778","778","SKU-00227","3","52.82","0.0009"
"10779","779","SKU-00244","2","53.01","0.0012"
"10780","780","SKU-00261","1","53.20","0.0015"
"10781","781","SKU-00278","4","53.39","0.0018"
"10782","782","SKU-00295","3","53.58","0.0021"
"10783","783","SKU-00312","2","53.77","0.0024"
"10784","784","SKU-00329","1","53.96","0.0002"
"10785","785","SKU-00346","4","54.15","0.0005"
"10786","786","SKU-00363","3","54.34","0.0008"
"10787","787","SKU-00380","2","54.53","0.0011"
"10788","788","SKU-00397","1","54.72","0.0014"
"10789","789","SKU-00414","4","54.91","0.0017"
"10790","790","SKU-00431","3","55.10","0.0020"
"10791","791","SKU-00448","2","55.29","0.0023"
"10792","792","SKU-00465","1","55.48","0.0001"
"10793","793","SKU-00482","4","55.67","0.0004"
"10794","794","SKU-00499","3","55.86","0.0007"
"10795","795","SKU-00516","2","56.05","0.0010"
"10796","796","SKU-00533","1","56.24","0.0013"
"10797","797","SKU-00550","4","56.43","0.0016"
"10798","798","SKU-00567","3","56.62","0.0019"
"10799","799","SKU-00584","2","56.81","0.0022"
"10800","800","SKU-00601","1","57.00","0.0000"
"10801","801","SKU-00618","4","57.19","0.0003"
"10802","802","SKU-00635","3","57.38","0.0006"
"10803","803","SKU-00652","2","57.57","0.0009"
"10804","804","SKU-00669","1","57.76","0.0012"
"10805","805","SKU-00686","4","57.95","0.0015"
"10806","806","SKU-00703","3","58.14","0.0018"
"10807","807","SKU-00720","2","58.33","0.0021"
"10808","808","SKU-00737","1","58.52","0.0024"
"10809","809","SKU-00754","4","58.71","0.0002"
"10810","810","SKU-00771","3","58.90","0.0005"
"10811","811","SKU-00788","2","59.09","0.0008"
"10812","812","SKU-00805","1","59.28","0.0011"
"10813","813","SKU-00822","4","59.47","0.0014"
"10814","814","SKU-00839","3","59.66","0.0017"
"10815","815","SKU-00856","2","59.85","0.0020"
"10816","816","SKU-00873","1","60.04","0.0023"
"10817","817","SKU-00890","4","60.23","0.0001"
"10818","818","SKU-00907","3","60.42","0.0004"
"10819","819","SKU-00924","2","60.61","0.0007"
"10820","820","SKU-00941","1","60.80","0.0010"
"10821","821","SKU-00958","4","60.99","0.0013"
"10822","822","SKU-00975","3","61.18","0.0016"
"10823","823","SKU-00992","2","61.37","0.0019"
"10824","824","SKU-00009","1","61.56","0.0022"
"10825","825","SKU-00026","4","61.75","0.0000"
"10826","826","SKU-00043","3","61.94","0.0003"
"10827","827","SKU-00060","2","62.13","0.0006"
"10828","828","SKU-00077","1","62.32","0.0009"
"10829","829","SKU-00094","4","62.51","0.0012"
"10830","830","SKU-00111","3","62.70","0.0015"
"10831","831","SKU-00128","2","62.89","0.0018"
"10832","832","SKU-00145","1","63.08","0.0021"
"10833","833","SKU-00162","4","63.27","0.0024"
"10834","834","SKU-00179","3","63.46","0.0002"
"10835","835","SKU-00196","2","63.65","0.0005"
"10836","836","SKU-00213","1","63.84","0.0008"
"10837","837","SKU-00230","4","64.03","0.0011"
"10838","838","SKU-00247","3","64.22","0.0014"
"10839","839","SKU-00264","2","64.41","0.0017"
"10840","840","SKU-00281","1","64.60","0.0020"
"10841","841","SKU-00298","4","64.79","0.0023"
"10842","842","SKU-00315","3","64.98","0.0001"
"10843","843","SKU-00332","2","65.17","0.0004"
"10844","844","SKU-00349","1","65.36","0.0007"
"10845","845","SKU-00366","4","65.55","0.0010"
"10846","846","SKU-00383","3","65.74","0.0013"
"10847","847","SKU-00400","2","65.93","0.0016"
"10848","848","SKU-00417","1","66.12","0.0019"
"10849","849","SKU-00434","4","66.31","0.0022"
"10850","850","SKU-00451","3","66.50","0.0000"
"10851","851","SKU-00468","2","66.69","0.0003"
"10852","852","SKU-00485","1","66.88","0.0006"
"10853","853","SKU-00502","4","67.07","0.0009"
"10854","854","SKU-00519","3","67.26","0.0012"
"10855","855","SKU-00536","2","67.45","0.0015"
"10856","856","SKU-00553","1","67.64","0.0018"
"10857","857","SKU-00570","4","67.83","0.0021"
"10858","858","SKU-00587","3","68.02","0.0024"
"10859","859","SKU-00604","2","68.21","0.0002"
"10860","860","SKU-00621","1","68.40","0.0005"
"10861","861","SKU-00638","4","68.59","0.0008"
"10862","862","SKU-00655","3","68.78","0.0011"
"10863","863","SKU-00672","2","68.97","0.0014"
"10864","864","SKU-00689","1","69.16","0.0017"
"10865","865","SKU-00706","4","69.35","0.0020"
"10866","866","SKU-00723","3","69.54","0.0023"
"10867","867","SKU-00740","2","69.73","0.0001"
"10868","868","SKU-00757","1","69.92","0.0004"
"10869","869","SKU-00774","4","70.11","0.0007"
"10870","870","SKU-00791","3","70.30","0.0010"
"10871","871","SKU-00808","2","70.49","0.0013"
"10872","872","SKU-00825","1","70.68","0.0016"
"10873","873","SKU-00842","4","70.87","0.0019"
"10874","874","SKU-00859","3","71.06","0.0022"
"10875","875","SKU-00876","2","71.25","0.0000"
"10876","876","SKU-00893","1","71.44","0.0003"
"10877","877","SKU-00910","4","71.63","0.0006"
"10878","878","SKU-00927","3","71.82","0.0009"
"10879","879","SKU-00944","2","72.01","0.0012"
"10880","880","SKU-00961","1","72.20","0.0015"
"10881","881","SKU-00978","4","72.39","0.0018"
"10882","882","SKU-00995","3","72.58","0.0021"
"10883","883","SKU-00012","2","72.77","0.0024"
"10884","884","SKU-00029","1","72.96","0.0002"
"10885","885","SKU-00046","4","73.15","0.0005"
"10886","886","SKU-00063","3","73.34","0.0008"
"10887","887","SKU-00080","2","73.53","0.0011"
"10888","888","SKU-00097","1","73.72","0.0014"
"10889","889","SKU-00114","4","73.91","0.0017"
"10890","890","SKU-00131","3","74.10","0.0020"
"10891","891","SKU-00148","2","74.29","0.0023"
"10892","892","SKU-00165","1","74.48","0.0001"
"10893","893","SKU-00182","4","74.67","0.0004"
"10894","894","SKU-00199","3","74.86","0.0007"
"10895","895","SKU-00216","2","75.05","0.0010"
"10896","896","SKU-00233","1","75.24","0.0013"
"10897","897","SKU-00250","4","75.43","0.0016"
"10898","898","SKU-00267","3","75.62","0.0019"
"10899","899","SKU-00284","2","75.81","0.0022"
"10900","900","SKU-00301","1","76.00","0.0000"
"10901","901","SKU-00318","4","76.19","0.0003"
"10902","902","SKU-00335","3","76.38","0.0006"
"10903","903","SKU-00352","2","76.57","0.0009"
"10904","904","SKU-00369","1","76.76","0.0012"
"10905","905","SKU-00386","4","76.95","0.0015"
"10906","906","SKU-00403","3","77.14","0.0018"
"10907","907","SKU-00420","2","77.33","0.0021"
"10908","908","SKU-00437","1","77.52","0.0024"
"10909","909","SKU-00454","4","77.71","0.0002"
"10910","910","SKU-00471","3","77.90","0.0005"
"10911","911","SKU-00488","2","78.09","0.0008"
"10912","912","SKU-00505","1","78.28","0.0011"
"10913","913","SKU-00522","4","78.47","0.0014"
"10914","914","SKU-00539","3","78.66","0.0017"
"10915","915","SKU-00556","2","78.85","0.0020"
"10916","916","SKU-00573","1","79.04","0.0023"
"10917","917","SKU-00590","4","79.23","0.0001"
"10918","918","SKU-00607","3","79.42","0.0004"
"10919","919","SKU-00624","2","79.61","0.0007"
"10920","920","SKU-00641","1","79.80","0.0010"
"10921","921","SKU-00658","4","79.99","0.0013"
"10922","922","SKU-00675","3","80.18","0.0016"
"10923","923","SKU-00692","2","80.37","0.0019"
"10924","924","SKU-00709","1","80.56","0.0022"
"10925","925","SKU-00726","4","80.75","0.0000"
"10926","926","SKU-00743","3","80.94","0.0003"
"10927","927","SKU-00760","2","81.13","0.0006"
"10928","928","SKU-00777","1","81.32","0.0009"
"10929","929","SKU-00794","4","81.51","0.0012"
"10930","930","SKU-00811","3","81.70","0.0015"
"10931","931","SKU-00828","2","81.89","0.0018"
"10932","932","SKU-00845","1","82.08","0.0021"
"10933","933","SKU-00862","4","82.27","0.0024"
"10934","934","SKU-00879","3","82.46","0.0002"
"10935","935","SKU-00896","2","82.65","0.0005"
"10936","936","SKU-00913","1","82.84","0.0008"
"10937","937","SKU-00930","4","83.03","0.0011"
"10938","938","SKU-00947","3","83.22","0.0014"
"10939","939","SKU-00964","2","83.41","0.0017"
"10940","940","SKU-00981","1","83.60","0.0020"
"10941","941","SKU-00998","4","83.79","0.0023"
"10942","942","SKU-00015","3","83.98","0.0001"
"10943","943","SKU-00032","2","84.17","0.0004"
"10944","944","SKU-00049","1","84.36","0.0007"
"10945","945","SKU-00066","4","84.55","0.0010"
"10946","946","SKU-00083","3","84.74","0.0013"
"10947","947","SKU-00100","2","84.93","0.0016"
"10948","948","SKU-00117","1","85.12","0.0019"
"10949","949","SKU-00134","4","85.31","0.0022"
"10950","950","SKU-00151","3","85.50","0.0000"
"10951","951","SKU-00168","2","85.69","0.0003"
"10952","952","SKU-00185","1","85.88","0.0006"
"10953","953","SKU-00202","4","86.07","0.0009"
"10954","954","SKU-00219","3","86.26","0.0012"
"10955","955","SKU-00236","2","86.45","0.0015"
"10956","956","SKU-00253","1","86.64","0.0018"
"10957","957","SKU-00270","4","86.83","0.0021"
"10958","958","SKU-00287","3","87.02","0.0024"
"10959","959","SKU-00304","2","87.21","0.0002"
"10960","960","SKU-00321","1","87.40","0.0005"
"10961","961","SKU-00338","4","87.59","0.0008"
"10962","962","SKU-00355","3","87.78","0.0011"
"10963","963","SKU-00372","2","87.97","0.0014"
"10964","964","SKU-00389","1","88.16","0.0017"
"10965","965","SKU-00406","4","88.35","0.0020"
"10966","966","SKU-00423","3","88.54","0.0023"
"10967","967","SKU-00440","2","88.73","0.0001"
"10968","968","SKU-00457","1","88.92","0.0004"
"10969","969","SKU-00474","4","89.11","0.0007"
"10970","970","SKU-00491","3","89.30","0.0010"
"10971","971","SKU-00508","2","89.49","0.0013"
"10972","972","SKU-00525","1","89.68","0.0016"
"10973","973","SKU-00542","4","89.87","0.0019"
"10974","974","SKU-00559","3","90.06","0.0022"
"10975","975","SKU-00576","2","90.25","0.0000"
"10976","976","SKU-00593","1","90.44","0.0003"
"10977","977","SKU-00610","4","90.63","0.0006"
"10978","978","SKU-00627","3","90.82","0.0009"
"10979","979","SKU-00644","2","91.01","0.0012"
"10980","980","SKU-00661","1","91.20","0.0015"
"10981","981","SKU-00678","4","91.39","0.0018"
"10982","982","SKU-00695","3","91.58","0.0021"
"10983","983","SKU-00712","2","91.77","0.0024"
"10984","984","SKU-00729","1","91.96","0.0002"
"10985","985","SKU-00746","4","92.15","0.0005"
"10986","986","SKU-00763","3","92.34","0.0008"
"10987","987","SKU-00780","2","92.53","0.0011"
"10988","988","SKU-00797","1","92.72","0.0014"
"10989","989","SKU-00814","4","92.91","0.0017"
"10990","990","SKU-00831","3","93.10","0.0020"
"10991","991","SKU-00848","2","93.29","0.0023"
"10992","992","SKU-00865","1","93.48","0.0001"
"10993","993","SKU-00882","4","93.67","0.0004"
"10994","994","SKU-00899","3","93.86","0.0007"
"10995","995","SKU-00916","2","94.05","0.0010"
"10996","996","SKU-00933","1","94.24","0.0013"
"10997","997","SKU-00950","4","94.43","0.0016"
"10998","998","SKU-00967","3","94.62","0.0019"
"10999","999","SKU-00984","2","94.81","0.0022"
"11000","1000","SKU-00001","1","95.00","0.0000"
"11001","1001","SKU-00018","4","95.19","0.0003"
"11002","1002","SKU-00035","3","95.38","0.0006"
"11003","1003","SKU-00052","2","95.57","0.0009"
"11004","1004","SKU-00069","1","95.76","0.0012"
"11005","1005","SKU-00086","4","95.95","0.0015"
"11006","1006","SKU-00103","3","96.14","0.0018"
"11007","1007","SKU-00120","2","96.33","0.0021"
"11008","1008","SKU-00137","1","96.52","0.0024"
"11009","1009","SKU-00154","4","96.71","0.0002"
"11010","1010","SKU-00171","3","96.90","0.0005"
"11011","1011","SKU-00188","2","97.09","0.0008"
"11012","1012","SKU-00205","1","97.28","0.0011"
"11013","1013","SKU-00222","4","97.47","0.0014"
"11014","1014","SKU-00239","3","97.66","0.0017"
"11015","1015","SKU-00256","2","97.85","0.0020"
"11016","1016","SKU-00273","1","98.04","0.0023"
"11017","1017","SKU-00290","4","98.23","0.0001"
"11018","1018","SKU-00307","3","98.42","0.0004"
"11019","1019","SKU-00324","2","98.61","0.0007"
"11020","1020","SKU-00341","1","98.80","0.0010"
"11021","1021","SKU-00358","4","98.99","0.0013"
"11022","1022","SKU-00375","3","99.18","0.0016"
"11023","1023","SKU-00392","2","99.37","0.0019"
"11024","1024","SKU-00409","1","99.56","0.0022"
"11025","1025","SKU-00426","4","99.75","0.0000"
"11026","1026","SKU-00443","3","99.94","0.0003"
"11027","1027","SKU-00460","2","100.13","0.0006"
"11028","1028","SKU-00477","1","100.32","0.0009"
"11029","1029","SKU-00494","4","100.51","0.0012"
"11030","1030","SKU-00511","3","100.70","0.0015"
"11031","1031","SKU-00528","2","100.89","0.0018"
"11032","1032","SKU-00545","1","101.08","0.0021"
"11033","1033","SKU-00562","4","101.27","0.0024"
"11034","1034","SKU-00579","3","101.46","0.0002"
"11035","1035","SKU-00596","2","101.65","0.0005"
"11036","1036","SKU-00613","1","101.84","0.0008"
"11037","1037","SKU-00630","4","102.03","0.0011"
"11038","1038","SKU-00647","3","102.22","0.0014"
"11039","1039","SKU-00664","2","102.41","0.0017"
"11040","1040","SKU-00681","1","102.60","0.0020"
"11041","1041","SKU-00698","4","102.79","0.0023"
"11042","1042","SKU-00715","3","102.98","0.0001"
"11043","1043","SKU-00732","2","103.17","0.0004"
"11044","1044","SKU-00749","1","103.36","0.0007"
"11045","1045","SKU-00766","4","103.55","0.0010"
"11046","1046","SKU-00783","3","103.74","0.0013"
"11047","1047","SKU-00800","2","103.93","0.0016"
"11048","1048","SKU-00817","1","104.12","0.0019"
"11049","1049","SKU-00834","4","104.31","0.0022"
"11050","1050","SKU-00851","3","104.50","0.0000"
"11051","1051","SKU-00868","2","104.69","0.0003"
"11052","1052","SKU-00885","1","104.88","0.0006"
"11053","1053","SKU-00902","4","105.07","0.0009"
"11054","1054","SKU-00919","3","105.26","0.0012"
"11055","1055","SKU-00936","2","105.45","0.0015"
"11056","1056","SKU-00953","1","105.64","0.0018"
"11057","1057","SKU-00970","4","105.83","0.0021"
"11058","1058","SKU-00987","3","106.02","0.0024"
"11059","1059","SKU-00004","2","106.21","0.0002"
"11060","1060","SKU-00021","1","106.40","0.0005"
"11061","1061","SKU-00038","4","106.59","0.0008"
"11062","1062","SKU-00055","3","106.78","0.0011"
"11063","1063","SKU-00072","2","106.97","0.0014"
"11064","1064","SKU-00089","1","107.16","0.0017"
"11065","1065","SKU-00106","4","107.35","0.0020"
"11066","1066","SKU-00123","3","107.54","0.0023"
"11067","1067","SKU-00140","2","107.73","0.0001"
"11068","1068","SKU-00157","1","107.92","0.0004"
"11069","1069","SKU-00174","4","108.11","0.0007"
"11070","1070","SKU-00191","3","108.30","0.0010"
"11071","1071","SKU-00208","2","108.49","0.0013"
"11072","1072","SKU-00225","1","108.68","0.0016"
"11073","1073","SKU-00242","4","108.87","0.0019"
"11074","1074","SKU-00259","3","109.06","0.0022"
"11075","1075","SKU-00276","2","109.25","0.0000"
"11076","1076","SKU-00293","1","109.44","0.0003"
"11077","1077","SKU-00310","4","109.63","0.0006"
"11078","1078","SKU-00327","3","109.82","0.0009"
"11079","1079","SKU-00344","2","110.01","0.0012"
"11080","1080","SKU-00361","1","110.20","0.0015"
"11081","1081","SKU-00378","4","110.39","0.0018"
"11082","1082","SKU-00395","3","110.58","0.0021"
"11083","1083","SKU-00412","2","110.77","0.0024"
"11084","1084","SKU-00429","1","110.96","0.0002"
"11085","1085","SKU-00446","4","111.15","0.0005"
"11086","1086","SKU-00463","3","111.34","0.0008"
"11087","1087","SKU-00480","2","111.53","0.0011"
"11088","1088","SKU-00497","1","111.72","0.0014"
"11089","1089","SKU-00514","4","111.91","0.0017"
"11090","1090","SKU-00531","3","112.10","0.0020"
"11091","1091","SKU-00548","2","112.29","0.0023"
"11092","1092","SKU-00565","1","112.48","0.0001"
"11093","1093","SKU-00582","4","112.67","0.0004"
"11094","1094","SKU-00599","3","112.86","0.0007"
"11095","1095","SKU-00616","2","113.05","0.0010"
"11096","1096","SKU-00633","1","113.24","0.0013"
"11097","1097","SKU-00650","4","113.43","0.0016"
"11098","1098","SKU-00667","3","113.62","0.0019"
"11099","1099","SKU-00684","2","113.81","0.0022"
"11100","1100","SKU-00701","1","114.00","0.0000"
"11101","1101","SKU-00718","4","114.19","0.0003"
"11102","1102","SKU-00735","3","114.38","0.0006"
"11103","1103","SKU-00752","2","114.57","0.0009"
"11104","1104","SKU-00769","1","114.76","0.0012"
"11105","1105","SKU-00786","4","114.95","0.0015"
"11106","1106","SKU-00803","3","115.14","0.0018"
"11107","1107","SKU-00820","2","115.33","0.0021"
"11108","1108","SKU-00837","1","115.52","0.0024"
"11109","1109","SKU-00854","4","115.71","0.0002"
"11110","1110","SKU-00871","3","115.90","0.0005"
"11111","1111","SKU-00888","2","116.09","0.0008"
"11112","1112","SKU-00905","1","116.28","0.0011"
"11113","1113","SKU-00922","4","116.47","0.0014"
"11114","1114","SKU-00939","3","116.66","0.0017"
"11115","1115","SKU-00956","2","116.85","0.0020"
"11116","1116","SKU-00973","1","117.04","0.0023"
"11117","1117","SKU-00990","4","117.23","0.0001"
"11118","1118","SKU-00007","3","117.42","0.0004"
"11119","1119","SKU-00024","2","117.61","0.0007"
"11120","1120","SKU-00041","1","117.80","0.0010"
"11121","1121","SKU-00058","4","117.99","0.0013"
"11122","1122","SKU-00075","3","118.18","0.0016"
"11123","1123","SKU-00092","2","118.37","0.0019"
"11124","1124","SKU-00109","1","118.56","0.0022"
"11125","1125","SKU-00126","4","118.75","0.0000"
"11126","1126","SKU-00143","3","118.94","0.0003"
"11127","1127","SKU-00160","2","119.13","0.0006"
"11128","1128","SKU-00177","1","119.32","0.0009"
"11129","1129","SKU-00194","4","119.51","0.0012"
"11130","1130","SKU-00211","3","119.70","0.0015"
"11131","1131","SKU-00228","2","119.89","0.0018"
"11132","1132","SKU-00245","1","120.08","0.0021"
"11133","1133","SKU-00262","4","120.27","0.0024"
"11134","1134","SKU-00279","3","120.46","0.0002"
"11135","1135","SKU-00296","2","120.65","0.0005"
"11136","1136","SKU-00313","1","120.84","0.0008"
"11137","1137","SKU-00330","4","121.03","0.0011"
"11138","1138","SKU-00347","3","121.22","0.0014"
"11139","1139","SKU-00364","2","121.41","0.0017"
"11140","1140","SKU-00381","1","121.60","0.0020"
"11141","1141","SKU-00398","4","121.79","0.0023"
"11142","1142","SKU-00415","3","121.98","0.0001"
"11143","1143","SKU-00432","2","122.17","0.0004"
"11144","1144","SKU-00449","1","122.36","0.0007"
"11145","1145","SKU-00466","4","122.55","0.0010"
"11146","1146","SKU-00483","3","122.74","0.0013"
"11147","1147","SKU-00500","2","122.93","0.0016"
"11148","1148","SKU-00517","1","123.12","0.0019"
"11149","1149","SKU-00534","4","123.31","0.0022"
"11150","1150","SKU-00551","3","123.50","0.0000"
"11151","1151","SKU-00568","2","123.69","0.0003"
"11152","1152","SKU-00585","1","123.88","0.0006"
"11153","1153","SKU-00602","4","124.07","0.0009"
"11154","1154","SKU-00619","3","124.26","0.0012"
"11155","1155","SKU-00636","2","124.45","0.0015"
"11156","1156","SKU-00653","1","124.64","0.0018"
"11157","1157","SKU-00670","4","124.83","0.0021"
"11158","1158","SKU-00687","3","125.02","0.0024"
"11159","1159","SKU-00704","2","125.21","0.0002"
"11160","1160","SKU-00721","1","125.40","0.0005"
"11161","1161","SKU-00738","4","125.59","0.0008"
"11162","1162","SKU-00755","3","125.78","0.0011"
"11163","1163","SKU-00772","2","125.97","0.0014"
"11164","1164","SKU-00789","1","126.16","0.0017"
"11165","1165","SKU-00806","4","126.35","0.0020"
"11166","1166","SKU-00823","3","126.54","0.0023"
"11167","1167","SKU-00840","2","126.73","0.0001"
"11168","1168","SKU-00857","1","126.92","0.0004"
"11169","1169","SKU-00874","4","127.11","0.0007"
"11170","1170","SKU-00891","3","127.30","0.0010"
"11171","1171","SKU-00908","2","127.49","0.0013"
"11172","1172","SKU-00925","1","127.68","0.0016"
"11173","1173","SKU-00942","4","127.87","0.0019"
"11174","1174","SKU-00959","3","128.06","0.0022"
"11175","1175","SKU-00976","2","128.25","0.0000"
"11176","1176","SKU-00993","1","128.44","0.0003"
"11177","1177","SKU-00010","4","128.63","0.0006"
"11178","1178","SKU-00027","3","128.82","0.0009"
"11179","1179","SKU-00044","2","129.01","0.0012"
"11180","1180","SKU-00061","1","129.20","0.0015"
"11181","1181","SKU-00078","4","129.39","0.0018"
"11182","1182","SKU-00095","3","129.58","0.0021"
"11183","1183","SKU-00112","2","129.77","0.0024"
"11184","1184","SKU-00129","1","129.96","0.0002"
"11185","1185","SKU-00146","4","130.15","0.0005"
"11186","1186","SKU-00163","3","130.34","0.0008"
"11187","1187","SKU-00180","2","130.53","0.0011"
"11188","1188","SKU-00197","1","130.72","0.0014"
"11189","1189","SKU-00214","4","130.91","0.0017"
"11190","1190","SKU-00231","3","131.10","0.0020"
"11191","1191","SKU-00248","2","131.29","0.0023"
"11192","1192","SKU-00265","1","131.48","0.0001"
"11193","1193","SKU-00282","4","131.67","0.0004"
"11194","1194","SKU-00299","3","131.86","0.0007"
"11195","1195","SKU-00316","2","132.05","0.0010"
"11196","1196","SKU-00333","1","132.24","0.0013"
"11197","1197","SKU-00350","4","132.43","0.0016"
"11198","1198","SKU-00367","3","132.62","0.0019"
"11199","1199","SKU-00384","2","132.81","0.0022"
"11200","1200","SKU-00401","1","133.00","0.0000"
"11201","1201","SKU-00418","4","133.19","0.0003"
"11202","1202","SKU-00435","3","133.38","0.0006"
"11203","1203","SKU-00452","2","133.57","0.0009"
"11204","1204","SKU-00469","1","133.76","0.0012"
"11205","1205","SKU-00486","4","133.95","0.0015"
"11206","1206","SKU-00503","3","134.14","0.0018"
"11207","1207","SKU-00520","2","134.33","0.0021"
"11208","1208","SKU-00537","1","134.52","0.0024"
"11209","1209","SKU-00554","4","134.71","0.0002"
"11210","1210","SKU-00571","3","134.90","0.0005"
"11211","1211","SKU-00588","2","135.09","0.0008"
"11212","1212","SKU-00605","1","135.28","0.0011"
"11213","1213","SKU-00622","4","135.47","0.0014"
"11214","1214","SKU-00639","3","135.66","0.0017"
"11215","1215","SKU-00656","2","135.85","0.0020"
"11216","1216","SKU-00673","1","136.04","0.0023"
"11217","1217","SKU-00690","4","136.23","0.0001"
"11218","1218","SKU-00707","3","136.42","0.0004"
"11219","1219","SKU-00724","2","136.61","0.0007"
"11220","1220","SKU-00741","1","136.80","0.0010"
"11221","1221","SKU-00758","4","136.99","0.0013"
"11222","1222","SKU-00775","3","137.18","0.0016"
"11223","1223","SKU-00792","2","137.37","0.0019"
"11224","1224","SKU-00809","1","137.56","0.0022"
"11225","1225","SKU-00826","4","137.75","0.0000"
"11226","1226","SKU-00843","3","137.94","0.0003"
"11227","1227","SKU-00860","2","138.13","0.0006"
"11228","1228","SKU-00877","1","138.32","0.0009"
"11229","1229","SKU-00894","4","138.51","0.0012"
"11230","1230","SKU-00911","3","138.70","0.0015"
"11231","1231","SKU-00928","2","138.89","0.0018"
"11232","1232","SKU-00945","1","139.08","0.0021"
"11233","1233","SKU-00962","4","139.27","0.0024"
"11234","1234","SKU-00979","3","139.46","0.0002"
"11235","1235","SKU-00996","2","139.65","0.0005"
"11236","1236","SKU-00013","1","139.84","0.0008"
"11237","1237","SKU-00030","4","140.03","0.0011"
"11238","1238","SKU-00047","3","140.22","0.0014"
"11239","1239","SKU-00064","2","140.41","0.0017"
"11240","1240","SKU-00081","1","140.60","0.0020"
"11241","1241","SKU-00098","4","140.79","0.0023"
"11242","1242","SKU-00115","3","140.98","0.0001"
"11243","1243","SKU-00132","2","141.17","0.0004"
"11244","1244","SKU-00149","1","141.36","0.0007"
"11245","1245","SKU-00166","4","141.55","0.0010"
"11246","1246","SKU-00183","3","141.74","0.0013"
"11247","1247","SKU-00200","2","141.93","0.0016"
"11248","1248","SKU-00217","1","142.12","0.0019"
"11249","1249","SKU-00234","4","142.31","0.0022"
"11250","1250","SKU-00251","3","142.50","0.0000"
"11251","1251","SKU-00268","2","142.69","0.0003"
"11252","1252","SKU-00285","1","142.88","0.0006"
"11253","1253","SKU-00302","4","143.07","0.0009"
"11254","1254","SKU-00319","3","143.26","0.0012"
"11255","1255","SKU-00336","2","143.45","0.0015"
"11256","1256","SKU-00353","1","143.64","0.0018"
"11257","1257","SKU-00370","4","143.83","0.0021"
"11258","1258","SKU-00387","3","144.02","0.0024"
"11259","1259","SKU-00404","2","144.21","0.0002"
"11260","1260","SKU-00421","1","144.40","0.0005"
"11261","1261","SKU-00438","4","144.59","0.0008"
"11262","1262","SKU-00455","3","144.78","0.0011"
"11263","1263","SKU-00472","2","144.97","0.0014"
"11264","1264","SKU-00489","1","145.16","0.0017"
"11265","1265","SKU-00506","4","145.35","0.0020"
"11266","1266","SKU-00523","3","145.54","0.0023"
"11267","1267","SKU-00540","2","145.73","0.0001"
"11268","1268","SKU-00557","1","145.92","0.0004"
"11269","1269","SKU-00574","4","146.11","0.0007"
"11270","1270","SKU-00591","3","146.30","0.0010"
"11271","1271","SKU-00608","2","146.49","0.0013"
"11272","1272","SKU-00625","1","146.68","0.0016"
"11273","1273","SKU-00642","4","146.87","0.0019"
"11274","1274","SKU-00659","3","147.06","0.0022"
"11275","1275","SKU-00676","2","147.25","0.0000"
"11276","1276","SKU-00693","1","147.44","0.0003"
"11277","1277","SKU-00710","4","147.63","0.0006"
"11278","1278","SKU-00727","3","147.82","0.0009"
"11279","1279","SKU-00744","2","148.01","0.0012"
"11280","1280","SKU-00761","1","148.20","0.0015"
"11281","1281","SKU-00778","4","148.39","0.0018"
"11282","1282","SKU-00795","3","148.58","0.0021"
"11283","1283","SKU-00812","2","148.77","0.0024"
"11284","1284","SKU-00829","1","148.96","0.0002"
"11285","1285","SKU-00846","4","149.15","0.0005"
"11286","1286","SKU-00863","3","149.34","0.0008"
"11287","1287","SKU-00880","2","149.53","0.0011"
"11288","1288","SKU-00897","1","149.72","0.0014"
"11289","1289","SKU-00914","4","149.91","0.0017"
"11290","1290","SKU-00931","3","150.10","0.0020"
"11291","1291","SKU-00948","2","150.29","0.0023"
"11292","1292","SKU-00965","1","150.48","0.0001"
"11293","1293","SKU-00982","4","150.67","0.0004"
"11294","1294","SKU-00999","3","150.86","0.0007"
"11295","1295","SKU-00016","2","151.05","0.0010"
"11296","1296","SKU-00033","1","151.24","0.0013"
"11297","1297","SKU-00050","4","151.43","0.0016"
"11298","1298","SKU-00067","3","151.62","0.0019"
"11299","1299","SKU-00084","2","151.81","0.0022"
"11300","1300","SKU-00101","1","152.00","0.0000"
"11301","1301","SKU-00118","4","152.19","0.0003"
"11302","1302","SKU-00135","3","152.38","0.0006"
"11303","1303","SKU-00152","2","152.57","0.0009"
"11304","1304","SKU-00169","1","152.76","0.0012"
"11305","1305","SKU-00186","4","152.95","0.0015"
"11306","1306","SKU-00203","3","153.14","0.0018"
"11307","1307","SKU-00220","2","153.33","0.0021"
"11308","1308","SKU-00237","1","153.52","0.0024"
"11309","1309","SKU-00254","4","153.71","0.0002"
"11310","1310","SKU-00271","3","153.90","0.0005"
"11311","1311","SKU-00288","2","154.09","0.0008"
"11312","1312","SKU-00305","1","154.28","0.0011"
"11313","1313","SKU-00322","4","154.47","0.0014"
"11314","1314","SKU-00339","3","154.66","0.0017"
"11315","1315","SKU-00356","2","154.85","0.0020"
"11316","1316","SKU-00373","1","155.04","0.0023"
"11317","1317","SKU-00390","4","155.23","0.0001"
"11318","1318","SKU-00407","3","155.42","0.0004"
"11319","1319","SKU-00424","2","155.61","0.0007"
"11320","1320","SKU-00441","1","155.80","0.0010"
"11321","1321","SKU-00458","4","155.99","0.0013"
"11322","1322","SKU-00475","3","156.18","0.0016"
"11323","1323","SKU-00492","2","156.37","0.0019"
"11324","1324","SKU-00509","1","156.56","0.0022"
"11325","1325","SKU-00526","4","156.75","0.0000"
"11326","1326","SKU-00543","3","156.94","0.0003"
"11327","1327","SKU-00560","2","157.13","0.0006"
"11328","1328","SKU-00577","1","157.32","0.0009"
"11329","1329","SKU-00594","4","157.51","0.0012"
"11330","1330","SKU-00611","3","157.70","0.0015"
"11331","1331","SKU-00628","2","157.89","0.0018"
"11332","1332","SKU-00645","1","158.08","0.0021"
"11333","1333","SKU-00662","4","158.27","0.0024"
"11334","1334","SKU-00679","3","158.46","0.0002"
"11335","1335","SKU-00696","2","158.65","0.0005"
"11336","1336","SKU-00713","1","158.84","0.0008"
"11337","1337","SKU-00730","4","159.03","0.0011"
"11338","1338","SKU-00747","3","159.22","0.0014"
"11339","1339","SKU-00764","2","159.41","0.0017"
"11340","1340","SKU-00781","1","159.60","0.0020"
"11341","1341","SKU-00798","4","159.79","0.0023"
"11342","1342","SKU-00815","3","159.98","0.0001"
"11343","1343","SKU-00832","2","160.17","0.0004"
"11344","1344","SKU-00849","1","160.36","0.0007"
"11345","1345","SKU-00866","4","160.55","0.0010"
"11346","1346","SKU-00883","3","160.74","0.0013"
"11347","1347","SKU-00900","2","160.93","0.0016"
"11348","1348","SKU-00917","1","161.12","0.0019"
"11349","1349","SKU-00934","4","161.31","0.0022"
"11350","1350","SKU-00951","3","161.50","0.0000"
"11351","1351","SKU-00968","2","161.69","0.0003"
"11352","1352","SKU-00985","1","161.88","0.0006"
"11353","1353","SKU-00002","4","162.07","0.0009"
"11354","1354","SKU-00019","3","162.26","0.0012"
"11355","1355","SKU-00036","2","162.45","0.0015"
"11356","1356","SKU-00053","1","162.64","0.0018"
"11357","1357","SKU-00070","4","162.83","0.0021"
"11358","1358","SKU-00087","3","163.02","0.0024"
"11359","1359","SKU-00104","2","163.21","0.0002"
"11360","1360","SKU-00121","1","163.40","0.0005"
"11361","1361","SKU-00138","4","163.59","0.0008"
"11362","1362","SKU-00155","3","163.78","0.0011"
"11363","1363","SKU-00172","2","163.97","0.0014"
"11364","1364","SKU-00189","1","164.16","0.0017"
"11365","1365","SKU-00206","4","164.35","0.0020"
"11366","1366","SKU-00223","3","164.54","0.0023"
"11367","1367","SKU-00240","2","164.73","0.0001"
"11368","1368","SKU-00257","1","164.92","0.0004"
"11369","1369","SKU-00274","4","165.11","0.0007"
"11370","1370","SKU-00291","3","165.30","0.0010"
"11371","1371","SKU-00308","2","165.49","0.0013"
"11372","1372","SKU-00325","1","165.68","0.0016"
"11373","1373","SKU-00342","4","165.87","0.0019"
"11374","1374","SKU-00359","3","166.06","0.0022"
"11375","1375","SKU-00376","2","166.25","0.0000"
"11376","1376","SKU-00393","1","166.44","0.0003"
"11377","1377","SKU-00410","4","166.63","0.0006"
"11378","1378","SKU-00427","3","166.82","0.0009"
"11379","1379","SKU-00444","2","167.01","0.0012"
"11380","1380","SKU-00461","1","167.20","0.0015"
"11381","1381","SKU-00478","4","167.39","0.0018"
"11382","1382","SKU-00495","3","167.58","0.0021"
"11383","1383","SKU-00512","2","167.77","0.0024"
"11384","1384","SKU-00529","1","167.96","0.0002"
"11385","1385","SKU-00546","4","168.15","0.0005"
"11386","1386","SKU-00563","3","168.34","0.0008"
"11387","1387","SKU-00580","2","168.53","0.0011"
"11388","1388","SKU-00597","1","168.72","0.0014"
"11389","1389","SKU-00614","4","168.91","0.0017"
"11390","1390","SKU-00631","3","169.10","0.0020"
"11391","1391","SKU-00648","2","169.29","0.0023"
"11392","1392","SKU-00665","1","169.48","0.0001"
"11393","1393","SKU-00682","4","169.67","0.0004"
"11394","1394","SKU-00699","3","169.86","0.0007"
"11395","1395","SKU-00716","2","170.05","0.0010"
"11396","1396","SKU-00733","1","170.24","0.0013"
"11397","1397","SKU-00750","4","170.43","0.0016"
"11398","1398","SKU-00767","3","170.62","0.0019"
"11399","1399","SKU-00784","2","170.81","0.0022"
"11400","1400","SKU-00801","1","171.00","0.0000"
"11401","1401","SKU-00818","4","171.19","0.0003"
"11402","1402","SKU-00835","3","171.38","0.0006"
"11403","1403","SKU-00852","2","171.57","0.0009"
"11404","1404","SKU-00869","1","171.76","0.0012"
"11405","1405","SKU-00886","4","171.95","0.0015"
"11406","1406","SKU-00903","3","172.14","0.0018"
"11407","1407","SKU-00920","2","172.33","0.0021"
"11408","1408","SKU-00937","1","172.52","0.0024"
"11409","1409","SKU-00954","4","172.71","0.0002"
"11410","1410","SKU-00971","3","172.90","0.0005"
"11411","1411","SKU-00988","2","173.09","0.0008"
"11412","1412","SKU-00005","1","173.28","0.0011"
"11413","1413","SKU-00022","4","173.47","0.0014"
"11414","1414","SKU-00039","3","173.66","0.0017"
"11415","1415","SKU-00056","2","173.85","0.0020"
"11416","1416","SKU-00073","1","174.04","0.0023"
"11417","1417","SKU-00090","4","174.23","0.0001"
"11418","1418","SKU-00107","3","174.42","0.0004"
"11419","1419","SKU-00124","2","174.61","0.0007"
"11420","1420","SKU-00141","1","174.80","0.0010"
"11421","1421","SKU-00158","4","174.99","0.0013"
"11422","1422","SKU-00175","3","175.18","0.0016"
"11423","1423","SKU-00192","2","175.37","0.0019"
"11424","1424","SKU-00209","1","175.56","0.0022"
"11425","1425","SKU-00226","4","175.75","0.0000"
"11426","1426","SKU-00243","3","175.94","0.0003"
"11427","1427","SKU-00260","2","176.13","0.0006"
"11428","1428","SKU-00277","1","176.32","0.0009"
"11429","1429","SKU-00294","4","176.51","0.0012"
"11430","1430","SKU-00311","3","176.70","0.0015"
"11431","1431","SKU-00328","2","176.89","0.0018"
"11432","1432","SKU-00345","1","177.08","0.0021"
"11433","1433","SKU-00362","4","177.27","0.0024"
"11434","1434","SKU-00379","3","177.46","0.0002"
"11435","1435","SKU-00396","2","177.65","0.0005"
"11436","1436","SKU-00413","1","177.84","0.0008"
"11437","1437","SKU-00430","4","178.03","0.0011"
"11438","1438","SKU-00447","3","178.22","0.0014"
"11439","1439","SKU-00464","2","178.41","0.0017"
"11440","1440","SKU-00481","1","178.60","0.0020"
"11441","1441","SKU-00498","4","178.79","0.0023"
"11442","1442","SKU-00515","3","178.98","0.0001"
"11443","1443","SKU-00532","2","179.17","0.0004"
"11444","1444","SKU-00549","1","179.36","0.0007"
"11445","1445","SKU-00566","4","179.55","0.0010"
"11446","1446","SKU-00583","3","179.74","0.0013"
"11447","1447","SKU-00600","2","179.93","0.0016"
"11448","1448","SKU-00617","1","180.12","0.0019"
"11449","1449","SKU-00634","4","180.31","0.0022"
"11450","1450","SKU-00651","3","180.50","0.0000"
"11451","1451","SKU-00668","2","180.69","0.0003"
"11452","1452","SKU-00685","1","180.88","0.0006"
"11453","1453","SKU-00702","4","181.07","0.0009"
"11454","1454","SKU-00719","3","181.26","0.0012"
"11455","1455","SKU-00736","2","181.45","0.0015"
"11456","1456","SKU-00753","1","181.64","0.0018"
"11457","1457","SKU-00770","4","181.83","0.0021"
"11458","1458","SKU-00787","3","182.02","0.0024"
"11459","1459","SKU-00804","2","182.21","0.0002"
"11460","1460","SKU-00821","1","182.40","0.0005"
"11461","1461","SKU-00838","4","182.59","0.0008"
"11462","1462","SKU-00855","3","182.78","0.0011"
"11463","1463","SKU-00872","2","182.97","0.0014"
"11464","1464","SKU-00889","1","183.16","0.0017"
"11465","1465","SKU-00906","4","183.35","0.0020"
"11466","1466","SKU-00923","3","183.54","0.0023"
"11467","1467","SKU-00940","2","183.73","0.0001"
"11468","1468","SKU-00957","1","183.92","0.0004"
"11469","1469","SKU-00974","4","184.11","0.0007"
"11470","1470","SKU-00991","3","184.30","0.0010"
"11471","1471","SKU-00008","2","184.49","0.0013"
"11472","1472","SKU-00025","1","184.68","0.0016"
"11473","1473","SKU-00042","4","184.87","0.0019"
"11474","1474","SKU-00059","3","185.06","0.0022"
"11475","1475","SKU-00076","2","185.25","0.0000"
"11476","1476","SKU-00093","1","185.44","0.0003"
"11477","1477","SKU-00110","4","185.63","0.0006"
"11478","1478","SKU-00127","3","185.82","0.0009"
"11479","1479","SKU-00144","2","186.01","0.0012"
"11480","1480","SKU-00161","1","186.20","0.0015"
"11481","1481","SKU-00178","4","186.39","0.0018"
"11482","1482","SKU-00195","3","186.58","0.0021"
"11483","1483","SKU-00212","2","186.77","0.0024"
"11484","1484","SKU-00229","1","186.96","0.0002"
"11485","1485","SKU-00246","4","187.15","0.0005"
"11486","1486","SKU-00263","3","187.34","0.0008"
"11487","1487","SKU-00280","2","187.53","0.0011"
"11488","1488","SKU-00297","1","187.72","0.0014"
"11489","1489","SKU-00314","4","187.91","0.0017"
"11490","1490","SKU-00331","3","188.10","0.0020"
"11491","1491","SKU-00348","2","188.29","0.0023"
"11492","1492","SKU-00365","1","188.48","0.0001"
"11493","1493","SKU-00382","4","188.67","0.0004"
"11494","1494","SKU-00399","3","188.86","0.0007"
"11495","1495","SKU-00416","2","189.05","0.0010"
"11496","1496","SKU-00433","1","189.24","0.0013"
"11497","1497","SKU-00450","4","189.43","0.0016"
"11498","1498","SKU-00467","3","189.62","0.0019"
"11499","1499","SKU-00484","2","189.81","0.0022"
"11500","1500","SKU-00501","1","190.00","0.0000"
"11501","1501","SKU-00518","4","190.19","0.0003"
"11502","1502","SKU-00535","3","190.38","0.0006"
"11503","1503","SKU-00552","2","190.57","0.0009"
"11504","1504","SKU-00569","1","190.76","0.0012"
"11505","1505","SKU-00586","4","190.95","0.0015"
"11506","1506","SKU-00603","3","191.14","0.0018"
"11507","1507","SKU-00620","2","191.33","0.0021"
"11508","1508","SKU-00637","1","191.52","0.0024"
"11509","1509","SKU-00654","4","191.71","0.0002"
"11510","1510","SKU-00671","3","191.90","0.0005"
"11511","1511","SKU-00688","2","192.09","0.0008"
"11512","1512","SKU-00705","1","192.28","0.0011"
"11513","1513","SKU-00722","4","192.47","0.0014"
"11514","1514","SKU-00739","3","192.66","0.0017"
"11515","1515","SKU-00756","2","192.85","0.0020"
"11516","1516","SKU-00773","1","193.04","0.0023"
"11517","1517","SKU-00790","4","193.23","0.0001"
"11518","1518","SKU-00807","3","193.42","0.0004"
"11519","1519","SKU-00824","2","193.61","0.0007"
"11520","1520","SKU-00841","1","193.80","0.0010"
"11521","1521","SKU-00858","4","193.99","0.0013"
"11522","1522","SKU-00875","3","194.18","0.0016"
"11523","1523","SKU-00892","2","194.37","0.0019"
"11524","1524","SKU-00909","1","194.56","0.0022"
"11525","1525","SKU-00926","4","194.75","0.0000"
"11526","1526","SKU-00943","3","194.94","0.0003"
"11527","1527","SKU-00960","2","195.13","0.0006"
"11528","1528","SKU-00977","1","195.32","0.0009"
"11529","1529","SKU-00994","4","195.51","0.0012"
"11530","1530","SKU-00011","3","195.70","0.0015"
"11531","1531","SKU-00028","2","195.89","0.0018"
"11532","1532","SKU-00045","1","196.08","0.0021"
"11533","1533","SKU-00062","4","196.27","0.0024"
"11534","1534","SKU-00079","3","196.46","0.0002"
"11535","1535","SKU-00096","2","196.65","0.0005"
"11536","1536","SKU-00113","1","196.84","0.0008"
"11537","1537","SKU-00130","4","197.03","0.0011"
"11538","1538","SKU-00147","3","197.22","0.0014"
"11539","1539","SKU-00164","2","197.41","0.0017"
"11540","1540","SKU-00181","1","197.60","0.0020"
"11541","1541","SKU-00198","4","197.79","0.0023"
"11542","1542","SKU-00215","3","197.98","0.0001"
"11543","1543","SKU-00232","2","198.17","0.0004"
"11544","1544","SKU-00249","1","198.36","0.0007"
"11545","1545","SKU-00266","4","198.55","0.0010"
"11546","1546","SKU-00283","3","198.74","0.0013"
"11547","1547","SKU-00300","2","198.93","0.0016"
"11548","1548","SKU-00317","1","199.12","0.0019"
"11549","1549","SKU-00334","4","199.31","0.0022"
"11550","1550","SKU-00351","3","199.50","0.0000"
"11551","1551","SKU-00368","2","199.69","0.0003"
"11552","1552","SKU-00385","1","199.88","0.0006"
"11553","1553","SKU-00402","4","200.07","0.0009"
"11554","1554","SKU-00419","3","200.26","0.0012"
"11555","1555","SKU-00436","2","200.45","0.0015"
"11556","1556","SKU-00453","1","200.64","0.0018"
"11557","1557","SKU-00470","4","200.83","0.0021"
"11558","1558","SKU-00487","3","201.02","0.0024"
"11559","1559","SKU-00504","2","201.21","0.0002"
"11560","1560","SKU-00521","1","201.40","0.0005"
"11561","1561","SKU-00538","4","201.59","0.0008"
"11562","1562","SKU-00555","3","201.78","0.0011"
"11563","1563","SKU-00572","2","201.97","0.0014"
"11564","1564","SKU-00589","1","202.16","0.0017"
"11565","1565","SKU-00606","4","202.35","0.0020"
"11566","1566","SKU-00623","3","202.54","0.0023"
"11567","1567","SKU-00640","2","202.73","0.0001"
"11568","1568","SKU-00657","1","202.92","0.0004"
"11569","1569","SKU-00674","4","203.11","0.0007"
"11570","1570","SKU-00691","3","203.30","0.0010"
"11571","1571","SKU-00708","2","203.49","0.0013"
"11572","1572","SKU-00725","1","203.68","0.0016"
"11573","1573","SKU-00742","4","203.87","0.0019"
"11574","1574","SKU-00759","3","204.06","0.0022"
"11575","1575","SKU-00776","2","204.25","0.0000"
"11576","1576","SKU-00793","1","204.44","0.0003"
"11577","1577","SKU-00810","4","204.63","0.0006"
"11578","1578","SKU-00827","3","204.82","0.0009"
"11579","1579","SKU-00844","2","205.01","0.0012"
"11580","1580","SKU-00861","1","205.20","0.0015"
"11581","1581","SKU-00878","4","205.39","0.0018"
"11582","1582","SKU-00895","3","205.58","0.0021"
"11583","1583","SKU-00912","2","205.77","0.0024"
"11584","1584","SKU-00929","1","205.96","0.0002"
"11585","1585","SKU-00946","4","206.15","0.0005"
"11586","1586","SKU-00963","3","206.34","0.0008"
"11587","1587","SKU-00980","2","206.53","0.0011"
"11588","1588","SKU-00997","1","206.72","0.0014"
"11589","1589","SKU-00014","4","206.91","0.0017"
"11590","1590","SKU-00031","3","207.10","0.0020"
"11591","1591","SKU-00048","2","207.29","0.0023"
"11592","1592","SKU-00065","1","207.48","0.0001"
"11593","1593","SKU-00082","4","207.67","0.0004"
"11594","1594","SKU-00099","3","207.86","0.0007"
"11595","1595","SKU-00116","2","208.05","0.0010"
"11596","1596","SKU-00133","1","208.24","0.0013"
"11597","1597","SKU-00150","4","208.43","0.0016"
"11598","1598","SKU-00167","3","208.62","0.0019"
"11599","1599","SKU-00184","2","208.81","0.0022"
"11600","1600","SKU-00201","1","209.00","0.0000"
"11601","1601","SKU-00218","4","209.19","0.0003"
"11602","1602","SKU-00235","3","209.38","0.0006"
"11603","1603","SKU-00252","2","209.57","0.0009"
"11604","1604","SKU-00269","1","209.76","0.0012"
"11605","1605","SKU-00286","4","209.95","0.0015"
"11606","1606","SKU-00303","3","210.14","0.0018"
"11607","1607","SKU-00320","2","210.33","0.0021"
"11608","1608","SKU-00337","1","210.52","0.0024"
"11609","1609","SKU-00354","4","210.71","0.0002"
"11610","1610","SKU-00371","3","210.90","0.0005"
"11611","1611","SKU-00388","2","211.09","0.0008"
"11612","1612","SKU-00405","1","211.28","0.0011"
"11613","1613","SKU-00422","4","211.47","0.0014"
"11614","1614","SKU-00439","3","211.66","0.0017"
"11615","1615","SKU-00456","2","211.85","0.0020"
"11616","1616","SKU-00473","1","212.04","0.0023"
"11617","1617","SKU-00490","4","212.23","0.0001"
"11618","1618","SKU-00507","3","212.42","0.0004"
"11619","1619","SKU-00524","2","212.61","0.0007"
"11620","1620","SKU-00541","1","212.80","0.0010"
"11621","1621","SKU-00558","4","212.99","0.0013"
"11622","1622","SKU-00575","3","213.18","0.0016"
"11623","1623","SKU-00592","2","213.37","0.0019"
"11624","1624","SKU-00609","1","213.56","0.0022"
"11625","1625","SKU-00626","4","213.75","0.0000"
"11626","1626","SKU-00643","3","213.94","0.0003"
"11627","1627","SKU-00660","2","214.13","0.0006"
"11628","1628","SKU-00677","1","214.32","0.0009"
"11629","1629","SKU-00694","4","214.51","0.0012"
"11630","1630","SKU-00711","3","214.70","0.0015"
"11631","1631","SKU-00728","2","214.89","0.0018"
"11632","1632","SKU-00745","1","215.08","0.0021"
"11633","1633","SKU-00762","4","215.27","0.0024"
"11634","1634","SKU-00779","3","215.46","0.0002"
"11635","1635","SKU-00796","2","215.65","0.0005"
"11636","1636","SKU-00813","1","215.84","0.0008"
"11637","1637","SKU-00830","4","216.03","0.0011"
"11638","1638","SKU-00847","3","216.22","0.0014"
"11639","1639","SKU-00864","2","216.41","0.0017"
"11640","1640","SKU-00881","1","216.60","0.0020"
"11641","1641","SKU-00898","4","216.79","0.0023"
"11642","1642","SKU-00915","3","216.98","0.0001"
"11643","1643","SKU-00932","2","217.17","0.0004"
"11644","1644","SKU-00949","1","217.36","0.0007"
"11645","1645","SKU-00966","4","217.55","0.0010"
"11646","1646","SKU-00983","3","217.74","0.0013"
"11647","1647","SKU-01000","2","217.93","0.0016"
"11648","1648","SKU-00017","1","218.12","0.0019"
"11649","1649","SKU-00034","4","218.31","0.0022"
"11650","1650","SKU-00051","3","218.50","0.0000"
"11651","1651","SKU-00068","2","218.69","0.0003"
"11652","1652","SKU-00085","1","218.88","0.0006"
"11653","1653","SKU-00102","4","219.07","0.0009"
"11654","1654","SKU-00119","3","219.26","0.0012"
"11655","1655","SKU-00136","2","219.45","0.0015"
"11656","1656","SKU-00153","1","219.64","0.0018"
"11657","1657","SKU-00170","4","219.83","0.0021"
"11658","1658","SKU-00187","3","220.02","0.0024"
"11659","1659","SKU-00204","2","220.21","0.0002"
"11660","1660","SKU-00221","1","220.40","0.0005"
"11661","1661","SKU-00238","4","220.59","0.0008"
"11662","1662","SKU-00255","3","220.78","0.0011"
"11663","1663","SKU-00272","2","220.97","0.0014"
"11664","1664","SKU-00289","1","221.16","0.0017"
"11665","1665","SKU-00306","4","221.35","0.0020"
"11666","1666","SKU-00323","3","221.54","0.0023"
"11667","1667","SKU-00340","2","221.73","0.0001"
"11668","1668","SKU-00357","1","221.92","0.0004"
"11669","1669","SKU-00374","4","222.11","0.0007"
"11670","1670","SKU-00391","3","222.30","0.0010"
"11671","1671","SKU-00408","2","222.49","0.0013"
"11672","1672","SKU-00425","1","222.68","0.0016"
"11673","1673","SKU-00442","4","222.87","0.0019"
"11674","1674","SKU-00459","3","223.06","0.0022"
"11675","1675","SKU-00476","2","223.25","0.0000"
"11676","1676","SKU-00493","1","223.44","0.0003"
"11677","1677","SKU-00510","4","223.63","0.0006"
"11678","1678","SKU-00527","3","223.82","0.0009"
"11679","1679","SKU-00544","2","224.01","0.0012"
"11680","1680","SKU-00561","1","224.20","0.0015"
"11681","1681","SKU-00578","4","224.39","0.0018"
"11682","1682","SKU-00595","3","224.58","0.0021"
"11683","1683","SKU-00612","2","224.77","0.0024"
"11684","1684","SKU-00629","1","224.96","0.0002"
"11685","1685","SKU-00646","4","225.15","0.0005"
"11686","1686","SKU-00663","3","225.34","0.0008"
"11687","1687","SKU-00680","2","225.53","0.0011"
"11688","1688","SKU-00697","1","225.72","0.0014"
"11689","1689","SKU-00714","4","225.91","0.0017"
"11690","1690","SKU-00731","3","226.10","0.0020"
"11691","1691","SKU-00748","2","226.29","0.0023"
"11692","1692","SKU-00765","1","226.48","0.0001"
"11693","1693","SKU-00782","4","226.67","0.0004"
"11694","1694","SKU-00799","3","226.86","0.0007"
"11695","1695","SKU-00816","2","227.05","0.0010"
"11696","1696","SKU-00833","1","227.24","0.0013"
"11697","1697","SKU-00850","4","227.43","0.0016"
"11698","1698","SKU-00867","3","227.62","0.0019"
"11699","1699","SKU-00884","2","227.81","0.0022"
"11700","1700","SKU-00901","1","228.00","0.0000"
"11701","1701","SKU-00918","4","228.19","0.0003"
"11702","1702","SKU-00935","3","228.38","0.0006"
"11703","1703","SKU-00952","2","228.57","0.0009"
"11704","1704","SKU-00969","1","228.76","0.0012"
"11705","1705","SKU-00986","4","228.95","0.0015"
"11706","1706","SKU-00003","3","229.14","0.0018"
"11707","1707","SKU-00020","2","229.33","0.0021"
"11708","1708","SKU-00037","1","229.52","0.0024"
"11709","1709","SKU-00054","4","229.71","0.0002"
"11710","1710","SKU-00071","3","229.90","0.0005"
"11711","1711","SKU-00088","2","230.09","0.0008"
"11712","1712","SKU-00105","1","230.28","0.0011"
"11713","1713","SKU-00122","4","230.47","0.0014"
"11714","1714","SKU-00139","3","230.66","0.0017"
"11715","1715","SKU-00156","2","230.85","0.0020"
"11716","1716","SKU-00173","1","231.04","0.0023"
"11717","1717","SKU-00190","4","231.23","0.0001"
"11718","1718","SKU-00207","3","231.42","0.0004"
"11719","1719","SKU-00224","2","231.61","0.0007"
"11720","1720","SKU-00241","1","231.80","0.0010"
"11721","1721","SKU-00258","4","231.99","0.0013"
"11722","1722","SKU-00275","3","232.18","0.0016"
"11723","1723","SKU-00292","2","232.37","0.0019"
"11724","1724","SKU-00309","1","232.56","0.0022"
"11725","1725","SKU-00326","4","232.75","0.0000"
"11726","1726","SKU-00343","3","232.94","0.0003"
"11727","1727","SKU-00360","2","233.13","0.0006"
"11728","1728","SKU-00377","1","233.32","0.0009"
"11729","1729","SKU-00394","4","233.51","0.0012"
"11730","1730","SKU-00411","3","233.70","0.0015"
"11731","1731","SKU-00428","2","233.89","0.0018"
"11732","1732","SKU-00445","1","234.08","0.0021"
"11733","1733","SKU-00462","4","234.27","0.0024"
"11734","1734","SKU-00479","3","234.46","0.0002"
"11735","1735","SKU-00496","2","234.65","0.0005"
"11736","1736","SKU-00513","1","234.84","0.0008"
"11737","1737","SKU-00530","4","235.03","0.0011"
"11738","1738","SKU-00547","3","235.22","0.0014"
"11739","1739","SKU-00564","2","235.41","0.0017"
"11740","1740","SKU-00581","1","235.60","0.0020"
"11741","1741","SKU-00598","4","235.79","0.0023"
"11742","1742","SKU-00615","3","235.98","0.0001"
"11743","1743","SKU-00632","2","236.17","0.0004"
"11744","1744","SKU-00649","1","236.36","0.0007"
"11745","1745","SKU-00666","4","236.55","0.0010"
"11746","1746","SKU-00683","3","236.74","0.0013"
"11747","1747","SKU-00700","2","236.93","0.0016"
"11748","1748","SKU-00717","1","237.12","0.0019"
"11749","1749","SKU-00734","4","237.31","0.0022"
"11750","1750","SKU-00751","3","237.50","0.0000"
"11751","1751","SKU-00768","2","237.69","0.0003"
"11752","1752","SKU-00785","1","237.88","0.0006"
"11753","1753","SKU-00802","4","238.07","0.0009"
"11754","1754","SKU-00819","3","238.26","0.0012"
"11755","1755","SKU-00836","2","238.45","0.0015"
"11756","1756","SKU-00853","1","238.64","0.0018"
"11757","1757","SKU-00870","4","238.83","0.0021"
"11758","1758","SKU-00887","3","239.02","0.0024"
"11759","1759","SKU-00904","2","239.21","0.0002"
"11760","1760","SKU-00921","1","239.40","0.0005"
"11761","1761","SKU-00938","4","239.59","0.0008"
"11762","1762","SKU-00955","3","239.78","0.0011"
"11763","1763","SKU-00972","2","239.97","0.0014"
"11764","1764","SKU-00989","1","240.16","0.0017"
"11765","1765","SKU-00006","4","240.35","0.0020"
"11766","1766","SKU-00023","3","240.54","0.0023"
"11767","1767","SKU-00040","2","240.73","0.0001"
"11768","1768","SKU-00057","1","240.92","0.0004"
"11769","1769","SKU-00074","4","241.11","0.0007"
"11770","1770","SKU-00091","3","241.30","0.0010"
"11771","1771","SKU-00108","2","241.49","0.0013"
"11772","1772","SKU-00125","1","241.68","0.0016"
"11773","1773","SKU-00142","4","241.87","0.0019"
"11774","1774","SKU-00159","3","242.06","0.0022"
"11775","1775","SKU-00176","2","242.25","0.0000"
"11776","1776","SKU-00193","1","242.44","0.0003"
"11777","1777","SKU-00210","4","242.63","0.0006"
"11778","1778","SKU-00227","3","242.82","0.0009"
"11779","1779","SKU-00244","2","243.01","0.0012"
"11780","1780","SKU-00261","1","243.20","0.0015"
"11781","1781","SKU-00278","4","243.39","0.0018"
"11782","1782","SKU-00295","3","243.58","0.0021"
"11783","1783","SKU-00312","2","243.77","0.0024"
"11784","1784","SKU-00329","1","243.96","0.0002"
"11785","1785","SKU-00346","4","244.15","0.0005"
"11786","1786","SKU-00363","3","244.34","0.0008"
"11787","1787","SKU-00380","2","244.53","0.0011"
"11788","1788","SKU-00397","1","244.72","0.0014"
"11789","1789","SKU-00414","4","244.91","0.0017"
"11790","1790","SKU-00431","3","245.10","0.0020"
"11791","1791","SKU-00448","2","245.29","0.0023"
"11792","1792","SKU-00465","1","245.48","0.0001"
"11793","1793","SKU-00482","4","245.67","0.0004"
"11794","1794","SKU-00499","3","245.86","0.0007"
"11795","1795","SKU-00516","2","246.05","0.0010"
"11796","1796","SKU-00533","1","246.24","0.0013"
"11797","1797","SKU-00550","4","246.43","0.0016"
"11798","1798","SKU-00567","3","246.62","0.0019"
"11799","1799","SKU-00584","2","246.81","0.0022"
"11800","1800","SKU-00601","1","247.00","0.0000"
"11801","1801","SKU-00618","4","247.19","0.0003"
"11802","1802","SKU-00635","3","247.38","0.0006"
"11803","1803","SKU-00652","2","247.57","0.0009"
"11804","1804","SKU-00669","1","247.76","0.0012"
"11805","1805","SKU-00686","4","247.95","0.0015"
"11806","1806","SKU-00703","3","248.14","0.0018"
"11807","1807","SKU-00720","2","248.33","0.0021"
"11808","1808","SKU-00737","1","248.52","0.0024"
"11809","1809","SKU-00754","4","248.71","0.0002"
"11810","1810","SKU-00771","3","248.90","0.0005"
"11811","1811","SKU-00788","2","249.09","0.0008"
"11812","1812","SKU-00805","1","249.28","0.0011"
"11813","1813","SKU-00822","4","249.47","0.0014"
"11814","1814","SKU-00839","3","249.66","0.0017"
"11815","1815","SKU-00856","2","249.85","0.0020"
"11816","1816","SKU-00873","1","250.04","0.0023"
"11817","1817","SKU-00890","4","250.23","0.0001"
"11818","1818","SKU-00907","3","250.42","0.0004"
"11819","1819","SKU-00924","2","250.61","0.0007"
"11820","1820","SKU-00941","1","250.80","0.0010"
"11821","1821","SKU-00958","4","250.99","0.0013"
"11822","1822","SKU-00975","3","251.18","0.0016"
"11823","1823","SKU-00992","2","251.37","0.0019"
"11824","1824","SKU-00009","1","251.56","0.0022"
"11825","1825","SKU-00026","4","251.75","0.0000"
"11826","1826","SKU-00043","3","251.94","0.0003"
"11827","1827","SKU-00060","2","252.13","0.0006"
"11828","1828","SKU-00077","1","252.32","0.0009"
"11829","1829","SKU-00094","4","252.51","0.0012"
"11830","1830","SKU-00111","3","252.70","0.0015"
"11831","1831","SKU-00128","2","252.89","0.0018"
"11832","1832","SKU-00145","1","253.08","0.0021"
"11833","1833","SKU-00162","4","253.27","0.0024"
"11834","1834","SKU-00179","3","253.46","0.0002"
"11835","1835","SKU-00196","2","253.65","0.0005"
"11836","1836","SKU-00213","1","253.84","0.0008"
"11837","1837","SKU-00230","4","254.03","0.0011"
"11838","1838","SKU-00247","3","254.22","0.0014"
"11839","1839","SKU-00264","2","254.41","0.0017"
"11840","1840","SKU-00281","1","254.60","0.0020"
"11841","1841","SKU-00298","4","254.79","0.0023"
"11842","1842","SKU-00315","3","254.98","0.0001"
"11843","1843","SKU-00332","2","5.17","0.0004"
"11844","1844","SKU-00349","1","5.36","0.0007"
"11845","1845","SKU-00366","4","5.55","0.0010"
"11846","1846","SKU-00383","3","5.74","0.0013"
"11847","1847","SKU-00400","2","5.93","0.0016"
"11848","1848","SKU-00417","1","6.12","0.0019"
"11849","1849","SKU-00434","4","6.31","0.0022"
"11850","1850","SKU-00451","3","6.50","0.0000"
"11851","1851","SKU-00468","2","6.69","0.0003"
"11852","1852","SKU-00485","1","6.88","0.0006"
"11853","1853","SKU-00502","4","7.07","0.0009"
"11854","1854","SKU-00519","3","7.26","0.0012"
"11855","1855","SKU-00536","2","7.45","0.0015"
"11856","1856","SKU-00553","1","7.64","0.0018"
"11857","1857","SKU-00570","4","7.83","0.0021"
"11858","1858","SKU-00587","3","8.02","0.0024"
"11859","1859","SKU-00604","2","8.21","0.0002"
"11860","1860","SKU-00621","1","8.40","0.0005"
"11861","1861","SKU-00638","4","8.59","0.0008"
"11862","1862","SKU-00655","3","8.78","0.0011"
"11863","1863","SKU-00672","2","8.97","0.0014"
"11864","1864","SKU-00689","1","9.16","0.0017"
"11865","1865","SKU-00706","4","9.35","0.0020"
"11866","1866","SKU-00723","3","9.54","0.0023"
"11867","1867","SKU-00740","2","9.73","0.0001"
"11868","1868","SKU-00757","1","9.92","0.0004"
"11869","1869","SKU-00774","4","10.11","0.0007"
"11870","1870","SKU-00791","3","10.30","0.0010"
"11871","1871","SKU-00808","2","10.49","0.0013"
"11872","1872","SKU-00825","1","10.68","0.0016"
"11873","1873","SKU-00842","4","10.87","0.0019"
"11874","1874","SKU-00859","3","11.06","0.0022"
"11875","1875","SKU-00876","2","11.25","0.0000"
"11876","1876","SKU-00893","1","11.44","0.0003"
"11877","1877","SKU-00910","4","11.63","0.0006"
"11878","1878","SKU-00927","3","11.82","0.0009"
"11879","1879","SKU-00944","2","12.01","0.0012"
"11880","1880","SKU-00961","1","12.20","0.0015"
"11881","1881","SKU-00978","4","12.39","0.0018"
"11882","1882","SKU-00995","3","12.58","0.0021"
"11883","1883","SKU-00012","2","12.77","0.0024"
"11884","1884","SKU-00029","1","12.96","0.0002"
"11885","1885","SKU-00046","4","13.15","0.0005"
"11886","1886","SKU-00063","3","13.34","0.0008"
"11887","1887","SKU-00080","2","13.53","0.0011"
"11888","1888","SKU-00097","1","13.72","0.0014"
"11889","1889","SKU-00114","4","13.91","0.0017"
"11890","1890","SKU-00131","3","14.10","0.0020"
"11891","1891","SKU-00148","2","14.29","0.0023"
"11892","1892","SKU-00165","1","14.48","0.0001"
"11893","1893","SKU-00182","4","14.67","0.0004"
"11894","1894","SKU-00199","3","14.86","0.0007"
"11895","1895","SKU-00216","2","15.05","0.0010"
"11896","1896","SKU-00233","1","15.24","0.0013"
"11897","1897","SKU-00250","4","15.43","0.0016"
"11898","1898","SKU-00267","3","15.62","0.0019"
"11899","1899","SKU-00284","2","15.81","0.0022"
"11900","1900","SKU-00301","1","16.00","0.0000"
"11901","1901","SKU-00318","4","16.19","0.0003"
"11902","1902","SKU-00335","3","16.38","0.0006"
"11903","1903","SKU-00352","2","16.57","0.0009"
"11904","1904","SKU-00369","1","16.76","0.0012"
"11905","1905","SKU-00386","4","16.95","0.0015"
"11906","1906","SKU-00403","3","17.14","0.0018"
"11907","1907","SKU-00420","2","17.33","0.0021"
"11908","1908","SKU-00437","1","17.52","0.0024"
"11909","1909","SKU-00454","4","17.71","0.0002"
"11910","1910","SKU-00471","3","17.90","0.0005"
"11911","1911","SKU-00488","2","18.09","0.0008"
"11912","1912","SKU-00505","1","18.28","0.0011"
"11913","1913","SKU-00522","4","18.47","0.0014"
"11914","1914","SKU-00539","3","18.66","0.0017"
"11915","1915","SKU-00556","2","18.85","0.0020"
"11916","1916","SKU-00573","1","19.04","0.0023"
"11917","1917","SKU-00590","4","19.23","0.0001"
"11918","1918","SKU-00607","3","19.42","0.0004"
"11919","1919","SKU-00624","2","19.61","0.0007"
"11920","1920","SKU-00641","1","19.80","0.0010"
"11921","1921","SKU-00658","4","19.99","0.0013"
"11922","1922","SKU-00675","3","20.18","0.0016"
"11923","1923","SKU-00692","2","20.37","0.0019"
"11924","1924","SKU-00709","1","20.56","0.0022"
"11925","1925","SKU-00726","4","20.75","0.0000"
"11926","1926","SKU-00743","3","20.94","0.0003"
"11927","1927","SKU-00760","2","21.13","0.0006"
"11928","1928","SKU-00777","1","21.32","0.0009"
"11929","1929","SKU-00794","4","21.51","0.0012"
"11930","1930","SKU-00811","3","21.70","0.0015"
"11931","1931","SKU-00828","2","21.89","0.0018"
"11932","1932","SKU-00845","1","22.08","0.0021"
"11933","1933","SKU-00862","4","22.27","0.0024"
"11934","1934","SKU-00879","3","22.46","0.0002"
"11935","1935","SKU-00896","2","22.65","0.0005"
"11936","1936","SKU-00913","1","22.84","0.0008"
"11937","1937","SKU-00930","4","23.03","0.0011"
"11938","1938","SKU-00947","3","23.22","0.0014"
"11939","1939","SKU-00964","2","23.41","0.0017"
"11940","1940","SKU-00981","1","23.60","0.0020"
"11941","1941","SKU-00998","4","23.79","0.0023"
"11942","1942","SKU-00015","3","23.98","0.0001"
"11943","1943","SKU-00032","2","24.17","0.0004"
"11944","1944","SKU-00049","1","24.36","0.0007"
"11945","1945","SKU-00066","4","24.55","0.0010"
"11946","1946","SKU-00083","3","24.74","0.0013"
"11947","1947","SKU-00100","2","24.93","0.0016"
"11948","1948","SKU-00117","1","25.12","0.0019"
"11949","1949","SKU-00134","4","25.31","0.0022"
"11950","1950","SKU-00151","3","25.50","0.0000"
"11951","1951","SKU-00168","2","25.69","0.0003"
"11952","1952","SKU-00185","1","25.88","0.0006"
"11953","1953","SKU-00202","4","26.07","0.0009"
"11954","1954","SKU-00219","3","26.26","0.0012"
"11955","1955","SKU-00236","2","26.45","0.0015"
"11956","1956","SKU-00253","1","26.64","0.0018"
"11957","1957","SKU-00270","4","26.83","0.0021"
"11958","1958","SKU-00287","3","27.02","0.0024"
"11959","1959","SKU-00304","2","27.21","0.0002"
"11960","1960","SKU-00321","1","27.40","0.0005"
"11961","1961","SKU-00338","4","27.59","0.0008"
"11962","1962","SKU-00355","3","27.78","0.0011"
"11963","1963","SKU-00372","2","27.97","0.0014"
"11964","1964","SKU-00389","1","28.16","0.0017"
"11965","1965","SKU-00406","4","28.35","0.0020"
"11966","1966","SKU-00423","3","28.54","0.0023"
"11967","1967","SKU-00440","2","28.73","0.0001"
"11968","1968","SKU-00457","1","28.92","0.0004"
"11969","1969","SKU-00474","4","29.11","0.0007"
"11970","1970","SKU-00491","3","29.30","0.0010"
"11971","1971","SKU-00508","2","29.49","0.0013"
"11972","1972","SKU-00525","1","29.68","0.0016"
"11973","1973","SKU-00542","4","29.87","0.0019"
"11974","1974","SKU-00559","3","30.06","0.0022"
"11975","1975","SKU-00576","2","30.25","0.0000"
"11976","1976","SKU-00593","1","30.44","0.0003"
"11977","1977","SKU-00610","4","30.63","0.0006"
"11978","1978","SKU-00627","3","30.82","0.0009"
"11979","1979","SKU-00644","2","31.01","0.0012"
"11980","1980","SKU-00661","1","31.20","0.0015"
"11981","1981","SKU-00678","4","31.39","0.0018"
"11982","1982","SKU-00695","3","31.58","0.0021"
"11983","1983","SKU-00712","2","31.77","0.0024"
"11984","1984","SKU-00729","1","31.96","0.0002"
"11985","1985","SKU-00746","4","32.15","0.0005"
"11986","1986","SKU-00763","3","32.34","0.0008"
"11987","1987","SKU-00780","2","32.53","0.0011"
"11988","1988","SKU-00797","1","32.72","0.0014"
"11989","1989","SKU-00814","4","32.91","0.0017"
"11990","1990","SKU-00831","3","33.10","0.0020"
"11991","1991","SKU-00848","2","33.29","0.0023"
"11992","1992","SKU-00865","1","33.48","0.0001"
"11993","1993","SKU-00882","4","33.67","0.0004"
"11994","1994","SKU-00899","3","33.86","0.0007"
"11995","1995","SKU-00916","2","34.05","0.0010"
"11996","1996","SKU-00933","1","34.24","0.0013"
"11997","1997","SKU-00950","4","34.43","0.0016"
"11998","1998","SKU-00967","3","34.62","0.0019"
"11999","1999","SKU-00984","2","34.81","0.0022"
"12000","2000","SKU-00001","1","35.00","0.0000"
